1321
308.305 306.328 305.41 303.509 301.817 300.059 298.116 296.003 293.824 291.642 289.524 287.533 285.497 283.386 281.114 278.904 276.558 274.137 271.621 268.932 266.312 263.863 261.733 259.631 257.19 254.578 251.224 247.083 242.428 237.548 232.475 226.825 220.987 215.585 210.027 203.385 201.57 
308.305 306.453 305.285 303.259 301.567 299.934 298.054 296.003 293.761 291.579 289.461 287.47 285.497 283.449 281.177 278.841 276.371 274.075 271.559 268.995 266.437 263.863 261.795 259.693 257.253 254.64 251.224 247.02 242.366 237.486 232.475 226.825 220.924 215.522 210.152 203.322 201.57 
308.305 306.515 305.222 303.134 301.38 299.747 297.929 295.941 293.761 291.517 289.399 287.408 285.435 283.386 281.052 278.716 276.246 274.012 271.684 269.12 266.5 263.925 261.795 259.756 257.378 254.703 251.162 246.958 242.303 237.423 232.475 226.825 220.862 215.397 210.214 203.322 201.57 
308.305 306.453 305.285 303.071 301.192 299.497 297.741 295.941 293.886 291.579 289.399 287.345 285.372 283.199 280.989 278.591 276.183 274.075 271.746 269.182 266.562 263.925 261.795 259.818 257.503 254.765 251.224 246.895 242.241 237.423 232.475 226.762 220.799 215.335 210.339 203.26 201.57 
308.242 306.203 305.347 303.071 301.005 299.184 297.491 295.878 293.949 291.704 289.461 287.345 285.31 283.136 280.864 278.529 276.121 274.075 271.809 269.245 266.625 263.925 261.795 259.881 257.628 254.89 251.224 246.895 242.241 237.423 232.475 226.762 220.674 215.272 210.339 203.26 201.57 
308.18 306.078 305.347 303.134 300.942 298.997 297.304 295.753 293.949 291.829 289.586 287.408 285.31 283.136 280.864 278.529 276.121 274.075 271.871 269.245 266.625 263.925 261.858 259.943 257.753 254.953 251.287 246.895 242.241 237.361 232.475 226.762 220.612 215.21 210.402 203.197 201.57 
307.992 306.14 305.347 303.071 300.88 298.934 297.241 295.691 293.949 291.767 289.586 287.47 285.372 283.199 280.927 278.529 276.183 274.137 271.871 269.245 266.625 263.925 261.92 259.943 257.815 255.015 251.349 246.958 242.178 237.361 232.475 226.762 220.549 215.147 210.464 203.197 201.508 
307.805 306.203 305.285 303.071 300.88 298.934 297.304 295.691 293.949 291.767 289.586 287.47 285.372 283.261 281.052 278.654 276.308 274.137 271.871 269.245 266.625 263.988 261.983 260.006 257.878 255.078 251.349 247.02 242.178 237.361 232.475 226.7 220.487 215.022 210.527 203.197 201.508 
307.617 306.203 305.16 302.946 300.817 298.997 297.429 295.753 293.886 291.704 289.524 287.47 285.497 283.386 281.177 278.779 276.433 274.2 271.871 269.245 266.687 264.05 262.045 260.068 257.94 255.14 251.412 247.02 242.241 237.361 232.475 226.7 220.424 214.96 210.527 203.26 201.445 
307.305 306.078 305.035 302.946 300.817 299.122 297.554 295.816 293.824 291.517 289.461 287.47 285.56 283.511 281.302 278.904 276.558 274.262 271.871 269.245 266.687 264.05 262.108 260.131 258.003 255.203 251.474 247.02 242.241 237.361 232.475 226.7 220.362 214.897 210.527 203.322 201.445 
306.992 305.828 304.972 302.884 300.88 299.309 297.679 295.816 293.636 291.329 289.336 287.47 285.622 283.636 281.489 279.091 276.683 274.325 271.809 269.182 266.625 264.05 262.17 260.193 258.003 255.203 251.474 247.083 242.241 237.361 232.412 226.637 220.299 214.835 210.527 203.385 201.383 
306.742 305.515 304.91 302.946 301.005 299.497 297.804 295.816 293.511 291.204 289.274 287.47 285.622 283.699 281.614 279.216 276.746 274.387 271.809 269.182 266.625 264.05 262.17 260.256 258.003 255.265 251.537 247.083 242.241 237.361 232.412 226.637 220.299 214.772 210.527 203.447 201.258 
306.555 305.328 304.847 303.009 301.255 299.622 297.866 295.691 293.386 291.079 289.211 287.408 285.622 283.761 281.739 279.279 276.808 274.387 271.871 269.182 266.625 264.05 262.233 260.256 258.003 255.328 251.537 247.083 242.303 237.298 232.35 226.7 220.299 214.71 210.527 203.51 201.195 
306.43 305.265 304.847 303.196 301.442 299.747 297.866 295.691 293.261 291.079 289.149 287.345 285.622 283.761 281.802 279.341 276.808 274.387 271.871 269.182 266.625 264.05 262.233 260.256 258.003 255.328 251.537 247.145 242.303 237.298 232.35 226.7 220.299 214.647 210.527 203.635 201.195 
306.492 305.14 304.785 303.259 301.63 299.809 297.804 295.628 293.261 291.142 289.149 287.283 285.56 283.761 281.802 279.279 276.808 274.387 271.871 269.245 266.625 263.988 262.233 260.256 257.94 255.265 251.537 247.145 242.303 237.298 232.287 226.7 220.362 214.647 210.527 203.76 201.07 
306.555 305.078 304.722 303.321 301.692 299.809 297.804 295.566 293.261 291.142 289.211 287.283 285.497 283.699 281.739 279.279 276.808 274.45 271.934 269.245 266.625 263.988 262.17 260.256 257.94 255.265 251.537 247.208 242.366 237.298 232.287 226.7 220.362 214.647 210.464 203.822 201.008 
306.68 304.89 304.66 303.321 301.63 299.809 297.679 295.503 293.261 291.204 289.211 287.283 285.497 283.636 281.739 279.279 276.808 274.45 271.934 269.245 266.625 263.988 262.17 260.256 257.94 255.203 251.537 247.208 242.428 237.298 232.225 226.7 220.424 214.647 210.339 203.947 200.945 
306.742 304.828 304.472 303.134 301.505 299.684 297.616 295.503 293.261 291.204 289.211 287.345 285.497 283.636 281.677 279.279 276.746 274.45 271.996 269.307 266.562 263.988 262.108 260.193 257.94 255.14 251.537 247.208 242.491 237.361 232.162 226.7 220.424 214.647 210.277 204.072 200.883 
306.742 304.765 304.285 302.884 301.317 299.559 297.554 295.441 293.261 291.142 289.211 287.283 285.497 283.636 281.677 279.279 276.746 274.45 271.996 269.307 266.562 263.988 262.045 260.193 257.94 255.078 251.474 247.208 242.491 237.298 232.1 226.7 220.487 214.71 210.277 204.197 200.82 
306.68 304.828 304.16 302.571 301.067 299.434 297.429 295.316 293.199 291.079 289.149 287.283 285.497 283.636 281.677 279.341 276.746 274.45 271.996 269.307 266.562 263.988 261.983 260.193 257.94 255.078 251.412 247.27 242.553 237.298 232.1 226.7 220.549 214.71 210.214 204.322 200.82 
306.555 304.89 304.035 302.321 300.817 299.247 297.304 295.316 293.199 291.142 289.149 287.283 285.497 283.699 281.677 279.341 276.746 274.387 271.996 269.307 266.562 263.988 261.983 260.193 257.94 255.015 251.412 247.208 242.553 237.298 232.037 226.637 220.612 214.71 210.152 204.447 200.758 
306.367 304.828 303.91 302.134 300.63 299.122 297.241 295.253 293.136 291.142 289.149 287.345 285.497 283.636 281.677 279.341 276.808 274.387 271.934 269.245 266.562 263.988 261.92 260.193 258.003 255.015 251.349 247.208 242.491 237.236 231.975 226.637 220.612 214.772 210.152 204.572 200.758 
306.242 304.64 303.722 302.009 300.505 298.997 297.116 295.191 293.136 291.204 289.211 287.345 285.56 283.636 281.677 279.341 276.808 274.387 271.871 269.245 266.5 263.988 261.92 260.193 258.003 255.015 251.349 247.208 242.491 237.236 231.912 226.637 220.674 214.835 210.152 204.635 200.758 
306.117 304.328 303.66 301.946 300.38 298.809 297.054 295.128 293.136 291.204 289.336 287.47 285.56 283.636 281.614 279.279 276.808 274.325 271.809 269.182 266.5 263.925 261.92 260.131 258.003 255.015 251.287 247.145 242.491 237.173 231.85 226.637 220.737 214.835 210.214 204.697 200.758 
306.055 304.015 303.597 301.821 300.255 298.684 296.929 295.066 293.136 291.204 289.399 287.533 285.622 283.636 281.614 279.216 276.746 274.325 271.746 269.182 266.5 263.925 261.92 260.131 258.003 255.015 251.287 247.145 242.428 237.173 231.85 226.637 220.737 214.897 210.214 204.76 200.82 
305.93 303.703 303.535 301.759 300.067 298.497 296.741 294.941 293.199 291.267 289.399 287.595 285.685 283.636 281.614 279.216 276.746 274.262 271.684 269.12 266.5 263.988 261.92 260.068 258.003 255.015 251.224 247.083 242.428 237.111 231.787 226.637 220.799 214.96 210.277 204.822 200.82 
305.805 303.64 303.41 301.634 299.817 298.247 296.616 294.941 293.261 291.329 289.461 287.658 285.685 283.699 281.552 279.216 276.683 274.2 271.621 269.057 266.5 263.988 261.92 259.943 258.003 255.015 251.224 247.02 242.428 237.111 231.787 226.637 220.799 215.085 210.339 204.822 200.758 
305.617 303.515 303.285 301.384 299.567 297.997 296.491 295.003 293.386 291.454 289.586 287.72 285.685 283.636 281.552 279.154 276.683 274.137 271.559 269.057 266.5 263.988 261.858 259.881 257.94 255.015 251.224 247.02 242.366 237.111 231.787 226.637 220.862 215.147 210.402 204.822 200.633 
305.367 303.39 303.097 301.196 299.317 297.809 296.429 295.066 293.511 291.579 289.649 287.72 285.747 283.636 281.552 279.154 276.621 274.075 271.496 268.995 266.5 264.05 261.858 259.818 257.878 254.953 251.224 247.02 242.366 237.111 231.787 226.637 220.924 215.272 210.464 204.822 200.57 
305.117 303.265 302.91 301.071 299.192 297.684 296.429 295.253 293.636 291.704 289.711 287.783 285.747 283.699 281.489 279.091 276.558 274.012 271.434 268.932 266.437 264.05 261.858 259.818 257.815 254.953 251.224 246.958 242.366 237.111 231.725 226.637 220.987 215.335 210.527 204.76 200.445 
304.992 303.203 302.722 300.946 299.13 297.684 296.554 295.441 293.824 291.829 289.774 287.783 285.81 283.699 281.552 279.029 276.496 273.95 271.371 268.87 266.437 264.05 261.92 259.756 257.815 254.89 251.162 246.958 242.366 237.048 231.725 226.637 221.049 215.46 210.589 204.697 200.32 
304.867 303.078 302.535 300.821 299.067 297.747 296.741 295.628 293.949 291.892 289.774 287.783 285.81 283.699 281.552 279.029 276.433 273.887 271.246 268.807 266.375 264.05 261.92 259.818 257.753 254.89 251.162 246.958 242.366 237.111 231.725 226.637 221.174 215.585 210.589 204.51 200.258 
304.805 302.89 302.472 300.696 299.067 297.872 296.991 295.816 294.011 291.892 289.836 287.783 285.81 283.761 281.552 279.029 276.371 273.762 271.121 268.682 266.312 264.05 261.92 259.818 257.69 254.828 251.162 246.958 242.366 237.111 231.725 226.7 221.299 215.71 210.589 204.385 200.133 
304.68 302.64 302.347 300.634 299.13 298.059 297.241 295.941 294.074 291.954 289.899 287.845 285.81 283.761 281.552 278.966 276.308 273.7 271.059 268.62 266.312 264.05 261.983 259.881 257.753 254.828 251.099 246.958 242.303 237.111 231.725 226.7 221.424 215.772 210.527 204.197 200.008 
304.617 302.453 302.285 300.634 299.192 298.309 297.491 296.066 294.074 292.017 289.899 287.845 285.872 283.761 281.552 278.966 276.246 273.575 270.934 268.557 266.25 264.113 262.045 259.881 257.753 254.828 251.162 246.895 242.303 237.111 231.725 226.7 221.612 215.897 210.464 204.01 199.883 
304.617 302.453 302.285 300.634 299.38 298.622 297.679 296.128 294.074 292.017 289.961 287.908 285.935 283.761 281.489 278.904 276.246 273.512 270.871 268.495 266.25 264.113 262.108 260.006 257.815 254.828 251.099 246.895 242.303 237.111 231.725 226.762 221.737 215.96 210.464 203.822 199.82 
304.617 302.703 302.41 300.759 299.63 298.872 297.741 296.003 294.074 292.079 290.024 288.033 285.935 283.761 281.489 278.841 276.183 273.45 270.809 268.432 266.25 264.175 262.17 260.068 257.878 254.828 251.099 246.895 242.303 237.111 231.725 226.825 221.924 216.022 210.339 203.635 199.758 
304.742 303.14 302.535 300.884 299.755 298.997 297.679 295.941 294.074 292.204 290.149 288.095 285.997 283.761 281.427 278.779 276.058 273.325 270.746 268.432 266.25 264.175 262.233 260.193 257.878 254.828 251.099 246.895 242.241 237.111 231.725 226.887 222.049 216.085 210.277 203.51 199.695 
308.43 306.64 305.722 303.759 301.88 300.122 298.179 296.066 293.886 291.767 289.711 287.72 285.685 283.511 281.177 278.904 276.496 274.075 271.559 268.87 266.312 263.863 261.733 259.631 257.003 254.515 251.224 247.083 242.491 237.486 232.35 226.762 221.049 215.772 210.027 203.197 201.758 
308.43 306.703 305.535 303.509 301.755 300.059 298.116 296.066 293.824 291.642 289.586 287.595 285.685 283.574 281.239 278.841 276.308 274.012 271.559 268.932 266.375 263.863 261.795 259.693 257.19 254.578 251.224 247.083 242.428 237.423 232.35 226.762 220.987 215.647 210.152 203.197 201.695 
308.367 306.703 305.535 303.384 301.567 299.872 298.054 296.066 293.886 291.642 289.524 287.533 285.56 283.386 281.052 278.654 276.183 273.95 271.621 269.12 266.5 263.863 261.795 259.756 257.253 254.64 251.224 247.02 242.303 237.423 232.412 226.762 220.924 215.585 210.214 203.135 201.695 
308.305 306.515 305.535 303.321 301.38 299.622 297.866 296.066 293.949 291.767 289.586 287.47 285.435 283.261 280.927 278.529 276.058 273.95 271.684 269.182 266.562 263.863 261.733 259.756 257.44 254.765 251.287 247.02 242.303 237.423 232.412 226.7 220.862 215.522 210.277 203.135 201.695 
308.242 306.14 305.535 303.384 301.255 299.309 297.679 296.003 294.074 291.829 289.649 287.47 285.372 283.136 280.802 278.466 275.996 273.95 271.746 269.182 266.562 263.863 261.733 259.818 257.565 254.828 251.349 247.02 242.241 237.423 232.475 226.7 220.737 215.46 210.339 203.072 201.695 
308.117 305.89 305.535 303.384 301.192 299.184 297.491 295.941 294.074 291.892 289.711 287.533 285.372 283.136 280.802 278.404 275.996 274.012 271.809 269.182 266.562 263.863 261.795 259.818 257.69 254.953 251.349 247.02 242.241 237.423 232.475 226.7 220.612 215.335 210.339 203.072 201.695 
307.992 305.953 305.535 303.321 301.13 299.122 297.491 295.941 294.136 291.954 289.774 287.595 285.435 283.199 280.864 278.404 275.996 274.012 271.809 269.182 266.562 263.925 261.858 259.881 257.815 255.015 251.412 247.02 242.241 237.423 232.475 226.7 220.549 215.272 210.464 203.072 201.695 
307.867 306.078 305.41 303.259 301.067 299.122 297.491 295.941 294.199 291.954 289.774 287.595 285.497 283.261 280.927 278.466 276.058 274.012 271.809 269.182 266.625 263.988 261.92 259.943 257.878 255.078 251.412 247.083 242.241 237.423 232.475 226.637 220.487 215.21 210.527 203.072 201.695 
307.617 306.14 305.285 303.134 301.005 299.184 297.616 296.003 294.136 291.892 289.711 287.658 285.56 283.324 281.052 278.591 276.246 274.137 271.809 269.182 266.625 263.988 261.983 260.006 257.94 255.14 251.474 247.083 242.303 237.423 232.475 226.637 220.424 215.147 210.527 203.072 201.633 
307.367 306.015 305.222 303.134 301.005 299.309 297.741 296.066 294.074 291.767 289.711 287.658 285.685 283.449 281.177 278.779 276.433 274.2 271.809 269.182 266.625 264.05 262.045 260.068 258.003 255.203 251.537 247.083 242.303 237.423 232.475 226.637 220.362 215.022 210.527 203.197 201.633 
307.117 305.765 305.097 303.071 301.067 299.434 297.866 296.003 293.886 291.642 289.649 287.658 285.685 283.574 281.364 278.966 276.558 274.2 271.809 269.182 266.625 264.05 262.108 260.131 258.065 255.265 251.537 247.145 242.303 237.423 232.475 226.575 220.299 215.022 210.589 203.197 201.57 
306.867 305.453 304.972 303.071 301.192 299.622 297.929 295.941 293.699 291.517 289.586 287.658 285.747 283.699 281.552 279.091 276.683 274.325 271.809 269.12 266.562 263.988 262.108 260.193 258.065 255.328 251.599 247.145 242.303 237.361 232.412 226.575 220.299 214.96 210.589 203.322 201.445 
306.617 305.14 304.91 303.134 301.38 299.809 297.991 295.878 293.574 291.392 289.461 287.595 285.747 283.761 281.677 279.216 276.746 274.325 271.809 269.12 266.562 263.988 262.108 260.193 258.065 255.39 251.662 247.145 242.366 237.361 232.412 226.637 220.237 214.897 210.589 203.385 201.383 
306.492 305.078 304.847 303.259 301.567 299.872 297.991 295.816 293.449 291.392 289.399 287.595 285.747 283.824 281.739 279.279 276.808 274.387 271.871 269.182 266.562 263.988 262.108 260.193 258.065 255.39 251.662 247.208 242.366 237.298 232.35 226.637 220.299 214.835 210.652 203.51 201.32 
306.492 305.14 304.785 303.321 301.63 299.934 297.929 295.753 293.449 291.392 289.461 287.533 285.685 283.761 281.802 279.279 276.808 274.387 271.871 269.182 266.562 263.925 262.17 260.193 258.003 255.39 251.662 247.208 242.366 237.298 232.35 226.7 220.299 214.835 210.652 203.572 201.258 
306.555 305.078 304.722 303.384 301.755 299.872 297.929 295.753 293.511 291.454 289.461 287.533 285.622 283.761 281.739 279.279 276.808 274.45 271.934 269.245 266.562 263.925 262.108 260.193 257.94 255.328 251.662 247.27 242.366 237.298 232.287 226.7 220.299 214.772 210.589 203.697 201.133 
306.68 304.953 304.597 303.321 301.692 299.872 297.866 295.691 293.511 291.454 289.461 287.47 285.56 283.699 281.677 279.279 276.808 274.45 271.934 269.245 266.562 263.863 262.045 260.193 257.94 255.328 251.662 247.27 242.428 237.298 232.225 226.7 220.362 214.772 210.527 203.822 201.008 
306.742 304.89 304.472 303.134 301.567 299.809 297.804 295.691 293.511 291.517 289.461 287.47 285.56 283.574 281.614 279.216 276.746 274.45 271.996 269.245 266.5 263.925 261.983 260.131 257.94 255.265 251.662 247.333 242.491 237.298 232.225 226.7 220.424 214.772 210.464 203.947 200.945 
306.742 304.953 304.41 302.946 301.38 299.684 297.741 295.628 293.511 291.454 289.461 287.47 285.497 283.511 281.552 279.216 276.746 274.45 271.996 269.245 266.5 263.925 261.92 260.131 257.94 255.14 251.599 247.333 242.491 237.236 232.162 226.7 220.487 214.772 210.464 204.072 200.883 
306.742 305.078 304.285 302.634 301.13 299.497 297.616 295.566 293.449 291.392 289.399 287.47 285.497 283.511 281.489 279.216 276.746 274.45 271.996 269.245 266.5 263.925 261.92 260.131 257.94 255.14 251.599 247.333 242.553 237.236 232.1 226.7 220.487 214.835 210.339 204.26 200.82 
306.617 305.078 304.097 302.384 300.88 299.309 297.491 295.566 293.449 291.392 289.399 287.408 285.435 283.511 281.489 279.216 276.746 274.387 271.996 269.307 266.562 263.925 261.92 260.131 257.94 255.078 251.537 247.27 242.553 237.236 232.037 226.637 220.549 214.835 210.339 204.322 200.82 
306.492 304.953 303.972 302.196 300.63 299.122 297.366 295.503 293.449 291.392 289.399 287.345 285.372 283.449 281.489 279.216 276.746 274.387 271.934 269.245 266.562 263.925 261.858 260.131 257.94 255.078 251.474 247.27 242.553 237.236 231.975 226.637 220.612 214.835 210.277 204.447 200.758 
306.305 304.765 303.785 302.071 300.505 298.934 297.241 295.441 293.449 291.454 289.399 287.345 285.372 283.386 281.427 279.154 276.746 274.325 271.871 269.245 266.5 263.925 261.858 260.131 258.003 255.078 251.474 247.27 242.553 237.236 231.912 226.637 220.674 214.897 210.339 204.572 200.758 
306.18 304.515 303.722 302.009 300.38 298.809 297.116 295.316 293.386 291.392 289.399 287.408 285.435 283.449 281.427 279.154 276.683 274.325 271.809 269.182 266.5 263.863 261.858 260.068 258.003 255.078 251.412 247.208 242.491 237.173 231.85 226.637 220.737 214.96 210.339 204.635 200.758 
306.055 304.265 303.597 301.884 300.255 298.684 296.929 295.191 293.386 291.392 289.461 287.408 285.435 283.449 281.427 279.154 276.683 274.262 271.746 269.182 266.5 263.863 261.858 260.006 258.003 255.078 251.349 247.208 242.491 237.111 231.787 226.637 220.737 214.96 210.339 204.76 200.758 
305.93 304.015 303.535 301.759 300.13 298.497 296.741 295.066 293.386 291.392 289.461 287.47 285.497 283.511 281.489 279.091 276.683 274.2 271.684 269.12 266.5 263.863 261.795 259.943 258.003 255.078 251.349 247.145 242.428 237.111 231.787 226.637 220.799 215.022 210.464 204.822 200.758 
305.805 303.828 303.472 301.634 299.942 298.309 296.616 295.066 293.386 291.454 289.461 287.47 285.497 283.511 281.489 279.091 276.621 274.2 271.621 269.057 266.5 263.863 261.795 259.818 258.003 255.015 251.349 247.083 242.428 237.048 231.725 226.637 220.799 215.147 210.527 204.885 200.758 
305.617 303.703 303.347 301.446 299.692 298.059 296.554 295.128 293.511 291.517 289.524 287.533 285.56 283.511 281.489 279.091 276.558 274.075 271.559 269.057 266.437 263.863 261.733 259.756 257.878 255.015 251.287 247.083 242.366 237.048 231.725 226.637 220.862 215.272 210.589 204.885 200.633 
305.43 303.578 303.16 301.321 299.442 297.872 296.554 295.253 293.636 291.579 289.586 287.595 285.56 283.574 281.427 279.091 276.496 274.012 271.496 268.995 266.437 263.863 261.733 259.693 257.815 255.015 251.287 247.083 242.366 237.048 231.725 226.637 220.924 215.335 210.652 204.885 200.508 
305.242 303.453 303.035 301.134 299.317 297.809 296.616 295.441 293.761 291.704 289.649 287.595 285.622 283.574 281.427 279.029 276.433 273.95 271.371 268.932 266.375 263.925 261.733 259.631 257.753 254.953 251.224 247.02 242.366 237.048 231.725 226.637 220.987 215.46 210.714 204.885 200.383 
305.117 303.265 302.847 301.009 299.255 297.872 296.741 295.628 293.886 291.767 289.711 287.658 285.685 283.574 281.489 278.966 276.433 273.887 271.309 268.807 266.375 263.925 261.733 259.631 257.69 254.953 251.224 246.958 242.366 237.048 231.725 226.637 221.049 215.585 210.777 204.822 200.258 
304.992 303.078 302.722 300.946 299.192 297.934 296.929 295.753 293.949 291.829 289.711 287.658 285.685 283.574 281.489 278.966 276.371 273.825 271.184 268.745 266.312 263.925 261.733 259.631 257.69 254.89 251.224 246.958 242.303 237.048 231.725 226.7 221.112 215.647 210.777 204.697 200.133 
304.93 302.828 302.597 300.884 299.192 298.059 297.116 295.941 294.011 291.829 289.774 287.658 285.747 283.636 281.489 278.966 276.371 273.762 271.121 268.682 266.312 263.925 261.733 259.631 257.628 254.89 251.162 246.958 242.303 237.048 231.725 226.7 221.237 215.772 210.777 204.51 200.008 
304.805 302.578 302.535 300.759 299.255 298.247 297.366 296.066 294.074 291.892 289.774 287.72 285.747 283.699 281.489 278.966 276.246 273.637 271.059 268.62 266.25 263.925 261.795 259.631 257.69 254.828 251.162 246.958 242.366 237.048 231.725 226.7 221.362 215.897 210.714 204.385 199.883 
304.742 302.453 302.472 300.759 299.317 298.497 297.679 296.191 294.074 291.954 289.899 287.783 285.81 283.699 281.489 278.904 276.246 273.575 270.934 268.557 266.187 263.925 261.858 259.693 257.69 254.828 251.162 246.958 242.303 237.048 231.725 226.762 221.549 215.96 210.652 204.197 199.758 
304.68 302.453 302.472 300.759 299.505 298.809 297.866 296.253 294.136 292.079 289.961 287.845 285.872 283.699 281.489 278.904 276.183 273.512 270.871 268.495 266.125 263.988 261.92 259.818 257.753 254.828 251.162 246.958 242.303 237.111 231.725 226.762 221.674 216.022 210.527 204.01 199.695 
304.68 302.578 302.472 300.821 299.755 299.059 297.929 296.191 294.199 292.142 290.086 287.97 285.935 283.761 281.489 278.841 276.121 273.45 270.809 268.432 266.187 264.05 261.983 259.881 257.815 254.89 251.162 246.958 242.303 237.048 231.725 226.825 221.799 216.085 210.464 203.76 199.57 
304.742 302.89 302.597 301.009 299.942 299.184 297.929 296.191 294.199 292.204 290.211 288.095 285.997 283.824 281.489 278.841 276.058 273.387 270.746 268.37 266.187 264.113 262.108 260.006 257.815 254.89 251.162 246.958 242.303 237.048 231.725 226.887 221.987 216.085 210.339 203.572 199.508 
308.43 306.89 305.972 304.009 302.067 300.247 298.241 296.128 293.949 291.829 289.836 287.908 285.872 283.699 281.302 278.841 276.308 273.887 271.434 268.87 266.312 263.863 261.733 259.631 257.003 254.453 251.224 247.208 242.553 237.486 232.225 226.7 221.174 215.897 209.902 203.072 201.945 
308.43 306.89 305.847 303.821 301.88 300.122 298.241 296.128 293.949 291.767 289.711 287.783 285.81 283.636 281.239 278.779 276.183 273.887 271.434 268.932 266.375 263.863 261.733 259.693 257.128 254.515 251.287 247.208 242.491 237.423 232.287 226.7 221.049 215.835 209.964 203.01 201.883 
308.367 306.828 305.785 303.634 301.755 299.934 298.179 296.191 294.011 291.829 289.649 287.72 285.622 283.449 281.052 278.529 275.996 273.762 271.496 269.057 266.5 263.863 261.733 259.756 257.253 254.578 251.287 247.145 242.428 237.423 232.35 226.7 221.049 215.71 210.089 202.947 201.883 
308.305 306.515 305.785 303.634 301.567 299.747 298.054 296.191 294.074 291.892 289.711 287.595 285.435 283.199 280.864 278.404 275.871 273.762 271.559 269.12 266.562 263.863 261.733 259.756 257.378 254.703 251.287 247.083 242.428 237.486 232.412 226.637 220.924 215.647 210.152 202.947 201.883 
308.18 306.14 305.722 303.634 301.442 299.559 297.929 296.191 294.199 291.954 289.774 287.595 285.435 283.136 280.739 278.279 275.808 273.762 271.621 269.12 266.562 263.925 261.795 259.881 257.565 254.828 251.349 247.145 242.366 237.486 232.475 226.637 220.862 215.522 210.152 202.885 201.883 
308.117 305.765 305.722 303.634 301.38 299.434 297.741 296.191 294.261 292.017 289.836 287.595 285.435 283.074 280.739 278.216 275.746 273.762 271.621 269.12 266.562 263.925 261.858 259.881 257.753 254.953 251.412 247.083 242.303 237.423 232.475 226.637 220.737 215.46 210.214 202.947 201.883 
307.93 305.765 305.597 303.571 301.317 299.372 297.741 296.128 294.324 292.142 289.899 287.72 285.435 283.136 280.739 278.216 275.746 273.762 271.621 269.12 266.562 263.925 261.858 259.943 257.815 255.015 251.474 247.083 242.303 237.423 232.475 226.637 220.612 215.397 210.277 202.885 201.945 
307.805 305.953 305.535 303.446 301.317 299.372 297.804 296.253 294.386 292.142 289.961 287.72 285.56 283.199 280.802 278.279 275.808 273.825 271.621 269.12 266.562 263.988 261.92 259.943 257.94 255.14 251.474 247.145 242.366 237.423 232.475 226.575 220.487 215.335 210.402 202.947 201.883 
307.617 306.015 305.41 303.321 301.192 299.497 297.929 296.316 294.386 292.142 289.961 287.783 285.622 283.324 280.927 278.404 275.996 273.95 271.684 269.12 266.562 263.988 261.983 260.006 258.003 255.203 251.537 247.208 242.366 237.423 232.475 226.575 220.424 215.272 210.402 203.01 201.883 
307.43 305.953 305.285 303.196 301.192 299.559 298.054 296.316 294.324 292.079 289.961 287.845 285.685 283.449 280.989 278.591 276.183 274.012 271.684 269.12 266.562 263.988 261.983 260.068 258.065 255.203 251.537 247.208 242.366 237.423 232.475 226.575 220.362 215.147 210.464 203.072 201.82 
307.18 305.703 305.16 303.196 301.255 299.684 298.116 296.253 294.136 292.017 289.961 287.845 285.747 283.574 281.177 278.779 276.308 274.075 271.746 269.12 266.562 263.988 262.045 260.131 258.065 255.328 251.599 247.208 242.366 237.423 232.475 226.512 220.299 215.147 210.527 203.135 201.758 
306.93 305.328 305.035 303.196 301.38 299.809 298.116 296.191 294.011 291.892 289.899 287.908 285.81 283.636 281.364 278.904 276.496 274.2 271.746 269.12 266.5 263.925 262.045 260.131 258.128 255.39 251.662 247.208 242.366 237.423 232.412 226.512 220.237 215.147 210.527 203.26 201.695 
306.742 305.015 304.91 303.259 301.505 299.934 298.116 296.066 293.886 291.767 289.836 287.783 285.81 283.699 281.552 279.091 276.621 274.262 271.809 269.12 266.5 263.925 262.045 260.131 258.128 255.453 251.724 247.208 242.366 237.361 232.412 226.512 220.237 215.085 210.589 203.26 201.508 
306.555 304.89 304.847 303.321 301.63 299.997 298.116 296.003 293.761 291.704 289.774 287.783 285.81 283.761 281.614 279.154 276.683 274.325 271.809 269.12 266.5 263.925 262.045 260.131 258.065 255.453 251.724 247.27 242.366 237.361 232.35 226.575 220.237 215.085 210.652 203.385 201.445 
306.492 304.953 304.785 303.384 301.692 299.997 298.116 295.941 293.699 291.767 289.774 287.72 285.747 283.761 281.677 279.216 276.746 274.387 271.871 269.182 266.5 263.863 262.045 260.131 258.065 255.453 251.724 247.333 242.366 237.298 232.35 226.637 220.299 215.022 210.652 203.51 201.32 
306.555 304.89 304.722 303.384 301.755 300.059 298.116 295.941 293.761 291.767 289.774 287.72 285.685 283.699 281.677 279.279 276.808 274.45 271.934 269.182 266.5 263.8 261.983 260.131 258.003 255.453 251.724 247.333 242.428 237.298 232.287 226.637 220.299 215.022 210.652 203.572 201.258 
306.617 304.828 304.597 303.321 301.755 299.997 298.054 295.941 293.761 291.767 289.774 287.658 285.622 283.636 281.614 279.279 276.808 274.45 271.934 269.182 266.5 263.738 261.92 260.131 257.94 255.39 251.787 247.333 242.428 237.298 232.287 226.637 220.299 214.96 210.589 203.697 201.133 
306.68 304.765 304.472 303.196 301.63 299.934 298.054 295.941 293.824 291.829 289.774 287.658 285.56 283.511 281.552 279.216 276.808 274.45 271.996 269.245 266.437 263.738 261.92 260.068 257.94 255.328 251.787 247.395 242.491 237.298 232.225 226.637 220.362 214.96 210.589 203.822 201.008 
306.742 304.953 304.41 303.009 301.442 299.809 297.991 295.941 293.761 291.767 289.711 287.595 285.435 283.386 281.427 279.154 276.808 274.45 271.996 269.245 266.437 263.8 261.858 260.068 257.94 255.265 251.724 247.395 242.491 237.236 232.162 226.637 220.362 214.96 210.527 203.947 200.945 
306.742 305.078 304.285 302.759 301.192 299.622 297.804 295.816 293.761 291.704 289.649 287.533 285.372 283.324 281.364 279.154 276.746 274.45 271.996 269.245 266.437 263.738 261.795 260.068 257.94 255.265 251.724 247.395 242.553 237.236 232.1 226.637 220.424 214.96 210.464 204.135 200.883 
306.68 305.14 304.16 302.509 300.942 299.434 297.741 295.816 293.761 291.704 289.586 287.408 285.31 283.261 281.302 279.091 276.746 274.45 271.996 269.245 266.5 263.8 261.795 260.068 257.94 255.203 251.662 247.395 242.553 237.236 232.037 226.637 220.549 214.96 210.527 204.197 200.82 
306.492 305.078 304.035 302.259 300.692 299.247 297.554 295.753 293.761 291.704 289.524 287.345 285.31 283.199 281.239 279.091 276.683 274.387 271.934 269.245 266.5 263.8 261.795 260.068 257.94 255.14 251.599 247.395 242.553 237.173 231.975 226.637 220.612 214.96 210.464 204.322 200.82 
306.367 304.89 303.91 302.134 300.505 298.997 297.366 295.628 293.699 291.642 289.524 287.345 285.247 283.199 281.239 279.029 276.683 274.325 271.871 269.245 266.5 263.8 261.733 260.068 257.94 255.14 251.537 247.333 242.553 237.173 231.912 226.637 220.674 215.022 210.402 204.51 200.758 
306.18 304.703 303.785 302.009 300.317 298.809 297.179 295.503 293.699 291.642 289.524 287.345 285.247 283.199 281.239 279.029 276.683 274.325 271.809 269.182 266.437 263.8 261.733 260.006 257.94 255.078 251.474 247.333 242.553 237.173 231.85 226.637 220.737 215.022 210.464 204.572 200.758 
306.055 304.515 303.66 301.946 300.255 298.622 296.991 295.378 293.574 291.579 289.461 287.345 285.247 283.199 281.302 279.029 276.621 274.262 271.809 269.182 266.437 263.8 261.67 259.881 257.94 255.078 251.474 247.27 242.491 237.111 231.787 226.637 220.737 215.085 210.527 204.697 200.758 
305.93 304.328 303.535 301.884 300.13 298.434 296.804 295.253 293.511 291.579 289.461 287.283 285.247 283.261 281.302 279.029 276.621 274.2 271.746 269.12 266.437 263.738 261.608 259.818 257.94 255.078 251.412 247.208 242.491 237.048 231.725 226.637 220.799 215.21 210.589 204.822 200.758 
305.805 304.14 303.41 301.696 299.88 298.247 296.616 295.191 293.574 291.579 289.461 287.345 285.31 283.324 281.302 279.029 276.621 274.137 271.621 269.057 266.437 263.738 261.608 259.756 257.878 255.078 251.412 247.208 242.491 237.048 231.725 226.637 220.862 215.272 210.652 204.885 200.695 
305.68 303.953 303.285 301.571 299.692 298.122 296.554 295.253 293.636 291.642 289.461 287.345 285.31 283.324 281.364 279.029 276.558 274.075 271.559 268.995 266.437 263.8 261.545 259.568 257.815 255.015 251.349 247.145 242.428 236.986 231.662 226.637 220.862 215.397 210.714 204.947 200.57 
305.492 303.828 303.16 301.384 299.567 297.934 296.616 295.378 293.761 291.704 289.524 287.408 285.372 283.386 281.302 279.029 276.496 274.012 271.496 268.995 266.375 263.738 261.483 259.568 257.753 255.015 251.349 247.145 242.366 236.986 231.662 226.637 220.924 215.46 210.839 204.947 200.445 
305.305 303.64 303.035 301.196 299.442 297.934 296.679 295.566 293.886 291.767 289.524 287.408 285.435 283.386 281.302 278.966 276.433 273.95 271.371 268.932 266.312 263.738 261.483 259.443 257.69 254.953 251.287 247.083 242.366 236.986 231.662 226.637 220.987 215.647 210.902 204.947 200.32 
305.18 303.453 302.91 301.134 299.38 297.934 296.866 295.753 293.949 291.829 289.586 287.47 285.435 283.386 281.364 278.904 276.371 273.887 271.309 268.87 266.312 263.738 261.483 259.506 257.628 254.89 251.287 247.02 242.366 236.986 231.662 226.7 221.049 215.71 210.902 204.885 200.133 
305.117 303.265 302.785 301.071 299.317 297.997 296.991 295.878 294.074 291.829 289.649 287.47 285.497 283.449 281.302 278.904 276.308 273.825 271.246 268.807 266.25 263.738 261.483 259.443 257.565 254.89 251.287 247.02 242.366 236.986 231.725 226.7 221.112 215.835 210.902 204.822 200.008 
304.992 303.015 302.722 301.009 299.317 298.122 297.179 295.941 294.074 291.892 289.711 287.533 285.56 283.511 281.364 278.904 276.308 273.762 271.184 268.682 266.25 263.738 261.545 259.443 257.565 254.828 251.224 247.02 242.303 236.986 231.725 226.762 221.174 215.897 210.902 204.697 199.82 
304.992 302.828 302.66 300.884 299.38 298.309 297.429 296.066 294.136 291.954 289.774 287.595 285.622 283.511 281.427 278.904 276.246 273.637 271.059 268.62 266.187 263.738 261.545 259.443 257.565 254.828 251.224 247.02 242.366 236.986 231.725 226.762 221.299 215.96 210.839 204.51 199.695 
304.867 302.765 302.597 300.884 299.442 298.622 297.741 296.191 294.136 292.017 289.836 287.658 285.685 283.574 281.427 278.904 276.183 273.575 270.996 268.557 266.187 263.8 261.608 259.506 257.565 254.828 251.224 247.02 242.366 237.048 231.787 226.762 221.424 216.022 210.777 204.322 199.57 
304.742 302.703 302.535 300.884 299.63 298.934 297.991 296.253 294.199 292.079 289.899 287.783 285.747 283.636 281.427 278.841 276.121 273.512 270.934 268.495 266.125 263.863 261.67 259.568 257.628 254.828 251.224 247.02 242.366 237.048 231.787 226.825 221.612 216.085 210.652 204.135 199.445 
304.742 302.765 302.597 300.946 299.817 299.247 298.116 296.253 294.261 292.204 290.024 287.908 285.81 283.699 281.427 278.841 276.121 273.512 270.871 268.495 266.125 263.925 261.795 259.631 257.69 254.89 251.224 247.02 242.366 237.048 231.787 226.825 221.737 216.085 210.527 203.947 199.383 
304.805 302.953 302.66 301.071 300.005 299.372 298.116 296.253 294.324 292.267 290.211 288.033 285.935 283.761 281.427 278.779 276.058 273.45 270.809 268.432 266.125 263.988 261.858 259.756 257.753 254.89 251.224 247.02 242.366 237.048 231.787 226.825 221.862 216.147 210.402 203.76 199.258 
308.492 307.015 306.222 304.321 302.255 300.309 298.304 296.253 294.074 291.954 289.961 288.033 285.997 283.761 281.302 278.779 276.121 273.7 271.184 268.807 266.375 263.863 261.733 259.568 256.94 254.39 251.224 247.27 242.616 237.486 232.225 226.7 221.174 215.897 209.714 202.947 202.258 
308.367 306.953 306.035 304.071 302.067 300.184 298.304 296.253 294.074 291.892 289.836 287.908 285.872 283.636 281.177 278.591 275.996 273.637 271.184 268.87 266.437 263.925 261.795 259.693 257.065 254.453 251.287 247.27 242.553 237.486 232.225 226.637 221.112 215.897 209.777 202.822 202.195 
308.305 306.828 305.972 303.946 301.942 300.122 298.304 296.316 294.136 291.954 289.836 287.845 285.685 283.386 280.989 278.404 275.808 273.575 271.309 268.932 266.5 263.925 261.795 259.756 257.19 254.578 251.287 247.208 242.491 237.486 232.287 226.637 221.112 215.835 209.839 202.822 202.133 
308.242 306.515 305.91 303.884 301.755 299.934 298.304 296.378 294.261 292.017 289.836 287.72 285.497 283.199 280.802 278.279 275.683 273.512 271.309 268.995 266.562 263.925 261.858 259.881 257.378 254.703 251.349 247.208 242.491 237.486 232.35 226.575 221.049 215.71 209.902 202.76 202.133 
308.117 306.078 305.847 303.821 301.692 299.809 298.179 296.441 294.324 292.079 289.899 287.72 285.435 283.074 280.677 278.154 275.558 273.45 271.309 268.995 266.562 263.988 261.858 259.943 257.565 254.828 251.349 247.208 242.428 237.486 232.412 226.575 220.924 215.647 209.902 202.76 202.133 
307.992 305.703 305.785 303.759 301.567 299.747 298.116 296.441 294.449 292.204 290.024 287.72 285.435 283.011 280.614 278.029 275.496 273.512 271.371 269.057 266.562 263.988 261.92 259.943 257.753 254.953 251.474 247.208 242.428 237.486 232.475 226.575 220.799 215.522 210.027 202.822 202.133 
307.93 305.578 305.66 303.634 301.505 299.684 298.116 296.503 294.511 292.329 290.086 287.845 285.497 283.074 280.614 278.029 275.496 273.512 271.434 268.995 266.562 263.988 261.983 260.006 257.878 255.078 251.474 247.208 242.428 237.486 232.412 226.512 220.612 215.46 210.027 202.822 202.133 
307.805 305.703 305.597 303.509 301.442 299.684 298.179 296.566 294.636 292.392 290.149 287.845 285.56 283.136 280.677 278.091 275.558 273.575 271.434 268.995 266.562 263.988 261.983 260.006 258.003 255.14 251.537 247.27 242.428 237.486 232.475 226.512 220.487 215.397 210.152 202.822 202.133 
307.617 305.828 305.472 303.384 301.38 299.747 298.304 296.691 294.636 292.454 290.149 287.908 285.622 283.199 280.739 278.154 275.683 273.637 271.496 269.057 266.5 263.988 261.983 260.068 258.065 255.203 251.599 247.27 242.366 237.486 232.475 226.512 220.424 215.335 210.214 202.885 202.133 
307.43 305.828 305.347 303.321 301.442 299.809 298.366 296.628 294.574 292.392 290.211 287.97 285.747 283.324 280.802 278.341 275.871 273.825 271.559 269.057 266.5 263.925 261.983 260.068 258.128 255.265 251.599 247.27 242.428 237.423 232.475 226.45 220.362 215.272 210.277 203.01 202.008 
307.242 305.578 305.222 303.259 301.442 299.934 298.429 296.566 294.511 292.392 290.211 288.033 285.81 283.449 280.927 278.529 276.058 273.95 271.621 269.057 266.5 263.925 261.983 260.131 258.128 255.328 251.662 247.27 242.428 237.423 232.475 226.45 220.299 215.272 210.339 203.072 201.945 
306.992 305.265 305.097 303.259 301.505 300.059 298.366 296.503 294.386 292.329 290.211 288.033 285.81 283.511 281.114 278.654 276.308 274.075 271.684 269.057 266.5 263.925 261.983 260.068 258.128 255.39 251.724 247.27 242.366 237.423 232.412 226.45 220.299 215.272 210.402 203.135 201.82 
306.805 304.953 304.972 303.259 301.63 300.122 298.366 296.378 294.261 292.267 290.149 287.97 285.81 283.574 281.302 278.904 276.433 274.2 271.746 269.12 266.5 263.863 261.983 260.068 258.128 255.453 251.724 247.27 242.428 237.361 232.412 226.45 220.299 215.272 210.464 203.197 201.695 
306.617 304.765 304.91 303.321 301.755 300.184 298.366 296.316 294.136 292.204 290.086 287.97 285.747 283.636 281.427 279.029 276.558 274.262 271.809 269.12 266.437 263.863 261.92 260.068 258.128 255.515 251.787 247.333 242.428 237.361 232.35 226.512 220.299 215.272 210.527 203.322 201.57 
306.492 304.765 304.847 303.384 301.755 300.247 298.366 296.191 294.136 292.142 290.024 287.908 285.747 283.636 281.552 279.154 276.683 274.325 271.871 269.12 266.437 263.8 261.92 260.068 258.065 255.515 251.787 247.333 242.428 237.298 232.35 226.512 220.299 215.272 210.589 203.385 201.445 
306.492 304.703 304.722 303.384 301.755 300.247 298.366 296.191 294.136 292.142 290.024 287.845 285.685 283.636 281.552 279.216 276.746 274.387 271.871 269.12 266.437 263.738 261.92 260.068 258.003 255.515 251.849 247.395 242.428 237.298 232.287 226.575 220.299 215.272 210.589 203.51 201.32 
306.555 304.578 304.66 303.321 301.755 300.184 298.304 296.191 294.136 292.142 290.024 287.783 285.622 283.511 281.489 279.216 276.808 274.45 271.934 269.182 266.375 263.613 261.795 260.068 258.003 255.453 251.849 247.395 242.428 237.236 232.287 226.575 220.299 215.147 210.589 203.572 201.195 
306.617 304.515 304.535 303.196 301.692 300.122 298.304 296.191 294.136 292.142 289.961 287.72 285.497 283.449 281.427 279.154 276.808 274.45 271.996 269.12 266.375 263.613 261.795 260.006 258.003 255.453 251.849 247.458 242.491 237.236 232.225 226.575 220.362 215.147 210.652 203.697 201.133 
306.742 304.64 304.472 303.071 301.567 299.997 298.241 296.191 294.074 292.079 289.899 287.658 285.372 283.324 281.364 279.091 276.808 274.512 271.996 269.182 266.375 263.613 261.733 260.006 258.003 255.39 251.849 247.458 242.491 237.236 232.162 226.575 220.362 215.147 210.589 203.822 201.008 
306.742 304.89 304.41 302.821 301.317 299.809 298.116 296.066 294.074 291.954 289.836 287.533 285.247 283.199 281.239 279.029 276.808 274.512 272.059 269.182 266.312 263.613 261.67 260.006 258.003 255.39 251.849 247.458 242.553 237.173 232.1 226.637 220.424 215.085 210.589 203.885 200.945 
306.68 305.078 304.347 302.571 301.005 299.559 297.929 296.066 294.074 291.954 289.774 287.408 285.185 283.074 281.114 279.029 276.746 274.45 271.996 269.245 266.375 263.613 261.67 260.006 257.94 255.265 251.724 247.458 242.553 237.173 232.037 226.637 220.487 215.147 210.589 204.072 200.883 
306.617 305.078 304.222 302.321 300.755 299.309 297.741 296.003 294.011 291.892 289.711 287.345 285.185 283.011 281.052 278.966 276.746 274.387 271.996 269.245 266.437 263.675 261.67 260.006 257.94 255.203 251.662 247.458 242.553 237.173 231.975 226.637 220.549 215.085 210.589 204.197 200.82 
306.43 304.953 304.035 302.259 300.505 299.059 297.491 295.878 293.949 291.892 289.649 287.345 285.122 283.011 281.052 278.904 276.683 274.387 271.934 269.245 266.437 263.675 261.608 259.943 257.94 255.203 251.662 247.395 242.553 237.111 231.912 226.637 220.612 215.147 210.527 204.322 200.82 
306.242 304.828 303.91 302.134 300.317 298.809 297.241 295.691 293.886 291.829 289.586 287.283 285.122 283.011 281.052 278.904 276.683 274.387 271.934 269.182 266.437 263.675 261.608 259.881 257.94 255.203 251.599 247.395 242.553 237.111 231.787 226.575 220.674 215.147 210.589 204.447 200.82 
306.117 304.64 303.722 302.009 300.192 298.559 296.929 295.441 293.761 291.704 289.524 287.22 285.122 283.074 281.114 278.966 276.683 274.325 271.871 269.182 266.375 263.675 261.545 259.818 257.878 255.14 251.537 247.333 242.553 237.111 231.787 226.637 220.737 215.272 210.652 204.635 200.758 
305.992 304.515 303.597 301.884 300.067 298.372 296.741 295.316 293.699 291.704 289.461 287.158 285.06 283.074 281.177 278.966 276.621 274.262 271.809 269.12 266.375 263.613 261.483 259.693 257.815 255.078 251.537 247.27 242.491 237.048 231.662 226.637 220.799 215.335 210.714 204.76 200.695 
305.805 304.328 303.472 301.759 299.942 298.247 296.616 295.253 293.699 291.642 289.461 287.158 285.122 283.074 281.177 278.966 276.621 274.2 271.684 269.12 266.375 263.613 261.42 259.568 257.753 255.015 251.474 247.27 242.491 236.986 231.662 226.637 220.862 215.46 210.839 204.885 200.633 
305.742 304.14 303.285 301.571 299.755 298.122 296.616 295.316 293.761 291.704 289.461 287.158 285.06 283.074 281.239 278.966 276.558 274.137 271.621 269.057 266.375 263.675 261.358 259.443 257.69 255.015 251.412 247.208 242.428 236.986 231.662 226.637 220.924 215.585 210.902 204.947 200.508 
305.555 304.015 303.097 301.509 299.63 297.997 296.679 295.441 293.824 291.704 289.461 287.158 285.122 283.136 281.177 278.966 276.496 274.012 271.559 268.995 266.312 263.613 261.295 259.381 257.628 254.953 251.349 247.208 242.428 236.986 231.662 226.637 220.987 215.647 210.902 205.01 200.32 
305.367 303.89 302.972 301.321 299.567 297.997 296.741 295.628 293.886 291.767 289.524 287.22 285.185 283.136 281.177 278.904 276.433 274.012 271.496 268.932 266.25 263.55 261.233 259.256 257.565 254.89 251.349 247.145 242.366 236.986 231.662 226.7 221.049 215.772 211.027 205.01 200.195 
305.242 303.64 302.91 301.259 299.505 298.059 296.929 295.816 294.011 291.892 289.586 287.283 285.185 283.136 281.177 278.841 276.371 273.95 271.371 268.87 266.25 263.55 261.233 259.318 257.565 254.89 251.349 247.083 242.366 236.923 231.662 226.762 221.112 215.897 211.027 205.01 200.008 
305.18 303.515 302.785 301.196 299.505 298.122 297.054 295.878 294.136 291.892 289.649 287.283 285.247 283.199 281.177 278.841 276.308 273.887 271.309 268.807 266.187 263.55 261.295 259.256 257.44 254.828 251.287 247.083 242.366 236.923 231.662 226.762 221.174 215.96 211.027 204.885 199.82 
305.18 303.328 302.722 301.071 299.505 298.184 297.179 296.003 294.199 291.954 289.711 287.408 285.372 283.324 281.239 278.841 276.246 273.762 271.246 268.745 266.187 263.55 261.295 259.256 257.44 254.828 251.287 247.083 242.366 236.986 231.725 226.762 221.237 216.022 211.027 204.76 199.633 
305.117 303.203 302.722 301.071 299.505 298.372 297.429 296.066 294.199 292.017 289.774 287.47 285.435 283.324 281.302 278.841 276.246 273.7 271.184 268.682 266.187 263.55 261.295 259.256 257.44 254.828 251.287 247.083 242.366 236.986 231.787 226.762 221.299 216.022 210.902 204.635 199.445 
304.992 303.14 302.66 301.009 299.63 298.747 297.741 296.191 294.199 292.079 289.836 287.595 285.497 283.449 281.302 278.841 276.183 273.7 271.121 268.682 266.187 263.613 261.295 259.256 257.44 254.828 251.287 247.083 242.366 236.986 231.787 226.762 221.424 216.085 210.839 204.447 199.32 
304.93 303.14 302.66 301.009 299.755 299.059 297.929 296.191 294.261 292.142 289.899 287.658 285.622 283.511 281.302 278.779 276.183 273.637 271.121 268.62 266.187 263.738 261.42 259.256 257.44 254.828 251.287 247.083 242.366 237.048 231.85 226.825 221.487 216.085 210.714 204.26 199.258 
304.867 303.078 302.66 301.071 299.942 299.309 298.116 296.253 294.324 292.267 290.086 287.783 285.747 283.574 281.364 278.779 276.121 273.637 271.059 268.62 266.187 263.738 261.545 259.318 257.503 254.828 251.287 247.083 242.366 237.048 231.85 226.825 221.612 216.147 210.589 204.072 199.133 
304.867 303.078 302.722 301.196 300.192 299.497 298.116 296.253 294.386 292.329 290.211 287.97 285.935 283.699 281.427 278.779 276.121 273.575 270.996 268.62 266.25 263.863 261.608 259.443 257.628 254.89 251.287 247.083 242.366 237.048 231.85 226.825 221.737 216.147 210.464 203.822 199.008 
308.43 307.015 306.347 304.509 302.442 300.372 298.429 296.378 294.199 292.079 290.086 288.158 285.997 283.699 281.177 278.654 275.996 273.512 270.996 268.745 266.375 263.925 261.67 259.506 256.878 254.265 251.224 247.333 242.678 237.548 232.225 226.7 221.237 215.772 209.402 202.947 202.57 
308.367 306.828 306.16 304.321 302.255 300.309 298.429 296.378 294.199 292.079 290.024 288.095 285.935 283.574 281.052 278.466 275.808 273.387 270.996 268.807 266.437 263.988 261.795 259.693 257.003 254.39 251.287 247.333 242.678 237.548 232.225 226.575 221.174 215.835 209.527 202.822 202.508 
308.242 306.703 306.035 304.196 302.067 300.247 298.491 296.441 294.261 292.142 289.961 287.908 285.747 283.386 280.802 278.216 275.621 273.262 270.996 268.807 266.5 263.988 261.858 259.881 257.19 254.515 251.287 247.27 242.616 237.486 232.225 226.575 221.112 215.835 209.589 202.697 202.508 
308.18 306.515 305.91 304.071 301.942 300.184 298.491 296.566 294.386 292.204 290.024 287.845 285.56 283.136 280.677 278.091 275.433 273.2 270.996 268.87 266.562 264.05 261.92 259.943 257.378 254.64 251.349 247.27 242.553 237.486 232.287 226.575 221.049 215.772 209.589 202.635 202.508 
308.055 306.14 305.847 303.946 301.88 300.122 298.491 296.628 294.511 292.329 290.086 287.783 285.435 283.011 280.552 277.904 275.246 273.2 271.059 268.87 266.562 264.05 261.983 260.068 257.628 254.765 251.349 247.27 242.553 237.486 232.35 226.512 220.987 215.647 209.652 202.635 202.508 
307.93 305.765 305.785 303.821 301.755 300.059 298.491 296.691 294.636 292.454 290.211 287.845 285.435 282.949 280.489 277.841 275.183 273.2 271.059 268.87 266.625 264.05 262.045 260.068 257.815 254.89 251.412 247.27 242.553 237.486 232.35 226.512 220.862 215.522 209.714 202.697 202.445 
307.805 305.515 305.66 303.696 301.692 299.997 298.554 296.816 294.761 292.579 290.274 287.908 285.497 283.011 280.489 277.841 275.183 273.2 271.121 268.932 266.625 264.113 262.108 260.131 257.94 255.015 251.474 247.27 242.491 237.486 232.35 226.45 220.674 215.46 209.777 202.697 202.445 
307.68 305.515 305.535 303.571 301.567 300.059 298.616 296.878 294.824 292.642 290.336 287.97 285.56 283.074 280.489 277.841 275.246 273.325 271.246 268.995 266.562 264.05 262.108 260.131 258.065 255.14 251.537 247.27 242.428 237.423 232.35 226.45 220.549 215.397 209.839 202.822 202.383 
307.617 305.578 305.472 303.446 301.567 300.059 298.679 296.941 294.886 292.704 290.399 288.033 285.622 283.074 280.489 277.904 275.371 273.45 271.309 268.995 266.562 263.988 262.045 260.131 258.128 255.265 251.599 247.27 242.428 237.423 232.412 226.387 220.487 215.397 209.964 202.885 202.383 
307.43 305.64 305.347 303.321 301.567 300.184 298.679 296.941 294.886 292.704 290.461 288.095 285.685 283.199 280.614 278.029 275.558 273.637 271.434 269.057 266.5 263.988 261.983 260.131 258.19 255.328 251.662 247.27 242.428 237.423 232.412 226.387 220.362 215.335 210.027 202.947 202.258 
307.242 305.453 305.222 303.259 301.63 300.247 298.741 296.941 294.886 292.704 290.461 288.095 285.747 283.261 280.677 278.216 275.808 273.762 271.621 269.057 266.5 263.925 261.983 260.131 258.19 255.328 251.662 247.27 242.428 237.423 232.412 226.325 220.362 215.397 210.152 203.072 202.133 
306.992 305.14 305.097 303.259 301.692 300.309 298.741 296.878 294.761 292.704 290.461 288.095 285.747 283.324 280.802 278.404 276.058 273.95 271.684 269.057 266.5 263.925 261.983 260.068 258.128 255.39 251.724 247.27 242.428 237.361 232.35 226.325 220.362 215.397 210.277 203.135 201.945 
306.867 304.89 304.972 303.259 301.755 300.372 298.679 296.753 294.699 292.704 290.399 288.033 285.747 283.386 280.989 278.591 276.246 274.075 271.746 269.12 266.437 263.863 261.92 260.006 258.128 255.453 251.724 247.333 242.428 237.361 232.35 226.325 220.362 215.46 210.339 203.197 201.82 
306.68 304.703 304.91 303.321 301.817 300.434 298.616 296.691 294.636 292.642 290.399 288.033 285.685 283.449 281.177 278.841 276.433 274.2 271.809 269.12 266.437 263.738 261.858 260.006 258.065 255.515 251.787 247.333 242.428 237.298 232.287 226.387 220.362 215.46 210.402 203.26 201.695 
306.555 304.578 304.847 303.321 301.88 300.497 298.616 296.628 294.574 292.517 290.274 287.97 285.685 283.511 281.302 278.966 276.558 274.325 271.809 269.12 266.375 263.675 261.795 260.006 258.065 255.515 251.849 247.333 242.428 237.298 232.287 226.45 220.362 215.46 210.527 203.322 201.508 
306.492 304.453 304.722 303.321 301.88 300.497 298.616 296.503 294.511 292.517 290.211 287.908 285.622 283.511 281.364 279.029 276.683 274.387 271.871 269.12 266.312 263.613 261.795 260.006 258.003 255.515 251.849 247.395 242.428 237.236 232.225 226.45 220.362 215.46 210.527 203.385 201.445 
306.492 304.328 304.66 303.321 301.88 300.497 298.616 296.503 294.511 292.454 290.211 287.845 285.56 283.386 281.364 279.091 276.746 274.45 271.934 269.12 266.312 263.55 261.733 259.943 258.003 255.515 251.912 247.395 242.428 237.236 232.225 226.45 220.424 215.397 210.527 203.447 201.32 
306.555 304.203 304.597 303.196 301.817 300.434 298.554 296.441 294.449 292.392 290.149 287.72 285.435 283.324 281.302 279.091 276.808 274.45 271.934 269.12 266.25 263.488 261.67 259.943 258.003 255.515 251.912 247.458 242.428 237.236 232.162 226.512 220.424 215.397 210.589 203.572 201.195 
306.617 304.265 304.535 303.134 301.63 300.247 298.491 296.378 294.386 292.267 290.024 287.658 285.372 283.261 281.239 279.091 276.808 274.512 271.996 269.12 266.25 263.488 261.608 259.943 258.003 255.453 251.912 247.458 242.491 237.173 232.162 226.512 220.424 215.335 210.589 203.635 201.133 
306.68 304.578 304.472 302.884 301.442 299.997 298.304 296.316 294.324 292.204 289.961 287.533 285.247 283.136 281.114 278.966 276.808 274.512 272.059 269.12 266.25 263.488 261.545 259.943 258.003 255.453 251.912 247.52 242.491 237.173 232.1 226.575 220.424 215.335 210.652 203.76 201.07 
306.68 304.89 304.472 302.696 301.13 299.684 298.116 296.253 294.261 292.142 289.836 287.408 285.122 282.949 280.989 278.904 276.746 274.512 272.059 269.182 266.25 263.488 261.545 259.943 258.003 255.39 251.849 247.52 242.491 237.111 232.037 226.575 220.487 215.272 210.652 203.885 201.008 
306.68 305.015 304.347 302.446 300.817 299.372 297.866 296.128 294.199 292.079 289.774 287.345 285.06 282.886 280.927 278.841 276.746 274.45 272.059 269.182 266.312 263.488 261.545 259.943 257.94 255.328 251.787 247.52 242.491 237.111 231.912 226.575 220.549 215.272 210.652 204.01 200.945 
306.555 305.015 304.222 302.321 300.567 299.059 297.554 295.941 294.136 292.017 289.711 287.283 285.06 282.886 280.864 278.841 276.683 274.45 271.996 269.182 266.312 263.55 261.483 259.881 257.94 255.265 251.787 247.458 242.491 237.111 231.912 226.575 220.612 215.272 210.652 204.197 200.945 
306.367 304.89 304.035 302.196 300.38 298.747 297.241 295.691 294.011 291.892 289.649 287.22 284.997 282.886 280.927 278.841 276.683 274.387 271.996 269.182 266.375 263.55 261.483 259.756 257.878 255.203 251.724 247.458 242.491 237.048 231.85 226.575 220.674 215.335 210.652 204.322 200.883 
306.242 304.703 303.847 302.134 300.255 298.559 296.929 295.441 293.824 291.829 289.524 287.22 284.997 282.949 280.989 278.904 276.683 274.387 271.934 269.182 266.312 263.55 261.42 259.631 257.815 255.14 251.599 247.395 242.491 237.048 231.787 226.575 220.737 215.46 210.714 204.51 200.82 
306.055 304.578 303.722 302.009 300.13 298.372 296.741 295.253 293.699 291.767 289.461 287.095 284.997 282.949 281.052 278.966 276.683 274.325 271.871 269.12 266.312 263.488 261.358 259.506 257.753 255.078 251.537 247.395 242.491 236.986 231.725 226.575 220.799 215.522 210.839 204.697 200.695 
305.93 304.453 303.472 301.884 300.005 298.247 296.616 295.191 293.699 291.704 289.461 287.033 284.935 282.949 281.114 278.966 276.621 274.262 271.809 269.12 266.312 263.488 261.233 259.381 257.628 254.953 251.474 247.333 242.491 236.986 231.662 226.575 220.924 215.647 210.902 204.822 200.508 
305.805 304.328 303.285 301.696 299.88 298.184 296.616 295.253 293.699 291.704 289.399 287.033 284.935 282.949 281.114 278.966 276.558 274.2 271.746 269.057 266.312 263.488 261.17 259.256 257.565 254.953 251.474 247.27 242.491 236.986 231.6 226.637 220.987 215.772 211.027 204.885 200.383 
305.68 304.203 303.16 301.571 299.755 298.122 296.741 295.441 293.824 291.704 289.399 287.033 284.935 282.949 281.114 278.904 276.558 274.137 271.684 268.995 266.25 263.488 261.108 259.193 257.503 254.89 251.412 247.27 242.428 236.923 231.6 226.637 221.049 215.897 211.027 204.947 200.195 
305.492 304.015 302.972 301.509 299.692 298.122 296.866 295.566 293.886 291.767 289.461 287.033 284.935 282.949 281.052 278.904 276.496 274.075 271.559 268.932 266.25 263.425 261.108 259.131 257.44 254.89 251.412 247.208 242.428 236.923 231.662 226.7 221.112 215.96 211.089 205.01 200.008 
305.367 303.89 302.91 301.384 299.692 298.184 296.929 295.753 294.011 291.829 289.524 287.095 284.997 282.949 281.052 278.841 276.433 274.012 271.496 268.87 266.187 263.363 261.045 259.068 257.44 254.828 251.412 247.145 242.366 236.923 231.662 226.762 221.174 216.085 211.089 205.01 199.82 
305.305 303.765 302.847 301.321 299.692 298.247 297.054 295.816 294.074 291.892 289.586 287.158 285.06 283.011 281.052 278.779 276.371 273.95 271.434 268.807 266.125 263.363 261.045 259.068 257.378 254.828 251.349 247.145 242.366 236.923 231.725 226.762 221.237 216.085 211.089 204.947 199.57 
305.305 303.64 302.785 301.259 299.692 298.309 297.241 295.941 294.136 292.017 289.649 287.283 285.185 283.074 281.114 278.779 276.308 273.887 271.371 268.807 266.125 263.363 261.045 259.006 257.315 254.765 251.349 247.145 242.366 236.923 231.725 226.762 221.237 216.147 211.089 204.822 199.383 
305.242 303.578 302.785 301.259 299.755 298.559 297.366 295.941 294.136 292.079 289.711 287.345 285.247 283.199 281.177 278.779 276.308 273.887 271.371 268.807 266.187 263.363 261.045 259.006 257.315 254.765 251.287 247.145 242.366 236.986 231.787 226.825 221.299 216.147 210.964 204.697 199.258 
305.18 303.515 302.722 301.196 299.817 298.809 297.616 296.066 294.199 292.079 289.836 287.47 285.372 283.324 281.239 278.841 276.308 273.825 271.309 268.807 266.187 263.488 261.108 259.006 257.315 254.765 251.287 247.145 242.366 236.986 231.85 226.825 221.362 216.147 210.902 204.51 199.133 
305.055 303.453 302.722 301.196 300.005 299.122 297.866 296.128 294.261 292.142 289.899 287.595 285.497 283.386 281.239 278.841 276.246 273.825 271.309 268.807 266.187 263.613 261.17 259.006 257.315 254.765 251.287 247.145 242.366 236.986 231.912 226.825 221.424 216.147 210.777 204.322 199.008 
304.992 303.328 302.785 301.259 300.13 299.372 297.991 296.191 294.324 292.267 290.024 287.72 285.685 283.511 281.302 278.841 276.183 273.762 271.309 268.807 266.25 263.675 261.295 259.068 257.378 254.765 251.287 247.145 242.366 237.048 231.912 226.825 221.487 216.147 210.652 204.135 198.883 
308.367 306.89 306.347 304.696 302.63 300.559 298.554 296.503 294.324 292.204 290.211 288.22 285.997 283.636 281.052 278.404 275.746 273.262 270.809 268.62 266.375 263.925 261.733 259.568 256.878 254.265 251.224 247.395 242.741 237.548 232.162 226.762 221.237 215.647 209.152 203.01 202.945 
308.242 306.765 306.16 304.509 302.442 300.497 298.616 296.566 294.324 292.204 290.149 288.158 285.935 283.511 280.864 278.216 275.558 273.137 270.746 268.682 266.5 264.05 261.858 259.756 257.003 254.328 251.224 247.333 242.678 237.548 232.162 226.637 221.112 215.71 209.214 202.822 202.945 
308.18 306.64 305.972 304.321 302.317 300.434 298.679 296.628 294.449 292.267 290.149 288.033 285.747 283.261 280.677 278.029 275.371 273.075 270.746 268.682 266.562 264.113 261.983 259.881 257.19 254.453 251.224 247.333 242.678 237.548 232.162 226.512 221.112 215.71 209.277 202.697 202.945 
308.055 306.453 305.847 304.196 302.192 300.434 298.679 296.753 294.574 292.392 290.149 287.908 285.56 283.074 280.489 277.904 275.183 273.012 270.746 268.745 266.625 264.175 262.045 260.006 257.378 254.578 251.287 247.27 242.616 237.486 232.225 226.512 221.049 215.71 209.339 202.635 202.945 
307.992 306.203 305.785 304.009 302.067 300.372 298.741 296.816 294.699 292.517 290.274 287.908 285.435 282.949 280.364 277.716 275.058 272.95 270.809 268.807 266.687 264.238 262.108 260.131 257.565 254.703 251.287 247.27 242.616 237.486 232.225 226.45 220.987 215.585 209.339 202.572 202.945 
307.867 305.828 305.722 303.884 301.942 300.372 298.804 296.941 294.824 292.704 290.336 287.908 285.435 282.886 280.364 277.654 274.996 272.95 270.871 268.87 266.687 264.238 262.17 260.193 257.753 254.828 251.349 247.27 242.553 237.486 232.225 226.45 220.862 215.522 209.402 202.635 202.945 
307.742 305.515 305.66 303.759 301.817 300.372 298.866 297.128 295.011 292.829 290.461 287.97 285.497 282.886 280.364 277.654 274.933 273.012 270.996 268.932 266.75 264.238 262.233 260.256 257.878 254.953 251.412 247.27 242.491 237.423 232.225 226.387 220.737 215.46 209.464 202.697 202.883 
307.617 305.39 305.472 303.571 301.755 300.372 298.929 297.191 295.136 292.892 290.524 288.033 285.56 282.949 280.302 277.654 274.996 273.075 271.121 268.995 266.687 264.238 262.17 260.256 258.003 255.078 251.474 247.27 242.491 237.423 232.225 226.387 220.612 215.397 209.527 202.822 202.758 
307.492 305.39 305.41 303.446 301.692 300.372 298.991 297.253 295.199 292.954 290.586 288.095 285.622 282.949 280.302 277.654 275.121 273.262 271.246 268.995 266.687 264.175 262.17 260.193 258.065 255.14 251.474 247.27 242.428 237.423 232.287 226.325 220.487 215.397 209.652 202.885 202.57 
307.367 305.39 305.285 303.384 301.692 300.434 299.054 297.253 295.199 293.017 290.586 288.158 285.622 283.011 280.364 277.779 275.371 273.512 271.434 269.057 266.625 264.05 262.108 260.193 258.128 255.203 251.537 247.208 242.428 237.361 232.287 226.325 220.487 215.46 209.839 203.01 202.445 
307.18 305.265 305.16 303.321 301.755 300.497 299.054 297.253 295.199 293.017 290.649 288.158 285.685 283.074 280.427 277.966 275.621 273.7 271.559 269.057 266.562 263.988 262.045 260.131 258.128 255.265 251.599 247.208 242.366 237.361 232.287 226.325 220.424 215.46 209.964 203.072 202.258 
307.055 305.015 305.097 303.259 301.817 300.559 299.054 297.191 295.199 293.017 290.649 288.158 285.685 283.136 280.552 278.154 275.871 273.825 271.684 269.12 266.5 263.925 261.92 260.068 258.065 255.328 251.662 247.27 242.366 237.298 232.225 226.262 220.424 215.522 210.089 203.072 202.07 
306.867 304.765 304.972 303.259 301.88 300.622 298.991 297.128 295.136 293.017 290.586 288.095 285.685 283.199 280.739 278.341 276.058 274.012 271.746 269.12 266.437 263.8 261.858 260.006 258.065 255.328 251.724 247.27 242.366 237.298 232.225 226.262 220.487 215.647 210.214 203.135 201.883 
306.742 304.515 304.847 303.259 301.942 300.684 298.929 297.066 295.074 292.954 290.524 288.033 285.622 283.324 280.927 278.591 276.246 274.137 271.809 269.12 266.437 263.738 261.795 259.943 258.003 255.39 251.787 247.333 242.366 237.236 232.225 226.325 220.487 215.647 210.277 203.197 201.758 
306.555 304.39 304.785 303.259 302.005 300.747 298.929 297.003 295.011 292.892 290.461 287.97 285.56 283.386 281.052 278.779 276.433 274.262 271.871 269.057 266.312 263.613 261.67 259.881 257.94 255.453 251.849 247.333 242.428 237.236 232.162 226.325 220.549 215.647 210.339 203.26 201.633 
306.492 304.203 304.722 303.259 302.005 300.809 298.929 296.878 294.949 292.767 290.399 287.908 285.56 283.386 281.177 278.904 276.558 274.325 271.871 269.057 266.25 263.55 261.67 259.881 257.94 255.453 251.849 247.395 242.428 237.236 232.162 226.325 220.549 215.647 210.402 203.26 201.508 
306.43 304.015 304.66 303.259 302.005 300.747 298.866 296.816 294.824 292.704 290.274 287.845 285.497 283.324 281.239 278.966 276.683 274.45 271.934 269.057 266.25 263.488 261.608 259.818 257.94 255.515 251.912 247.458 242.428 237.236 232.162 226.387 220.549 215.647 210.464 203.322 201.383 
306.492 303.89 304.597 303.196 301.942 300.684 298.804 296.753 294.699 292.579 290.211 287.72 285.372 283.199 281.177 279.029 276.746 274.45 271.934 269.057 266.187 263.363 261.545 259.818 257.94 255.515 251.912 247.458 242.428 237.173 232.162 226.387 220.549 215.647 210.527 203.385 201.258 
306.555 303.953 304.597 303.071 301.755 300.497 298.679 296.628 294.574 292.454 290.086 287.658 285.31 283.136 281.114 279.029 276.808 274.512 271.996 269.057 266.125 263.363 261.545 259.881 257.94 255.515 251.912 247.52 242.428 237.173 232.1 226.45 220.487 215.522 210.589 203.447 201.195 
306.68 304.265 304.597 302.884 301.505 300.184 298.491 296.503 294.449 292.329 290.024 287.533 285.185 283.074 280.989 278.966 276.808 274.512 272.059 269.057 266.125 263.3 261.483 259.881 258.003 255.453 251.974 247.52 242.428 237.111 232.037 226.45 220.487 215.522 210.589 203.572 201.195 
306.742 304.64 304.535 302.759 301.192 299.809 298.241 296.378 294.386 292.204 289.899 287.408 285.06 282.949 280.927 278.841 276.746 274.512 272.059 269.12 266.187 263.3 261.42 259.881 258.003 255.39 251.912 247.52 242.428 237.048 231.975 226.512 220.487 215.46 210.589 203.635 201.133 
306.742 304.953 304.535 302.571 300.88 299.434 297.929 296.191 294.261 292.079 289.774 287.345 285.06 282.886 280.802 278.779 276.746 274.512 272.059 269.182 266.25 263.3 261.42 259.818 257.94 255.328 251.849 247.52 242.491 237.048 231.912 226.512 220.549 215.397 210.589 203.822 201.133 
306.68 305.015 304.472 302.509 300.63 299.122 297.554 295.941 294.136 292.017 289.711 287.283 284.997 282.886 280.802 278.779 276.683 274.45 272.059 269.182 266.25 263.363 261.358 259.756 257.878 255.265 251.849 247.52 242.491 236.986 231.85 226.512 220.612 215.46 210.652 203.947 201.07 
306.555 304.953 304.285 302.384 300.442 298.747 297.179 295.628 294.011 291.892 289.649 287.22 284.997 282.886 280.864 278.841 276.683 274.45 272.059 269.182 266.312 263.425 261.358 259.631 257.815 255.203 251.787 247.458 242.491 236.986 231.787 226.512 220.674 215.522 210.714 204.135 201.008 
306.367 304.828 304.097 302.321 300.317 298.559 296.866 295.316 293.824 291.767 289.524 287.158 285.06 282.949 280.989 278.904 276.683 274.387 271.996 269.182 266.25 263.425 261.233 259.506 257.69 255.14 251.662 247.458 242.491 236.986 231.725 226.512 220.737 215.585 210.777 204.322 200.883 
306.18 304.703 303.91 302.196 300.255 298.434 296.616 295.128 293.636 291.704 289.461 287.095 284.997 283.011 281.052 278.966 276.683 274.387 271.934 269.12 266.25 263.425 261.233 259.318 257.565 255.015 251.599 247.395 242.491 236.923 231.662 226.512 220.799 215.71 210.902 204.51 200.695 
306.055 304.64 303.722 302.071 300.13 298.309 296.554 295.066 293.574 291.642 289.336 286.97 284.935 282.949 281.114 278.966 276.683 274.325 271.871 269.057 266.25 263.425 261.17 259.256 257.503 254.953 251.537 247.395 242.491 236.923 231.662 226.575 220.924 215.835 210.964 204.635 200.508 
305.93 304.453 303.472 301.946 300.067 298.309 296.616 295.128 293.574 291.579 289.336 286.908 284.872 282.886 281.052 278.966 276.621 274.262 271.809 269.057 266.187 263.363 261.045 259.131 257.378 254.89 251.474 247.333 242.491 236.923 231.6 226.575 221.049 215.96 211.027 204.76 200.32 
305.867 304.39 303.347 301.821 300.005 298.309 296.741 295.253 293.636 291.579 289.274 286.845 284.872 282.886 281.052 278.966 276.558 274.2 271.684 268.995 266.187 263.363 260.983 259.068 257.378 254.828 251.474 247.333 242.428 236.923 231.6 226.575 221.112 216.022 211.089 204.822 200.07 
305.742 304.265 303.16 301.759 299.942 298.372 296.929 295.441 293.699 291.642 289.274 286.908 284.872 282.886 281.052 278.904 276.496 274.137 271.621 268.932 266.125 263.3 260.92 259.006 257.315 254.828 251.474 247.27 242.428 236.923 231.662 226.637 221.174 216.147 211.152 204.947 199.883 
305.617 304.14 303.097 301.634 299.942 298.372 296.991 295.566 293.824 291.704 289.336 286.97 284.935 282.949 281.052 278.841 276.496 274.075 271.559 268.87 266.125 263.238 260.858 258.943 257.315 254.828 251.412 247.27 242.428 236.923 231.725 226.7 221.237 216.21 211.152 204.947 199.633 
305.492 304.015 303.035 301.571 299.88 298.372 297.116 295.691 293.886 291.767 289.461 287.095 284.997 283.011 281.052 278.841 276.433 274.012 271.496 268.807 266.062 263.238 260.858 258.881 257.253 254.765 251.412 247.27 242.428 236.923 231.725 226.762 221.237 216.21 211.152 204.885 199.445 
305.43 303.953 302.91 301.509 299.942 298.434 297.179 295.753 293.949 291.829 289.524 287.158 285.06 283.074 281.114 278.841 276.433 273.95 271.434 268.807 266.062 263.238 260.858 258.818 257.19 254.765 251.349 247.208 242.428 236.923 231.787 226.762 221.299 216.272 211.089 204.822 199.258 
305.367 303.89 302.847 301.446 299.942 298.622 297.304 295.816 294.011 291.954 289.649 287.283 285.185 283.199 281.177 278.841 276.371 273.95 271.434 268.807 266.062 263.238 260.858 258.818 257.19 254.703 251.349 247.208 242.366 236.986 231.85 226.762 221.299 216.21 211.027 204.635 199.133 
305.367 303.828 302.847 301.446 300.067 298.872 297.491 295.816 294.011 292.017 289.774 287.47 285.372 283.324 281.177 278.841 276.371 273.95 271.434 268.87 266.125 263.363 260.92 258.756 257.19 254.703 251.349 247.145 242.366 236.986 231.85 226.762 221.362 216.21 210.964 204.51 199.008 
305.305 303.765 302.91 301.509 300.192 299.184 297.679 295.878 294.074 292.017 289.836 287.533 285.497 283.386 281.239 278.841 276.308 273.95 271.434 268.932 266.25 263.488 260.983 258.756 257.19 254.703 251.287 247.145 242.366 236.986 231.912 226.762 221.424 216.21 210.839 204.26 198.883 
305.242 303.64 302.91 301.509 300.38 299.372 297.866 296.003 294.199 292.142 289.961 287.658 285.622 283.511 281.302 278.841 276.308 273.95 271.496 268.995 266.312 263.613 261.045 258.818 257.19 254.703 251.287 247.145 242.366 236.986 231.912 226.825 221.487 216.21 210.714 204.072 198.758 
308.18 306.765 306.222 304.821 302.817 300.809 298.741 296.691 294.449 292.392 290.274 288.22 285.872 283.449 280.802 278.154 275.558 273.137 270.684 268.557 266.375 264.05 261.795 259.506 256.815 254.14 251.099 247.395 242.741 237.486 232.1 226.762 221.237 215.46 208.902 203.197 203.383 
308.117 306.64 306.035 304.634 302.692 300.684 298.804 296.691 294.511 292.392 290.274 288.22 285.872 283.324 280.614 277.966 275.371 273.012 270.621 268.557 266.437 264.113 261.92 259.693 256.94 254.203 251.099 247.333 242.678 237.486 232.1 226.637 221.174 215.522 208.964 203.01 203.32 
308.055 306.515 305.847 304.384 302.505 300.684 298.866 296.816 294.636 292.454 290.274 288.095 285.747 283.199 280.489 277.841 275.183 272.887 270.684 268.682 266.562 264.238 262.045 259.881 257.065 254.265 251.162 247.27 242.678 237.486 232.1 226.512 221.112 215.522 209.027 202.822 203.383 
307.93 306.453 305.722 304.196 302.38 300.684 298.991 296.941 294.761 292.579 290.336 288.033 285.56 283.011 280.302 277.654 275.058 272.825 270.684 268.745 266.687 264.363 262.17 260.068 257.253 254.39 251.099 247.208 242.616 237.486 232.1 226.45 220.987 215.522 209.027 202.697 203.445 
307.867 306.265 305.66 304.071 302.192 300.684 299.054 297.066 294.949 292.767 290.461 287.97 285.497 282.886 280.239 277.529 274.933 272.825 270.809 268.87 266.812 264.363 262.233 260.131 257.44 254.515 251.162 247.208 242.553 237.486 232.1 226.45 220.924 215.46 209.027 202.697 203.508 
307.742 305.89 305.597 303.884 302.067 300.684 299.116 297.253 295.136 292.892 290.524 287.97 285.435 282.824 280.239 277.529 274.808 272.825 270.871 268.995 266.875 264.425 262.295 260.193 257.628 254.64 251.162 247.145 242.553 237.423 232.1 226.387 220.862 215.46 209.089 202.76 203.383 
307.617 305.515 305.535 303.696 301.942 300.684 299.241 297.378 295.261 293.017 290.586 288.033 285.435 282.824 280.239 277.529 274.808 272.95 270.996 269.057 266.875 264.425 262.295 260.256 257.753 254.765 251.224 247.145 242.491 237.361 232.1 226.325 220.737 215.397 209.214 202.822 203.258 
307.492 305.203 305.472 303.571 301.88 300.684 299.304 297.503 295.386 293.142 290.649 288.095 285.497 282.824 280.177 277.529 274.871 273.075 271.184 269.12 266.875 264.425 262.295 260.256 257.878 254.828 251.224 247.145 242.428 237.361 232.162 226.325 220.674 215.397 209.339 202.885 203.07 
307.43 305.078 305.347 303.446 301.817 300.747 299.366 297.566 295.449 293.204 290.711 288.095 285.56 282.886 280.177 277.529 274.996 273.2 271.309 269.12 266.812 264.3 262.295 260.256 257.94 254.953 251.287 247.145 242.366 237.298 232.1 226.325 220.612 215.397 209.464 203.01 202.82 
307.305 305.078 305.222 303.384 301.817 300.747 299.366 297.566 295.511 293.204 290.774 288.22 285.622 282.949 280.177 277.654 275.246 273.45 271.434 269.12 266.75 264.238 262.17 260.131 258.003 255.015 251.349 247.145 242.366 237.298 232.1 226.262 220.549 215.522 209.589 203.072 202.57 
307.18 304.953 305.16 303.259 301.817 300.747 299.366 297.566 295.511 293.267 290.774 288.22 285.622 282.949 280.177 277.779 275.496 273.637 271.621 269.182 266.687 264.113 262.045 260.068 257.94 255.078 251.412 247.145 242.303 237.236 232.162 226.262 220.612 215.585 209.714 203.072 202.383 
307.055 304.765 305.035 303.196 301.88 300.747 299.304 297.503 295.511 293.267 290.774 288.158 285.56 282.949 280.302 277.966 275.746 273.825 271.746 269.182 266.562 263.988 261.92 260.006 257.878 255.14 251.474 247.208 242.366 237.236 232.162 226.262 220.612 215.647 209.902 203.072 202.133 
306.93 304.515 304.91 303.196 301.88 300.809 299.304 297.441 295.511 293.204 290.711 288.158 285.56 283.074 280.427 278.216 275.996 274.012 271.809 269.182 266.5 263.863 261.795 259.881 257.878 255.203 251.599 247.208 242.366 237.236 232.162 226.262 220.674 215.772 210.027 203.072 201.945 
306.742 304.328 304.847 303.196 302.005 300.872 299.241 297.378 295.449 293.142 290.649 288.095 285.56 283.136 280.677 278.404 276.183 274.137 271.871 269.12 266.437 263.738 261.733 259.818 257.878 255.203 251.662 247.27 242.366 237.236 232.162 226.262 220.674 215.772 210.089 203.072 201.82 
306.617 304.14 304.722 303.134 302.067 300.934 299.179 297.316 295.386 293.079 290.586 288.033 285.56 283.199 280.864 278.591 276.371 274.2 271.871 269.12 266.375 263.613 261.67 259.756 257.815 255.328 251.787 247.333 242.366 237.236 232.1 226.262 220.737 215.835 210.214 203.135 201.633 
306.492 303.953 304.66 303.134 302.13 300.997 299.116 297.191 295.261 292.954 290.461 287.908 285.435 283.199 280.989 278.779 276.496 274.325 271.934 269.12 266.312 263.488 261.545 259.756 257.815 255.328 251.787 247.395 242.428 237.236 232.1 226.262 220.737 215.835 210.277 203.135 201.508 
306.43 303.828 304.66 303.134 302.13 300.997 299.054 297.066 295.074 292.829 290.336 287.845 285.372 283.199 281.052 278.904 276.621 274.387 271.934 269.057 266.187 263.363 261.483 259.756 257.815 255.39 251.849 247.395 242.428 237.173 232.1 226.325 220.737 215.835 210.402 203.197 201.383 
306.43 303.765 304.597 303.134 302.067 300.872 298.991 296.941 294.886 292.704 290.211 287.72 285.31 283.136 281.052 278.966 276.683 274.45 271.934 269.057 266.125 263.3 261.42 259.756 257.878 255.39 251.912 247.458 242.428 237.173 232.1 226.325 220.674 215.772 210.402 203.26 201.32 
306.492 303.828 304.597 303.071 301.817 300.684 298.866 296.753 294.699 292.517 290.086 287.595 285.247 283.074 280.989 278.904 276.746 274.512 271.996 268.995 266.062 263.238 261.42 259.756 257.878 255.453 251.912 247.458 242.428 237.111 232.037 226.387 220.674 215.71 210.464 203.322 201.258 
306.617 304.078 304.66 302.946 301.505 300.309 298.616 296.628 294.511 292.329 289.961 287.533 285.185 282.949 280.927 278.904 276.808 274.512 271.996 269.057 266.062 263.238 261.358 259.756 257.94 255.453 251.974 247.52 242.428 237.048 231.975 226.387 220.612 215.647 210.527 203.385 201.258 
306.742 304.453 304.66 302.821 301.192 299.872 298.304 296.378 294.386 292.204 289.836 287.408 285.122 282.886 280.802 278.841 276.808 274.512 272.059 269.057 266.125 263.175 261.295 259.756 257.94 255.453 251.974 247.52 242.428 237.048 231.912 226.387 220.549 215.585 210.527 203.447 201.32 
306.867 304.828 304.722 302.759 300.942 299.434 297.929 296.128 294.199 292.017 289.711 287.345 285.06 282.824 280.739 278.779 276.746 274.512 272.121 269.12 266.125 263.175 261.295 259.693 257.878 255.39 251.912 247.52 242.428 236.986 231.912 226.45 220.549 215.585 210.527 203.572 201.32 
306.867 304.953 304.66 302.696 300.692 299.059 297.491 295.816 294.011 291.892 289.649 287.283 285.06 282.824 280.739 278.779 276.683 274.512 272.121 269.182 266.187 263.238 261.233 259.631 257.815 255.265 251.912 247.52 242.428 236.986 231.85 226.45 220.612 215.585 210.589 203.76 201.258 
306.805 304.953 304.597 302.634 300.567 298.747 297.054 295.441 293.824 291.767 289.586 287.22 285.06 282.949 280.864 278.779 276.683 274.45 272.121 269.182 266.25 263.3 261.233 259.506 257.69 255.203 251.787 247.458 242.428 236.923 231.787 226.45 220.674 215.647 210.714 203.947 201.195 
306.617 304.89 304.41 302.509 300.442 298.559 296.741 295.066 293.574 291.642 289.461 287.158 285.06 283.011 280.989 278.841 276.683 274.45 272.059 269.182 266.187 263.3 261.108 259.318 257.565 255.078 251.724 247.458 242.428 236.923 231.725 226.45 220.737 215.772 210.839 204.135 201.008 
306.43 304.828 304.222 302.446 300.38 298.434 296.554 294.878 293.386 291.517 289.336 287.033 285.06 283.074 281.052 278.904 276.683 274.387 271.996 269.12 266.187 263.363 261.108 259.193 257.44 255.015 251.662 247.395 242.428 236.861 231.662 226.45 220.862 215.897 210.964 204.26 200.758 
306.305 304.765 303.972 302.321 300.317 298.434 296.554 294.816 293.261 291.392 289.211 286.908 284.997 283.074 281.114 278.966 276.683 274.387 271.934 269.12 266.187 263.3 261.045 259.068 257.378 254.953 251.599 247.395 242.428 236.861 231.662 226.45 220.987 216.022 211.027 204.447 200.508 
306.18 304.703 303.785 302.196 300.317 298.497 296.679 294.878 293.261 291.329 289.086 286.783 284.935 283.074 281.177 278.966 276.683 274.325 271.871 269.057 266.125 263.3 260.92 258.943 257.315 254.89 251.599 247.395 242.428 236.861 231.6 226.512 221.049 216.085 211.089 204.572 200.258 
306.117 304.64 303.597 302.071 300.255 298.559 296.804 295.003 293.261 291.267 289.024 286.783 284.872 283.011 281.114 278.966 276.558 274.2 271.746 268.932 266.062 263.238 260.858 258.881 257.253 254.828 251.537 247.395 242.428 236.923 231.662 226.575 221.174 216.21 211.152 204.635 200.008 
306.055 304.578 303.535 302.009 300.192 298.559 296.929 295.191 293.386 291.267 289.024 286.783 284.935 283.011 281.114 278.966 276.558 274.137 271.684 268.87 266.062 263.238 260.795 258.818 257.19 254.828 251.537 247.395 242.428 236.923 231.662 226.575 221.237 216.272 211.152 204.76 199.758 
305.93 304.453 303.41 301.946 300.192 298.559 296.991 295.316 293.449 291.329 289.149 286.845 284.997 283.011 281.114 278.904 276.496 274.137 271.621 268.87 266 263.175 260.733 258.756 257.19 254.828 251.474 247.333 242.428 236.923 231.725 226.637 221.299 216.272 211.152 204.76 199.57 
305.867 304.39 303.285 301.884 300.192 298.559 297.054 295.441 293.511 291.454 289.274 286.97 285.06 283.136 281.114 278.904 276.496 274.075 271.559 268.807 266 263.175 260.733 258.756 257.128 254.765 251.474 247.333 242.428 236.923 231.787 226.7 221.299 216.335 211.152 204.76 199.383 
305.742 304.265 303.16 301.821 300.192 298.622 297.116 295.441 293.574 291.579 289.399 287.158 285.185 283.199 281.177 278.904 276.433 274.012 271.496 268.807 266 263.175 260.733 258.693 257.065 254.765 251.412 247.27 242.428 236.923 231.787 226.7 221.299 216.335 211.152 204.635 199.195 
305.68 304.203 303.16 301.759 300.255 298.747 297.179 295.441 293.636 291.642 289.586 287.345 285.31 283.324 281.239 278.904 276.433 274.012 271.496 268.807 266 263.175 260.733 258.693 257.065 254.703 251.412 247.27 242.366 236.923 231.85 226.7 221.299 216.335 211.089 204.51 199.07 
305.68 304.203 303.097 301.759 300.38 298.934 297.241 295.503 293.699 291.767 289.711 287.533 285.497 283.386 281.302 278.904 276.433 274.012 271.496 268.87 266.125 263.3 260.795 258.693 257.065 254.703 251.349 247.208 242.366 236.923 231.85 226.762 221.362 216.335 211.027 204.322 198.945 
305.617 304.078 303.097 301.821 300.442 299.184 297.429 295.566 293.761 291.829 289.836 287.595 285.622 283.449 281.302 278.904 276.371 274.012 271.559 268.995 266.25 263.425 260.858 258.693 257.128 254.703 251.349 247.145 242.303 236.923 231.85 226.762 221.362 216.272 210.902 204.197 198.82 
305.492 303.953 303.16 301.821 300.63 299.372 297.616 295.691 293.886 291.954 289.899 287.72 285.685 283.574 281.364 278.904 276.371 274.075 271.621 269.057 266.375 263.55 260.983 258.693 257.128 254.703 251.349 247.145 242.303 236.923 231.85 226.762 221.424 216.272 210.839 204.01 198.695 
307.992 306.515 305.91 304.821 302.942 300.934 298.991 296.878 294.636 292.517 290.336 288.095 285.622 283.074 280.427 277.904 275.308 273.012 270.746 268.557 266.375 264.05 261.795 259.506 256.753 254.015 250.974 247.27 242.678 237.423 232.037 226.762 221.237 215.335 208.777 203.51 203.695 
307.992 306.453 305.785 304.634 302.817 300.934 299.054 296.941 294.699 292.579 290.399 288.095 285.685 283.074 280.302 277.716 275.183 272.95 270.684 268.62 266.5 264.175 261.92 259.693 256.878 254.015 250.974 247.208 242.678 237.423 231.975 226.637 221.174 215.335 208.777 203.322 203.82 
307.93 306.453 305.66 304.446 302.692 300.934 299.116 297.066 294.886 292.704 290.461 288.158 285.622 283.011 280.177 277.529 275.058 272.887 270.746 268.745 266.625 264.363 262.108 259.818 256.94 254.078 250.974 247.145 242.616 237.423 231.975 226.575 221.049 215.397 208.777 203.197 203.945 
307.867 306.39 305.535 304.196 302.567 300.997 299.179 297.128 295.011 292.767 290.524 288.095 285.56 282.949 280.114 277.466 274.933 272.825 270.809 268.87 266.812 264.488 262.233 259.943 257.065 254.078 250.912 247.083 242.553 237.423 231.975 226.45 220.987 215.335 208.777 203.072 203.945 
307.742 306.203 305.472 304.009 302.38 300.997 299.304 297.316 295.199 292.954 290.586 288.095 285.497 282.824 280.052 277.404 274.871 272.887 270.934 268.995 266.937 264.55 262.295 260.068 257.19 254.203 250.849 247.02 242.491 237.361 231.975 226.387 220.924 215.335 208.839 203.01 203.883 
307.68 305.953 305.535 303.884 302.255 300.997 299.429 297.503 295.386 293.142 290.711 288.095 285.435 282.761 280.052 277.404 274.808 272.887 271.059 269.12 267 264.613 262.358 260.131 257.378 254.328 250.912 246.958 242.428 237.361 231.975 226.387 220.862 215.335 208.902 203.072 203.758 
307.555 305.515 305.472 303.696 302.13 300.997 299.554 297.691 295.574 293.204 290.711 288.095 285.497 282.761 280.052 277.404 274.808 273.012 271.184 269.182 267.062 264.613 262.42 260.131 257.44 254.39 250.912 246.958 242.366 237.298 231.975 226.325 220.799 215.397 209.027 203.135 203.57 
307.367 305.078 305.41 303.571 302.005 300.997 299.616 297.753 295.636 293.329 290.774 288.158 285.497 282.824 280.052 277.404 274.871 273.137 271.309 269.245 267.062 264.55 262.42 260.131 257.565 254.515 250.912 246.958 242.366 237.236 232.037 226.325 220.737 215.46 209.152 203.135 203.258 
307.305 304.89 305.285 303.446 302.005 300.997 299.616 297.816 295.699 293.392 290.836 288.158 285.56 282.824 279.989 277.466 275.058 273.325 271.434 269.307 267 264.488 262.295 260.131 257.628 254.64 251.037 246.958 242.303 237.236 231.975 226.325 220.737 215.522 209.277 203.197 203.008 
307.242 304.828 305.16 303.321 301.942 300.934 299.554 297.816 295.699 293.392 290.899 288.22 285.56 282.824 279.989 277.591 275.308 273.512 271.621 269.307 266.937 264.363 262.17 260.068 257.69 254.703 251.099 246.958 242.303 237.236 231.975 226.325 220.799 215.585 209.402 203.197 202.695 
307.117 304.703 305.097 303.196 301.88 300.872 299.491 297.816 295.699 293.454 290.899 288.22 285.56 282.824 279.989 277.716 275.558 273.762 271.746 269.307 266.812 264.238 262.045 259.943 257.628 254.765 251.162 246.958 242.303 237.173 232.037 226.262 220.799 215.71 209.527 203.135 202.445 
307.055 304.578 304.972 303.134 301.817 300.872 299.491 297.753 295.699 293.454 290.899 288.22 285.56 282.886 280.114 277.904 275.808 273.95 271.871 269.307 266.687 264.113 261.92 259.881 257.628 254.828 251.287 247.083 242.303 237.173 232.037 226.325 220.862 215.772 209.652 203.072 202.258 
306.93 304.39 304.91 303.071 301.88 300.934 299.491 297.691 295.699 293.392 290.836 288.158 285.497 282.949 280.302 278.154 276.058 274.075 271.934 269.245 266.562 263.925 261.795 259.818 257.628 254.953 251.349 247.145 242.303 237.173 232.1 226.325 220.924 215.897 209.839 203.01 202.07 
306.805 304.203 304.785 303.071 301.942 300.934 299.429 297.628 295.636 293.329 290.774 288.095 285.497 283.011 280.489 278.341 276.183 274.2 271.934 269.182 266.437 263.738 261.733 259.693 257.628 255.015 251.474 247.208 242.366 237.173 232.1 226.325 220.924 215.897 209.902 203.01 201.82 
306.617 303.953 304.722 303.009 302.005 301.059 299.366 297.566 295.574 293.204 290.649 288.033 285.497 283.011 280.677 278.529 276.371 274.325 271.996 269.182 266.375 263.613 261.608 259.693 257.628 255.078 251.599 247.27 242.366 237.173 232.037 226.325 220.924 215.96 210.027 203.01 201.633 
306.492 303.828 304.66 303.009 302.13 301.122 299.304 297.441 295.386 293.079 290.524 287.908 285.435 283.074 280.802 278.716 276.496 274.387 271.996 269.12 266.25 263.488 261.483 259.631 257.628 255.14 251.662 247.333 242.366 237.173 232.037 226.325 220.924 215.96 210.089 203.01 201.508 
306.367 303.765 304.597 303.071 302.192 301.122 299.241 297.253 295.261 292.892 290.399 287.845 285.372 283.136 280.927 278.779 276.621 274.45 271.996 269.12 266.187 263.363 261.42 259.631 257.69 255.203 251.787 247.395 242.428 237.173 232.037 226.325 220.924 215.96 210.214 203.072 201.445 
306.43 303.765 304.597 303.071 302.13 300.997 299.116 297.066 295.011 292.704 290.274 287.72 285.247 283.074 280.927 278.841 276.683 274.512 271.996 269.057 266.125 263.238 261.358 259.631 257.69 255.265 251.849 247.395 242.366 237.173 232.037 226.325 220.924 215.897 210.277 203.135 201.383 
306.43 303.89 304.66 303.009 301.88 300.747 298.929 296.878 294.761 292.517 290.086 287.595 285.185 283.011 280.864 278.841 276.746 274.512 272.059 269.057 266.062 263.175 261.295 259.631 257.753 255.328 251.849 247.458 242.366 237.111 232.037 226.387 220.862 215.897 210.339 203.135 201.383 
306.555 304.078 304.722 302.946 301.567 300.372 298.679 296.628 294.511 292.329 289.961 287.533 285.122 282.886 280.739 278.841 276.808 274.575 272.059 269.057 266.062 263.113 261.295 259.631 257.878 255.39 251.912 247.458 242.366 237.048 231.975 226.387 220.799 215.772 210.402 203.197 201.445 
306.805 304.39 304.785 302.884 301.255 299.934 298.304 296.378 294.261 292.079 289.774 287.408 285.06 282.824 280.614 278.779 276.808 274.575 272.121 269.057 266.062 263.05 261.233 259.631 257.878 255.39 251.912 247.52 242.366 236.986 231.912 226.387 220.737 215.71 210.402 203.26 201.508 
306.992 304.703 304.847 302.821 301.005 299.497 297.866 296.066 294.074 291.892 289.649 287.345 284.997 282.761 280.614 278.716 276.746 274.575 272.121 269.12 266.062 263.05 261.17 259.568 257.878 255.39 251.912 247.52 242.366 236.923 231.85 226.387 220.737 215.71 210.464 203.385 201.57 
307.117 304.89 304.91 302.821 300.817 299.122 297.429 295.691 293.761 291.704 289.524 287.283 284.997 282.824 280.677 278.716 276.746 274.575 272.184 269.182 266.125 263.113 261.108 259.443 257.753 255.265 251.912 247.458 242.366 236.923 231.787 226.387 220.737 215.71 210.527 203.572 201.508 
307.055 305.015 304.847 302.821 300.692 298.809 296.991 295.253 293.511 291.579 289.399 287.158 285.06 282.886 280.739 278.779 276.683 274.512 272.121 269.182 266.187 263.175 261.045 259.318 257.628 255.14 251.787 247.458 242.366 236.861 231.725 226.387 220.737 215.772 210.652 203.76 201.383 
306.93 305.015 304.722 302.759 300.567 298.622 296.679 294.878 293.261 291.329 289.274 287.095 285.06 283.011 280.927 278.841 276.683 274.45 272.059 269.12 266.125 263.238 261.045 259.193 257.44 255.078 251.724 247.458 242.366 236.861 231.725 226.387 220.862 215.897 210.777 203.885 201.133 
306.742 305.015 304.535 302.696 300.567 298.559 296.491 294.628 293.074 291.142 289.149 286.97 285.06 283.136 281.052 278.904 276.683 274.45 271.996 269.12 266.125 263.238 260.983 259.068 257.315 254.953 251.662 247.458 242.366 236.861 231.662 226.387 220.987 216.022 210.902 204.072 200.883 
306.555 304.953 304.347 302.571 300.567 298.559 296.554 294.566 292.949 291.017 288.961 286.845 285.06 283.199 281.114 278.966 276.683 274.387 271.934 269.057 266.125 263.238 260.92 258.943 257.253 254.89 251.662 247.458 242.366 236.861 231.662 226.45 221.049 216.147 211.027 204.197 200.633 
306.492 304.953 304.16 302.509 300.567 298.622 296.679 294.628 292.886 290.892 288.836 286.72 284.997 283.199 281.177 278.966 276.621 274.262 271.809 268.995 266.062 263.238 260.858 258.818 257.253 254.89 251.599 247.458 242.428 236.861 231.662 226.45 221.112 216.272 211.089 204.322 200.32 
306.492 304.89 304.035 302.446 300.505 298.684 296.741 294.753 292.886 290.829 288.711 286.658 284.935 283.199 281.177 278.966 276.558 274.2 271.746 268.932 266.062 263.175 260.733 258.693 257.19 254.828 251.599 247.458 242.428 236.861 231.662 226.512 221.237 216.272 211.152 204.447 200.07 
306.43 304.89 303.972 302.384 300.505 298.747 296.866 294.878 292.949 290.892 288.774 286.72 284.997 283.199 281.177 278.966 276.496 274.137 271.684 268.87 266 263.175 260.733 258.631 257.128 254.828 251.599 247.395 242.428 236.861 231.725 226.512 221.299 216.335 211.152 204.51 199.82 
306.367 304.828 303.847 302.321 300.505 298.747 296.929 295.003 293.011 290.954 288.899 286.845 285.122 283.261 281.239 278.904 276.433 274.075 271.559 268.87 266 263.175 260.67 258.568 257.065 254.828 251.599 247.395 242.428 236.861 231.725 226.575 221.362 216.335 211.214 204.572 199.57 
306.305 304.765 303.722 302.259 300.442 298.684 296.991 295.066 293.074 291.079 289.086 287.033 285.247 283.324 281.239 278.904 276.433 274.012 271.496 268.807 266 263.175 260.67 258.568 257.065 254.828 251.537 247.395 242.428 236.861 231.725 226.575 221.362 216.397 211.214 204.51 199.383 
306.18 304.703 303.597 302.196 300.442 298.747 296.929 295.066 293.136 291.204 289.274 287.283 285.435 283.386 281.302 278.904 276.371 274.012 271.496 268.807 266 263.175 260.733 258.568 257.003 254.765 251.537 247.333 242.366 236.861 231.787 226.575 221.362 216.397 211.214 204.447 199.195 
306.117 304.64 303.472 302.134 300.505 298.809 296.929 295.066 293.199 291.392 289.461 287.533 285.56 283.449 281.302 278.966 276.371 274.012 271.496 268.807 266 263.238 260.733 258.568 257.003 254.703 251.474 247.27 242.366 236.861 231.787 226.637 221.362 216.397 211.214 204.322 199.07 
306.055 304.578 303.472 302.196 300.63 298.934 297.054 295.128 293.324 291.517 289.649 287.658 285.685 283.574 281.364 278.966 276.433 274.012 271.496 268.87 266.125 263.3 260.795 258.568 257.003 254.703 251.412 247.27 242.303 236.861 231.787 226.637 221.362 216.397 211.152 204.197 198.945 
305.992 304.39 303.472 302.196 300.755 299.184 297.179 295.191 293.386 291.704 289.836 287.783 285.747 283.636 281.364 278.966 276.371 274.012 271.621 268.995 266.25 263.425 260.858 258.631 257.065 254.703 251.412 247.208 242.241 236.798 231.725 226.7 221.424 216.335 211.027 204.01 198.883 
305.805 304.265 303.472 302.196 300.88 299.372 297.366 295.378 293.574 291.767 289.961 287.908 285.81 283.636 281.427 278.966 276.371 274.075 271.684 269.12 266.375 263.488 260.92 258.631 257.065 254.765 251.412 247.208 242.241 236.798 231.725 226.7 221.487 216.335 210.902 203.885 198.695 
307.617 306.14 305.535 304.696 303.005 301.122 299.116 297.003 294.761 292.579 290.336 287.783 285.247 282.636 279.989 277.529 275.121 273.012 270.871 268.682 266.375 264.113 261.795 259.381 256.69 253.89 250.787 247.083 242.553 237.298 231.912 226.825 221.299 215.272 208.714 203.697 204.07 
307.742 306.203 305.535 304.571 302.942 301.184 299.241 297.128 294.886 292.704 290.461 287.908 285.372 282.699 279.927 277.404 275.058 273.012 270.934 268.745 266.437 264.175 261.92 259.506 256.69 253.828 250.724 247.083 242.553 237.298 231.85 226.7 221.174 215.21 208.652 203.697 204.195 
307.742 306.265 305.41 304.446 302.88 301.247 299.366 297.253 295.074 292.829 290.649 288.033 285.435 282.761 279.864 277.341 274.996 272.95 270.934 268.807 266.625 264.363 262.045 259.631 256.753 253.828 250.724 246.958 242.491 237.298 231.85 226.575 221.112 215.21 208.652 203.635 204.258 
307.742 306.203 305.347 304.259 302.755 301.309 299.491 297.378 295.261 293.017 290.711 288.095 285.435 282.699 279.864 277.279 274.933 272.95 271.059 268.995 266.812 264.55 262.17 259.756 256.815 253.765 250.599 246.895 242.428 237.298 231.85 226.45 220.987 215.272 208.652 203.572 204.258 
307.617 306.14 305.347 304.009 302.63 301.309 299.616 297.566 295.449 293.204 290.774 288.158 285.435 282.699 279.864 277.216 274.871 273.012 271.121 269.12 267 264.675 262.295 259.881 256.94 253.828 250.537 246.833 242.366 237.236 231.85 226.387 220.987 215.335 208.777 203.51 204.133 
307.555 305.89 305.472 303.821 302.442 301.309 299.679 297.753 295.636 293.329 290.836 288.095 285.435 282.699 279.927 277.341 274.871 273.075 271.246 269.245 267.125 264.738 262.358 259.881 257.003 253.89 250.537 246.77 242.366 237.236 231.85 226.387 220.924 215.397 208.839 203.51 203.883 
307.43 305.453 305.472 303.696 302.317 301.309 299.804 297.941 295.761 293.392 290.836 288.158 285.435 282.699 279.927 277.404 274.871 273.2 271.371 269.37 267.187 264.738 262.358 259.943 257.065 254.015 250.537 246.708 242.241 237.236 231.912 226.387 220.987 215.46 208.964 203.51 203.57 
307.305 305.078 305.347 303.509 302.13 301.309 299.866 298.003 295.824 293.454 290.899 288.22 285.497 282.761 279.927 277.466 275.058 273.325 271.496 269.432 267.187 264.675 262.358 259.943 257.19 254.078 250.537 246.708 242.241 237.173 231.912 226.387 220.987 215.585 209.027 203.447 203.32 
307.18 304.765 305.222 303.384 302.067 301.184 299.866 298.066 295.886 293.517 290.961 288.22 285.56 282.761 279.927 277.529 275.246 273.512 271.684 269.495 267.187 264.675 262.295 259.881 257.253 254.14 250.662 246.708 242.241 237.173 231.912 226.387 221.049 215.647 209.152 203.385 203.008 
307.117 304.703 305.097 303.259 301.942 301.059 299.741 298.003 295.886 293.517 290.961 288.283 285.56 282.761 279.864 277.716 275.496 273.762 271.809 269.495 267.062 264.488 262.233 259.818 257.253 254.265 250.724 246.708 242.241 237.173 231.975 226.387 221.112 215.71 209.277 203.26 202.758 
307.055 304.578 305.035 303.134 301.817 300.934 299.679 297.941 295.824 293.517 290.961 288.283 285.56 282.761 279.927 277.841 275.808 273.95 271.934 269.432 266.937 264.363 262.045 259.756 257.253 254.328 250.787 246.77 242.241 237.173 232.037 226.45 221.112 215.772 209.339 203.135 202.57 
306.992 304.453 304.91 303.009 301.755 300.872 299.616 297.878 295.824 293.517 290.961 288.22 285.497 282.824 280.052 278.029 276.058 274.137 271.996 269.432 266.75 264.175 261.92 259.693 257.315 254.453 250.912 246.895 242.241 237.173 232.037 226.45 221.174 215.835 209.402 203.01 202.383 
306.93 304.39 304.847 302.946 301.755 300.872 299.554 297.816 295.761 293.454 290.899 288.22 285.497 282.886 280.239 278.216 276.246 274.262 272.121 269.307 266.625 263.988 261.795 259.631 257.315 254.578 251.099 246.958 242.303 237.173 232.037 226.45 221.237 215.897 209.527 202.947 202.195 
306.805 304.203 304.785 302.946 301.755 300.934 299.554 297.753 295.761 293.392 290.836 288.22 285.497 282.949 280.427 278.404 276.371 274.387 272.121 269.307 266.5 263.8 261.67 259.631 257.378 254.703 251.287 247.083 242.303 237.173 232.1 226.45 221.174 215.96 209.652 202.885 201.945 
306.68 304.015 304.66 302.884 301.88 300.997 299.491 297.691 295.636 293.329 290.774 288.158 285.497 283.011 280.552 278.529 276.496 274.45 272.184 269.245 266.375 263.613 261.545 259.568 257.378 254.828 251.412 247.145 242.366 237.173 232.1 226.45 221.174 215.96 209.777 202.885 201.758 
306.492 303.828 304.597 302.884 302.005 301.122 299.429 297.566 295.449 293.204 290.649 288.033 285.435 283.011 280.677 278.654 276.558 274.512 272.184 269.245 266.312 263.488 261.42 259.506 257.378 254.89 251.474 247.27 242.366 237.173 232.037 226.45 221.174 215.96 209.902 202.947 201.633 
306.43 303.89 304.66 302.946 302.067 301.059 299.304 297.378 295.261 292.954 290.524 287.908 285.372 283.074 280.802 278.716 276.621 274.512 272.121 269.182 266.25 263.363 261.358 259.506 257.44 254.953 251.599 247.27 242.366 237.111 232.037 226.387 221.174 216.022 209.964 203.01 201.508 
306.367 304.015 304.66 303.009 302.067 300.997 299.116 297.128 295.011 292.704 290.336 287.783 285.247 282.949 280.802 278.779 276.683 274.575 272.121 269.12 266.125 263.238 261.295 259.443 257.503 255.078 251.662 247.333 242.303 237.111 232.037 226.45 221.112 215.96 210.089 203.01 201.445 
306.43 304.14 304.66 303.009 301.88 300.684 298.929 296.878 294.699 292.454 290.149 287.658 285.185 282.886 280.677 278.716 276.746 274.575 272.121 269.057 266.062 263.175 261.233 259.506 257.628 255.14 251.724 247.395 242.366 237.111 231.975 226.387 221.049 215.96 210.152 203.01 201.508 
306.617 304.265 304.722 302.884 301.567 300.372 298.679 296.628 294.449 292.204 289.961 287.533 285.06 282.761 280.552 278.716 276.746 274.575 272.121 269.12 266.062 263.05 261.17 259.506 257.69 255.203 251.787 247.395 242.366 237.048 231.975 226.387 221.049 215.835 210.277 203.072 201.57 
306.867 304.515 304.847 302.884 301.255 299.934 298.304 296.378 294.199 291.954 289.774 287.408 284.997 282.699 280.427 278.654 276.746 274.637 272.184 269.12 266.062 262.988 261.108 259.506 257.753 255.265 251.849 247.458 242.366 236.986 231.912 226.387 220.924 215.835 210.277 203.135 201.695 
307.117 304.765 305.035 302.946 301.067 299.497 297.804 295.941 293.886 291.767 289.586 287.283 284.935 282.636 280.364 278.591 276.746 274.637 272.184 269.12 266.062 262.988 261.045 259.443 257.753 255.265 251.849 247.458 242.366 236.923 231.85 226.387 220.924 215.772 210.339 203.197 201.82 
307.305 305.015 305.16 302.946 300.942 299.122 297.366 295.566 293.636 291.517 289.336 287.22 284.935 282.699 280.427 278.654 276.746 274.637 272.184 269.182 266.062 262.988 260.983 259.256 257.628 255.203 251.849 247.395 242.366 236.861 231.787 226.387 220.862 215.772 210.464 203.385 201.758 
307.305 305.14 305.097 303.009 300.755 298.872 296.929 295.066 293.261 291.267 289.211 287.095 284.935 282.824 280.614 278.716 276.746 274.575 272.184 269.182 266.125 263.05 260.92 259.131 257.503 255.078 251.787 247.395 242.303 236.861 231.725 226.387 220.924 215.835 210.527 203.572 201.633 
307.242 305.14 305.035 303.009 300.755 298.622 296.616 294.691 292.949 291.017 289.024 286.97 284.997 282.949 280.802 278.779 276.746 274.512 272.121 269.12 266.125 263.113 260.858 258.943 257.315 254.953 251.724 247.395 242.303 236.798 231.662 226.387 220.987 216.022 210.714 203.697 201.383 
307.055 305.14 304.91 302.946 300.755 298.622 296.491 294.441 292.699 290.767 288.836 286.908 285.06 283.074 280.927 278.841 276.683 274.45 271.996 269.12 266.125 263.175 260.795 258.881 257.253 254.89 251.662 247.395 242.303 236.798 231.662 226.387 221.049 216.147 210.839 203.822 201.07 
306.93 305.078 304.722 302.884 300.755 298.622 296.491 294.378 292.511 290.579 288.649 286.72 285.06 283.136 280.989 278.841 276.621 274.325 271.934 269.057 266.125 263.113 260.795 258.756 257.19 254.89 251.662 247.395 242.303 236.798 231.662 226.387 221.174 216.272 210.902 203.947 200.758 
306.867 305.078 304.597 302.821 300.755 298.747 296.616 294.378 292.449 290.454 288.524 286.658 285.06 283.199 281.052 278.841 276.558 274.262 271.809 268.995 266.125 263.175 260.733 258.693 257.19 254.89 251.662 247.458 242.366 236.798 231.662 226.387 221.237 216.335 211.027 204.01 200.445 
306.867 305.14 304.472 302.759 300.755 298.747 296.741 294.566 292.449 290.392 288.461 286.595 285.06 283.261 281.052 278.779 276.433 274.137 271.746 268.932 266.062 263.175 260.67 258.568 257.19 254.89 251.662 247.395 242.366 236.861 231.662 226.45 221.299 216.397 211.089 204.135 200.195 
306.867 305.203 304.41 302.696 300.755 298.809 296.741 294.628 292.574 290.517 288.461 286.72 285.122 283.324 281.114 278.779 276.371 274.075 271.684 268.932 266.125 263.175 260.67 258.506 257.128 254.89 251.662 247.395 242.366 236.861 231.662 226.45 221.299 216.397 211.152 204.26 199.883 
306.867 305.265 304.347 302.696 300.692 298.809 296.804 294.691 292.636 290.579 288.649 286.908 285.247 283.386 281.177 278.779 276.308 274.012 271.559 268.932 266.062 263.238 260.67 258.443 257.065 254.828 251.599 247.395 242.366 236.861 231.725 226.45 221.362 216.397 211.214 204.26 199.695 
306.805 305.203 304.285 302.634 300.692 298.809 296.741 294.691 292.636 290.767 288.961 287.158 285.435 283.449 281.177 278.779 276.246 273.95 271.559 268.87 266.062 263.238 260.67 258.443 257.003 254.828 251.662 247.395 242.303 236.798 231.725 226.512 221.424 216.46 211.214 204.26 199.508 
306.742 305.14 304.16 302.634 300.755 298.809 296.741 294.628 292.761 290.954 289.211 287.47 285.622 283.511 281.177 278.779 276.246 273.95 271.559 268.87 266.125 263.3 260.733 258.443 256.94 254.765 251.599 247.395 242.303 236.798 231.662 226.512 221.487 216.522 211.339 204.197 199.32 
306.617 305.078 303.972 302.571 300.817 298.872 296.741 294.691 292.824 291.142 289.461 287.658 285.747 283.574 281.239 278.841 276.246 273.95 271.496 268.87 266.125 263.3 260.733 258.506 257.003 254.765 251.537 247.333 242.303 236.736 231.6 226.575 221.487 216.522 211.277 204.135 199.195 
306.555 304.89 303.972 302.571 300.942 298.934 296.804 294.691 292.949 291.392 289.649 287.845 285.81 283.636 281.239 278.841 276.308 273.95 271.559 268.932 266.187 263.363 260.795 258.568 257.003 254.703 251.474 247.333 242.303 236.736 231.6 226.575 221.487 216.46 211.214 203.947 199.008 
306.43 304.703 303.972 302.634 301.005 299.122 296.929 294.878 293.136 291.579 289.836 287.97 285.872 283.699 281.302 278.841 276.371 274.012 271.684 269.057 266.312 263.425 260.858 258.568 257.065 254.765 251.537 247.27 242.241 236.673 231.537 226.575 221.487 216.46 211.089 203.885 198.883 
306.242 304.578 303.91 302.634 301.192 299.372 297.179 295.066 293.261 291.704 289.961 288.095 285.935 283.699 281.364 278.904 276.371 274.137 271.746 269.182 266.437 263.55 260.92 258.631 257.128 254.828 251.537 247.27 242.178 236.673 231.475 226.512 221.549 216.397 210.964 203.697 198.758 
307.055 305.578 304.972 304.384 302.88 301.122 299.179 297.003 294.761 292.517 290.211 287.408 284.747 282.074 279.489 277.154 274.933 273.075 271.184 268.87 266.5 264.238 261.858 259.318 256.503 253.578 250.474 246.833 242.366 237.173 231.912 226.825 221.424 215.272 208.714 203.947 204.32 
307.367 305.828 305.097 304.384 303.005 301.309 299.366 297.253 295.011 292.829 290.461 287.595 284.935 282.261 279.552 277.154 274.996 273.075 271.184 268.87 266.437 264.175 261.858 259.318 256.503 253.578 250.474 246.833 242.366 237.173 231.787 226.7 221.237 215.21 208.652 204.072 204.383 
307.492 306.015 305.16 304.321 303.005 301.497 299.554 297.441 295.261 293.079 290.711 287.845 285.122 282.386 279.552 277.154 275.058 273.137 271.184 268.932 266.562 264.3 261.92 259.381 256.565 253.578 250.412 246.833 242.366 237.173 231.787 226.575 221.112 215.21 208.589 204.197 204.445 
307.492 306.015 305.097 304.196 302.942 301.497 299.679 297.691 295.449 293.204 290.836 287.97 285.185 282.449 279.552 277.154 274.996 273.075 271.246 269.057 266.75 264.488 262.045 259.443 256.503 253.453 250.349 246.708 242.303 237.173 231.787 226.512 221.112 215.272 208.652 204.135 204.258 
307.43 305.89 305.16 304.009 302.755 301.559 299.804 297.816 295.636 293.392 290.899 288.033 285.247 282.511 279.677 277.091 274.871 273.075 271.246 269.182 266.937 264.613 262.17 259.631 256.565 253.515 250.287 246.645 242.241 237.173 231.787 226.512 221.112 215.335 208.714 204.072 204.07 
307.367 305.765 305.285 303.821 302.63 301.559 299.866 298.003 295.824 293.454 290.899 288.095 285.31 282.511 279.739 277.216 274.871 273.137 271.371 269.245 267.062 264.738 262.295 259.631 256.69 253.515 250.224 246.583 242.241 237.173 231.787 226.45 221.174 215.522 208.839 203.947 203.758 
307.242 305.39 305.347 303.696 302.442 301.559 299.991 298.128 295.949 293.517 290.899 288.158 285.372 282.574 279.802 277.404 274.996 273.325 271.496 269.432 267.187 264.738 262.295 259.693 256.753 253.578 250.224 246.52 242.178 237.173 231.85 226.512 221.174 215.585 208.964 203.822 203.445 
307.117 305.078 305.347 303.446 302.255 301.434 299.991 298.191 296.011 293.579 290.961 288.22 285.435 282.636 279.864 277.529 275.308 273.512 271.684 269.495 267.187 264.738 262.233 259.631 256.753 253.64 250.224 246.52 242.178 237.173 231.912 226.512 221.299 215.71 209.027 203.635 203.195 
307.117 304.89 305.222 303.321 302.067 301.309 299.991 298.191 296.074 293.579 291.024 288.283 285.497 282.761 279.927 277.779 275.621 273.762 271.871 269.62 267.187 264.613 262.17 259.568 256.815 253.703 250.287 246.52 242.178 237.173 231.912 226.575 221.362 215.835 209.089 203.385 203.008 
307.055 304.765 305.035 303.134 301.88 301.122 299.866 298.128 296.011 293.579 291.024 288.283 285.56 282.761 279.989 277.904 275.933 274.012 271.996 269.62 267.125 264.55 262.108 259.568 256.815 253.765 250.349 246.52 242.178 237.173 231.975 226.575 221.424 215.835 209.152 203.197 202.82 
306.992 304.578 304.972 303.071 301.755 300.997 299.741 298.003 295.949 293.579 291.024 288.283 285.56 282.761 280.052 278.154 276.246 274.262 272.121 269.557 267 264.363 261.983 259.506 256.815 253.828 250.474 246.583 242.178 237.173 232.037 226.637 221.487 215.835 209.152 203.072 202.758 
306.992 304.515 304.91 302.884 301.63 300.872 299.679 297.941 295.886 293.579 291.024 288.283 285.497 282.886 280.239 278.279 276.433 274.387 272.184 269.495 266.812 264.175 261.795 259.506 256.94 253.953 250.599 246.645 242.178 237.173 232.1 226.637 221.424 215.835 209.152 202.947 202.633 
306.93 304.453 304.847 302.821 301.567 300.809 299.616 297.878 295.824 293.579 290.961 288.283 285.497 282.886 280.364 278.466 276.621 274.575 272.246 269.432 266.687 263.988 261.733 259.443 256.94 254.14 250.724 246.77 242.241 237.173 232.1 226.637 221.487 215.835 209.277 202.885 202.383 
306.867 304.39 304.722 302.821 301.567 300.872 299.554 297.816 295.824 293.517 290.961 288.283 285.56 283.011 280.489 278.591 276.683 274.637 272.309 269.37 266.5 263.738 261.608 259.443 257.065 254.265 250.912 246.895 242.241 237.173 232.162 226.7 221.487 215.835 209.339 202.885 202.133 
306.742 304.14 304.722 302.759 301.63 300.872 299.491 297.753 295.699 293.392 290.899 288.22 285.497 283.011 280.614 278.654 276.683 274.637 272.371 269.37 266.375 263.55 261.42 259.443 257.128 254.453 251.099 246.958 242.241 237.173 232.162 226.637 221.424 215.835 209.464 202.885 201.945 
306.617 303.953 304.66 302.821 301.755 300.934 299.429 297.566 295.511 293.204 290.774 288.158 285.497 283.011 280.614 278.716 276.746 274.7 272.371 269.307 266.312 263.425 261.358 259.381 257.128 254.578 251.162 247.083 242.303 237.111 232.1 226.637 221.424 215.897 209.589 202.885 201.695 
306.492 304.078 304.722 302.884 301.88 300.934 299.304 297.378 295.261 292.954 290.586 288.033 285.372 283.011 280.677 278.716 276.683 274.7 272.309 269.245 266.25 263.3 261.295 259.381 257.19 254.64 251.287 247.083 242.241 237.111 232.1 226.575 221.362 215.96 209.714 202.947 201.633 
306.43 304.328 304.722 302.946 301.88 300.872 299.116 297.128 294.949 292.704 290.336 287.845 285.247 282.949 280.614 278.654 276.683 274.637 272.309 269.182 266.187 263.238 261.233 259.318 257.315 254.765 251.349 247.145 242.241 237.048 232.1 226.575 221.362 216.022 209.902 202.947 201.57 
306.492 304.515 304.722 302.946 301.755 300.559 298.866 296.816 294.699 292.454 290.149 287.783 285.185 282.824 280.489 278.591 276.683 274.637 272.246 269.182 266.125 263.175 261.233 259.381 257.378 254.89 251.474 247.208 242.303 237.048 232.037 226.512 221.299 215.96 209.964 202.947 201.633 
306.68 304.578 304.847 302.884 301.505 300.247 298.554 296.566 294.386 292.204 289.899 287.595 285.06 282.699 280.302 278.529 276.621 274.575 272.184 269.12 266.125 263.05 261.108 259.381 257.503 254.953 251.599 247.27 242.303 237.048 231.975 226.512 221.237 215.96 210.089 202.947 201.758 
306.93 304.828 304.972 302.946 301.255 299.872 298.241 296.316 294.136 291.892 289.711 287.408 284.997 282.574 280.114 278.466 276.621 274.575 272.246 269.12 266.062 262.988 261.045 259.381 257.628 255.078 251.724 247.333 242.303 236.923 231.912 226.45 221.174 215.835 210.089 203.01 201.883 
307.242 305.078 305.097 303.009 301.067 299.434 297.804 295.878 293.824 291.642 289.461 287.283 284.935 282.511 279.989 278.404 276.683 274.637 272.246 269.182 266.062 262.925 260.983 259.256 257.565 255.078 251.724 247.395 242.303 236.923 231.85 226.45 221.112 215.835 210.214 203.135 202.07 
307.492 305.328 305.285 303.071 301.005 299.122 297.304 295.441 293.511 291.329 289.274 287.095 284.872 282.574 280.114 278.404 276.683 274.637 272.246 269.182 266.062 262.925 260.858 259.131 257.503 255.078 251.724 247.395 242.303 236.861 231.787 226.45 221.049 215.835 210.277 203.322 202.07 
307.555 305.39 305.347 303.196 300.88 298.872 296.929 295.003 293.074 291.079 289.024 287.033 284.872 282.636 280.302 278.529 276.683 274.637 272.246 269.182 266.062 262.925 260.795 258.943 257.315 254.953 251.662 247.333 242.303 236.798 231.725 226.387 221.112 215.897 210.402 203.447 201.945 
307.492 305.328 305.347 303.196 300.88 298.747 296.679 294.628 292.699 290.767 288.836 286.845 284.872 282.761 280.489 278.591 276.683 274.575 272.184 269.182 266.125 262.988 260.733 258.756 257.19 254.89 251.724 247.395 242.241 236.798 231.725 226.387 221.174 216.022 210.589 203.572 201.695 
307.43 305.203 305.285 303.259 300.88 298.684 296.554 294.378 292.449 290.454 288.586 286.783 284.935 282.886 280.614 278.654 276.621 274.45 272.059 269.182 266.125 263.05 260.608 258.693 257.128 254.828 251.662 247.395 242.241 236.798 231.662 226.387 221.237 216.147 210.714 203.635 201.383 
307.305 305.078 305.097 303.134 300.88 298.684 296.554 294.316 292.261 290.267 288.461 286.658 284.997 282.949 280.739 278.654 276.496 274.325 271.934 269.12 266.187 263.05 260.608 258.568 257.19 254.89 251.662 247.395 242.303 236.798 231.662 226.45 221.299 216.272 210.839 203.76 201.008 
307.305 305.078 304.972 303.071 300.942 298.809 296.616 294.316 292.199 290.142 288.336 286.595 285.06 283.074 280.739 278.529 276.308 274.2 271.871 269.12 266.187 263.113 260.608 258.506 257.253 254.89 251.662 247.395 242.303 236.798 231.662 226.45 221.362 216.397 210.902 203.76 200.633 
307.242 305.203 304.91 303.071 300.942 298.809 296.679 294.441 292.261 290.142 288.336 286.595 285.122 283.136 280.802 278.529 276.183 274.075 271.809 269.057 266.187 263.175 260.608 258.443 257.253 254.89 251.662 247.395 242.303 236.861 231.662 226.387 221.362 216.397 210.964 203.822 200.383 
307.242 305.39 304.91 303.009 300.88 298.809 296.679 294.503 292.324 290.267 288.399 286.72 285.185 283.261 280.802 278.466 276.121 274.012 271.746 269.057 266.25 263.238 260.608 258.381 257.19 254.953 251.662 247.333 242.303 236.798 231.662 226.387 221.424 216.46 211.089 203.947 200.133 
307.242 305.515 304.847 303.009 300.88 298.809 296.679 294.441 292.386 290.329 288.586 286.97 285.31 283.261 280.864 278.466 276.058 273.95 271.684 269.057 266.25 263.3 260.608 258.381 257.128 254.953 251.662 247.333 242.303 236.736 231.6 226.387 221.487 216.522 211.214 204.01 199.883 
307.18 305.515 304.785 303.009 300.942 298.809 296.616 294.441 292.386 290.579 288.899 287.283 285.497 283.324 280.864 278.529 276.058 273.95 271.684 269.057 266.25 263.3 260.67 258.381 257.065 254.89 251.662 247.333 242.241 236.736 231.537 226.387 221.487 216.585 211.277 203.947 199.695 
307.18 305.453 304.722 303.009 300.942 298.809 296.554 294.441 292.511 290.829 289.211 287.533 285.622 283.386 280.989 278.591 276.058 273.95 271.684 269.057 266.25 263.363 260.733 258.443 257.065 254.89 251.662 247.333 242.241 236.673 231.537 226.45 221.549 216.585 211.339 203.947 199.445 
307.117 305.328 304.66 303.009 301.067 298.872 296.554 294.441 292.636 291.079 289.461 287.783 285.747 283.511 281.052 278.591 276.121 274.012 271.684 269.057 266.312 263.363 260.795 258.506 257.065 254.828 251.599 247.333 242.241 236.611 231.475 226.45 221.612 216.647 211.339 203.885 199.258 
307.055 305.203 304.597 303.009 301.13 298.997 296.679 294.503 292.761 291.267 289.649 287.97 285.81 283.511 281.052 278.654 276.183 274.012 271.746 269.12 266.312 263.425 260.795 258.568 257.128 254.828 251.599 247.333 242.241 236.611 231.35 226.45 221.612 216.585 211.277 203.822 199.133 
306.867 304.953 304.535 303.071 301.255 299.184 296.804 294.628 292.949 291.454 289.836 288.095 285.872 283.574 281.114 278.716 276.246 274.137 271.809 269.182 266.437 263.425 260.858 258.693 257.19 254.953 251.599 247.333 242.178 236.611 231.287 226.45 221.674 216.585 211.152 203.635 199.008 
306.617 304.765 304.535 303.196 301.442 299.372 297.054 294.816 293.074 291.642 290.024 288.22 285.935 283.636 281.177 278.841 276.371 274.2 271.871 269.307 266.5 263.55 260.92 258.693 257.253 254.953 251.662 247.333 242.178 236.548 231.162 226.387 221.612 216.585 211.027 203.572 198.82 
306.305 304.89 304.222 304.009 302.692 300.997 299.054 296.941 294.699 292.392 289.961 287.033 284.31 281.636 279.177 276.904 274.871 273.075 271.309 269.12 266.75 264.363 261.858 259.193 256.253 253.265 250.099 246.52 242.178 237.111 231.85 226.825 221.487 215.335 208.777 204.135 204.445 
306.805 305.328 304.597 304.134 302.88 301.309 299.366 297.253 295.074 292.767 290.274 287.283 284.497 281.824 279.239 276.966 274.996 273.2 271.309 268.932 266.562 264.238 261.733 259.131 256.253 253.328 250.162 246.583 242.241 237.111 231.787 226.7 221.362 215.272 208.714 204.385 204.508 
307.055 305.578 304.722 304.134 303.005 301.497 299.679 297.566 295.386 293.079 290.586 287.533 284.685 281.949 279.302 277.029 275.058 273.137 271.246 268.932 266.5 264.175 261.733 259.131 256.253 253.328 250.162 246.583 242.303 237.111 231.725 226.637 221.237 215.272 208.714 204.635 204.383 
307.117 305.578 304.722 304.071 302.942 301.622 299.866 297.816 295.636 293.329 290.774 287.72 284.872 282.136 279.364 277.029 274.933 273.075 271.184 268.932 266.562 264.3 261.858 259.193 256.253 253.265 250.162 246.583 242.241 237.111 231.725 226.575 221.237 215.335 208.714 204.635 204.07 
307.055 305.515 304.847 303.884 302.817 301.684 299.929 298.003 295.886 293.517 290.836 287.845 284.935 282.199 279.427 276.966 274.808 272.95 271.121 269.057 266.75 264.488 261.983 259.318 256.315 253.265 250.099 246.52 242.241 237.173 231.787 226.637 221.299 215.46 208.777 204.447 203.758 
306.992 305.453 304.972 303.696 302.692 301.684 300.054 298.191 296.011 293.517 290.836 287.908 285.06 282.261 279.552 277.091 274.808 273.012 271.246 269.12 266.937 264.613 262.108 259.381 256.378 253.265 250.037 246.458 242.178 237.173 231.85 226.7 221.362 215.585 208.902 204.26 203.508 
306.93 305.328 305.16 303.571 302.505 301.622 300.054 298.253 296.074 293.579 290.836 288.033 285.185 282.386 279.677 277.404 275.058 273.262 271.434 269.307 267.062 264.675 262.108 259.443 256.44 253.265 249.974 246.395 242.178 237.173 231.912 226.762 221.487 215.71 208.902 203.947 203.258 
306.93 305.14 305.16 303.384 302.255 301.559 300.116 298.316 296.136 293.642 290.961 288.158 285.31 282.574 279.927 277.716 275.496 273.637 271.684 269.432 267.062 264.613 262.045 259.318 256.44 253.328 250.037 246.395 242.178 237.173 232.037 226.762 221.549 215.772 208.964 203.697 203.133 
306.992 305.078 305.097 303.259 302.067 301.372 300.054 298.316 296.136 293.642 291.024 288.283 285.435 282.699 280.114 278.029 275.996 274.012 271.934 269.557 267.062 264.488 261.92 259.256 256.378 253.328 250.037 246.395 242.178 237.236 232.037 226.825 221.612 215.835 208.964 203.447 203.133 
306.93 304.953 305.035 303.071 301.817 301.247 299.929 298.253 296.074 293.642 291.086 288.283 285.497 282.886 280.302 278.341 276.433 274.325 272.121 269.62 267.062 264.425 261.858 259.193 256.378 253.328 250.037 246.395 242.178 237.236 232.1 226.887 221.674 215.835 208.964 203.197 203.07 
306.992 304.765 304.91 302.946 301.692 301.122 299.866 298.191 296.011 293.642 291.086 288.283 285.56 282.949 280.427 278.591 276.746 274.575 272.246 269.62 266.937 264.3 261.795 259.193 256.44 253.39 250.099 246.395 242.178 237.236 232.162 226.95 221.674 215.772 208.902 203.072 203.008 
306.93 304.64 304.847 302.821 301.567 300.934 299.741 298.066 295.949 293.642 291.086 288.283 285.56 283.011 280.552 278.716 276.871 274.7 272.371 269.557 266.812 264.175 261.733 259.256 256.503 253.515 250.224 246.458 242.116 237.236 232.162 226.95 221.674 215.71 208.964 203.01 202.883 
306.93 304.64 304.785 302.696 301.442 300.809 299.616 297.941 295.949 293.642 291.024 288.283 285.56 283.011 280.677 278.841 276.996 274.825 272.434 269.557 266.687 263.925 261.608 259.256 256.628 253.703 250.349 246.52 242.116 237.236 232.225 226.887 221.674 215.71 209.027 203.01 202.695 
306.93 304.578 304.785 302.696 301.38 300.747 299.554 297.816 295.824 293.579 291.086 288.345 285.622 283.074 280.739 278.904 277.058 274.95 272.496 269.495 266.5 263.738 261.483 259.193 256.69 253.828 250.537 246.645 242.116 237.173 232.225 226.95 221.612 215.71 209.089 202.947 202.445 
306.805 304.328 304.722 302.696 301.38 300.747 299.429 297.753 295.699 293.454 290.961 288.283 285.622 283.074 280.739 278.904 277.058 275.012 272.621 269.495 266.437 263.55 261.358 259.193 256.753 253.953 250.662 246.708 242.116 237.173 232.225 226.887 221.612 215.71 209.214 202.947 202.133 
306.742 304.078 304.722 302.696 301.442 300.747 299.366 297.566 295.511 293.329 290.836 288.22 285.56 283.074 280.677 278.841 276.996 274.95 272.621 269.432 266.312 263.425 261.233 259.131 256.815 254.078 250.787 246.77 242.116 237.111 232.162 226.887 221.612 215.835 209.339 202.947 201.945 
306.617 304.265 304.785 302.821 301.567 300.684 299.179 297.316 295.261 293.079 290.711 288.158 285.435 283.011 280.614 278.779 276.871 274.95 272.559 269.37 266.25 263.3 261.233 259.131 256.878 254.203 250.912 246.833 242.116 237.048 232.162 226.887 221.612 215.897 209.527 202.947 201.82 
306.617 304.578 304.785 302.884 301.567 300.559 298.991 297.066 294.949 292.767 290.461 287.97 285.372 282.886 280.489 278.591 276.683 274.762 272.434 269.307 266.187 263.238 261.17 259.131 257.003 254.328 251.037 246.895 242.116 236.986 232.1 226.825 221.549 215.96 209.652 202.947 201.758 
306.68 304.828 304.847 302.884 301.505 300.309 298.741 296.753 294.636 292.454 290.211 287.845 285.247 282.761 280.302 278.466 276.558 274.637 272.309 269.245 266.187 263.175 261.108 259.131 257.065 254.515 251.162 246.958 242.116 236.986 232.1 226.762 221.487 215.96 209.777 202.885 201.82 
306.805 305.015 304.91 302.946 301.38 300.059 298.429 296.503 294.386 292.142 289.961 287.658 285.122 282.574 280.052 278.279 276.433 274.575 272.246 269.182 266.125 263.05 261.045 259.193 257.253 254.64 251.287 247.083 242.178 236.986 232.037 226.7 221.424 215.96 209.902 202.885 201.945 
306.992 305.203 305.035 302.946 301.192 299.684 298.054 296.191 294.074 291.892 289.774 287.47 284.997 282.449 279.864 278.154 276.371 274.512 272.246 269.182 266.125 262.988 260.983 259.193 257.378 254.765 251.412 247.208 242.178 236.923 231.975 226.637 221.362 215.897 209.964 202.947 202.07 
307.305 305.515 305.222 303.071 301.067 299.372 297.679 295.816 293.824 291.642 289.524 287.283 284.872 282.324 279.739 278.091 276.371 274.512 272.309 269.245 266.062 262.863 260.858 259.131 257.315 254.828 251.537 247.27 242.241 236.861 231.912 226.575 221.299 215.835 210.027 203.072 202.258 
307.617 305.703 305.41 303.134 301.005 299.122 297.304 295.441 293.449 291.329 289.211 287.095 284.81 282.386 279.739 278.091 276.371 274.575 272.309 269.245 266.062 262.863 260.733 258.943 257.253 254.89 251.599 247.27 242.241 236.861 231.85 226.512 221.237 215.835 210.152 203.197 202.32 
307.68 305.703 305.535 303.259 301.005 298.934 296.991 295.003 293.011 290.954 288.961 286.908 284.81 282.386 279.927 278.216 276.433 274.575 272.309 269.245 266.125 262.863 260.67 258.756 257.128 254.828 251.537 247.27 242.241 236.798 231.787 226.512 221.299 215.897 210.277 203.385 202.258 
307.68 305.453 305.597 303.384 301.005 298.809 296.741 294.628 292.636 290.642 288.711 286.783 284.81 282.511 280.052 278.279 276.433 274.512 272.246 269.245 266.125 262.863 260.545 258.568 257.003 254.765 251.599 247.333 242.241 236.798 231.725 226.512 221.362 216.022 210.402 203.447 202.07 
307.617 305.203 305.597 303.446 301.005 298.747 296.616 294.441 292.386 290.329 288.524 286.72 284.81 282.636 280.177 278.279 276.371 274.387 272.184 269.245 266.187 262.925 260.42 258.381 257.003 254.765 251.599 247.333 242.241 236.798 231.725 226.512 221.424 216.147 210.527 203.51 201.695 
307.617 305.015 305.472 303.384 301.005 298.809 296.554 294.316 292.199 290.142 288.399 286.658 284.872 282.699 280.302 278.279 276.183 274.262 272.059 269.245 266.187 262.988 260.42 258.381 257.128 254.828 251.662 247.395 242.241 236.861 231.725 226.512 221.487 216.272 210.652 203.572 201.383 
307.555 305.015 305.41 303.321 301.067 298.809 296.616 294.378 292.199 290.079 288.274 286.658 284.935 282.824 280.302 278.154 275.996 274.137 271.934 269.245 266.312 263.05 260.42 258.318 257.253 254.89 251.662 247.395 242.241 236.861 231.725 226.512 221.487 216.335 210.714 203.572 201.008 
307.555 305.265 305.285 303.321 301.005 298.809 296.616 294.441 292.261 290.079 288.336 286.72 284.997 282.886 280.302 278.091 275.871 274.012 271.871 269.182 266.312 263.175 260.483 258.318 257.378 254.953 251.662 247.395 242.241 236.861 231.725 226.45 221.487 216.397 210.902 203.635 200.695 
307.43 305.515 305.285 303.259 301.005 298.809 296.616 294.441 292.261 290.204 288.399 286.845 285.122 282.949 280.364 278.091 275.808 273.95 271.871 269.182 266.312 263.238 260.483 258.318 257.315 255.015 251.662 247.333 242.241 236.798 231.662 226.387 221.487 216.522 211.027 203.697 200.383 
307.43 305.64 305.222 303.321 301.067 298.809 296.616 294.441 292.324 290.329 288.586 287.033 285.247 283.011 280.427 278.091 275.808 273.95 271.871 269.245 266.375 263.3 260.545 258.318 257.19 255.015 251.662 247.27 242.178 236.736 231.6 226.387 221.612 216.585 211.152 203.697 200.133 
307.43 305.578 305.222 303.321 301.067 298.872 296.554 294.441 292.386 290.579 288.899 287.283 285.372 283.074 280.489 278.154 275.808 273.95 271.871 269.245 266.375 263.3 260.608 258.381 257.128 255.015 251.662 247.27 242.178 236.611 231.475 226.387 221.674 216.71 211.277 203.697 199.883 
307.43 305.515 305.16 303.384 301.13 298.872 296.554 294.441 292.449 290.767 289.149 287.533 285.497 283.136 280.614 278.216 275.871 274.012 271.871 269.245 266.437 263.363 260.67 258.443 257.19 254.953 251.662 247.27 242.116 236.548 231.35 226.387 221.737 216.772 211.339 203.697 199.633 
307.367 305.453 305.16 303.446 301.192 298.934 296.554 294.441 292.574 291.017 289.461 287.72 285.622 283.261 280.677 278.341 275.996 274.075 271.934 269.245 266.437 263.363 260.733 258.568 257.253 254.953 251.662 247.27 242.116 236.486 231.287 226.387 221.799 216.835 211.339 203.635 199.445 
307.305 305.39 305.16 303.446 301.317 298.997 296.616 294.503 292.699 291.204 289.649 287.908 285.685 283.324 280.802 278.466 276.058 274.137 271.934 269.307 266.437 263.425 260.858 258.693 257.315 254.953 251.662 247.333 242.116 236.486 231.162 226.387 221.799 216.835 211.277 203.572 199.258 
307.18 305.203 305.097 303.509 301.442 299.122 296.804 294.628 292.824 291.329 289.774 288.033 285.81 283.386 280.864 278.591 276.183 274.2 272.059 269.37 266.5 263.488 260.92 258.756 257.378 255.015 251.662 247.333 242.116 236.486 231.1 226.262 221.737 216.772 211.152 203.51 199.07 
306.992 304.953 305.097 303.634 301.567 299.372 296.991 294.816 293.011 291.517 289.961 288.158 285.872 283.511 280.989 278.654 276.308 274.325 272.121 269.432 266.562 263.55 260.983 258.881 257.44 255.078 251.724 247.333 242.178 236.486 230.975 226.2 221.737 216.772 211.027 203.385 198.945 
305.492 304.015 303.347 303.384 302.255 300.684 298.804 296.753 294.574 292.267 289.774 286.783 284.06 281.449 278.989 276.841 274.871 273.075 271.184 269.12 267 264.488 261.858 259.006 256.003 253.015 249.849 246.333 242.053 237.048 231.787 226.762 221.549 215.46 208.839 204.26 204.508 
306.055 304.578 303.847 303.634 302.505 300.997 299.179 297.128 294.949 292.579 290.086 286.97 284.247 281.574 279.114 276.904 274.996 273.075 271.184 268.932 266.687 264.238 261.67 259.006 256.003 253.015 249.912 246.395 242.116 237.111 231.725 226.762 221.487 215.46 208.839 204.572 204.383 
306.305 304.89 304.035 303.759 302.755 301.309 299.554 297.566 295.324 293.017 290.399 287.283 284.435 281.761 279.177 276.904 274.933 273.012 271.059 268.807 266.437 264.05 261.545 258.943 256.065 253.078 249.974 246.458 242.178 237.173 231.787 226.762 221.424 215.46 208.902 204.76 204.195 
306.367 304.89 304.035 303.696 302.755 301.497 299.804 297.878 295.699 293.267 290.586 287.47 284.622 281.886 279.302 276.904 274.808 272.887 270.934 268.682 266.375 264.05 261.608 259.006 256.128 253.14 250.037 246.52 242.241 237.173 231.787 226.762 221.424 215.46 208.839 204.76 203.82 
306.305 304.828 304.16 303.571 302.63 301.559 299.991 298.128 295.949 293.454 290.649 287.533 284.747 282.011 279.302 276.904 274.683 272.762 270.809 268.745 266.5 264.238 261.733 259.131 256.19 253.14 249.974 246.458 242.241 237.173 231.912 226.825 221.487 215.522 208.902 204.635 203.508 
306.305 304.828 304.41 303.446 302.505 301.559 300.054 298.253 296.011 293.454 290.586 287.658 284.81 282.074 279.427 277.029 274.746 272.825 270.934 268.87 266.687 264.363 261.858 259.193 256.253 253.14 249.912 246.395 242.241 237.236 231.975 226.95 221.612 215.585 208.839 204.322 203.258 
306.367 304.89 304.66 303.321 302.38 301.559 300.054 298.253 296.074 293.517 290.649 287.783 284.935 282.199 279.677 277.404 275.058 273.137 271.184 269.057 266.812 264.425 261.858 259.131 256.253 253.14 249.849 246.333 242.178 237.236 232.1 227.075 221.674 215.71 208.839 204.01 203.133 
306.555 304.953 304.847 303.259 302.192 301.497 300.054 298.316 296.136 293.579 290.774 287.97 285.122 282.449 280.052 277.904 275.683 273.637 271.496 269.245 266.875 264.363 261.733 259.006 256.19 253.14 249.912 246.333 242.178 237.236 232.162 227.137 221.737 215.71 208.839 203.697 203.195 
306.68 305.015 304.91 303.134 302.005 301.434 300.054 298.378 296.136 293.642 290.961 288.095 285.31 282.699 280.427 278.404 276.308 274.2 271.871 269.37 266.875 264.3 261.608 258.818 256.065 253.14 249.849 246.333 242.178 237.298 232.225 227.2 221.799 215.71 208.839 203.447 203.258 
306.805 305.078 304.847 303.009 301.817 301.372 300.054 298.316 296.136 293.704 291.086 288.22 285.435 282.949 280.739 278.779 276.871 274.575 272.184 269.495 266.875 264.238 261.545 258.818 256.003 253.078 249.849 246.333 242.116 237.298 232.287 227.2 221.799 215.647 208.777 203.322 203.32 
306.867 304.953 304.847 302.821 301.63 301.184 299.991 298.253 296.074 293.704 291.086 288.22 285.56 283.136 280.927 279.091 277.246 274.825 272.371 269.62 266.875 264.175 261.545 258.818 256.065 253.078 249.849 246.27 242.116 237.298 232.287 227.2 221.737 215.647 208.777 203.26 203.258 
306.805 304.828 304.785 302.696 301.442 300.934 299.804 298.128 296.011 293.704 291.086 288.283 285.622 283.199 281.052 279.216 277.371 274.95 272.496 269.62 266.75 264.05 261.545 258.943 256.128 253.14 249.912 246.333 242.053 237.298 232.287 227.2 221.737 215.585 208.839 203.197 203.133 
306.805 304.828 304.722 302.571 301.255 300.747 299.616 298.003 295.949 293.704 291.086 288.283 285.622 283.199 281.052 279.216 277.371 275.075 272.559 269.62 266.625 263.863 261.42 258.943 256.19 253.265 249.974 246.333 242.053 237.236 232.287 227.2 221.737 215.585 208.839 203.135 202.883 
306.867 304.703 304.722 302.509 301.13 300.622 299.491 297.878 295.886 293.642 291.086 288.345 285.685 283.261 281.052 279.216 277.433 275.137 272.684 269.62 266.562 263.675 261.233 258.943 256.315 253.39 250.099 246.395 242.053 237.236 232.287 227.262 221.737 215.585 208.964 203.135 202.633 
306.867 304.453 304.785 302.509 301.067 300.559 299.366 297.691 295.761 293.517 291.024 288.345 285.685 283.261 280.927 279.216 277.371 275.262 272.809 269.62 266.437 263.488 261.108 258.881 256.315 253.453 250.224 246.395 241.991 237.173 232.287 227.262 221.737 215.647 209.027 203.01 202.383 
306.805 304.265 304.847 302.571 301.13 300.497 299.241 297.503 295.511 293.329 290.961 288.283 285.622 283.199 280.802 279.091 277.308 275.2 272.871 269.557 266.375 263.363 261.045 258.818 256.378 253.578 250.287 246.458 241.991 237.111 232.287 227.262 221.799 215.71 209.152 202.947 202.133 
306.867 304.39 304.91 302.634 301.192 300.434 299.054 297.253 295.261 293.079 290.774 288.22 285.56 283.074 280.614 278.841 277.058 275.137 272.809 269.495 266.312 263.238 261.045 258.818 256.44 253.64 250.349 246.52 241.991 237.048 232.225 227.2 221.799 215.835 209.339 202.947 202.008 
306.867 304.765 304.91 302.759 301.255 300.309 298.804 297.003 295.011 292.829 290.524 288.095 285.435 282.886 280.364 278.591 276.746 274.95 272.684 269.432 266.25 263.175 260.983 258.818 256.565 253.828 250.537 246.583 241.928 236.986 232.162 227.137 221.737 215.96 209.464 202.885 201.945 
306.867 305.078 304.972 302.884 301.255 300.059 298.554 296.691 294.636 292.517 290.274 287.908 285.31 282.699 280.114 278.279 276.433 274.7 272.496 269.307 266.25 263.113 260.92 258.818 256.69 254.015 250.724 246.708 241.991 236.923 232.162 227.075 221.737 215.96 209.652 202.885 202.008 
306.992 305.328 305.097 302.946 301.192 299.809 298.241 296.378 294.386 292.204 290.024 287.72 285.185 282.574 279.864 278.029 276.183 274.512 272.371 269.245 266.187 263.05 260.92 258.943 256.878 254.265 250.912 246.833 241.991 236.923 232.1 226.95 221.674 215.96 209.777 202.885 202.133 
307.18 305.578 305.16 303.009 301.067 299.497 297.866 296.066 294.136 291.954 289.774 287.47 285.06 282.386 279.614 277.779 275.996 274.387 272.246 269.245 266.125 262.988 260.858 258.943 257.003 254.453 251.099 246.958 242.053 236.861 232.037 226.887 221.612 215.96 209.839 202.947 202.32 
307.43 305.89 305.347 303.071 301.005 299.247 297.554 295.753 293.824 291.642 289.524 287.283 284.997 282.261 279.489 277.716 275.996 274.325 272.309 269.245 266.125 262.863 260.795 258.881 257.065 254.515 251.224 247.02 242.116 236.861 231.975 226.762 221.487 215.897 209.902 203.072 202.57 
307.68 306.078 305.535 303.196 301.005 299.059 297.241 295.378 293.449 291.329 289.211 287.095 284.872 282.199 279.489 277.654 275.933 274.387 272.371 269.307 266.125 262.863 260.67 258.756 257.003 254.578 251.287 247.145 242.116 236.861 231.912 226.7 221.424 215.835 210.027 203.197 202.695 
307.742 305.953 305.66 303.384 301.005 298.872 296.929 295.003 293.074 290.954 288.961 286.908 284.747 282.199 279.552 277.779 275.996 274.45 272.371 269.307 266.187 262.863 260.483 258.506 256.878 254.578 251.349 247.208 242.178 236.798 231.85 226.7 221.487 215.897 210.152 203.385 202.695 
307.742 305.703 305.785 303.446 301.067 298.809 296.741 294.691 292.699 290.642 288.711 286.783 284.747 282.261 279.677 277.841 275.996 274.45 272.371 269.37 266.187 262.863 260.358 258.318 256.815 254.578 251.412 247.208 242.178 236.798 231.787 226.637 221.549 216.022 210.277 203.447 202.508 
307.68 305.39 305.785 303.509 301.13 298.809 296.616 294.503 292.449 290.392 288.524 286.72 284.747 282.386 279.802 277.841 275.996 274.325 272.246 269.37 266.25 262.863 260.295 258.193 256.815 254.64 251.474 247.27 242.178 236.798 231.787 226.637 221.612 216.147 210.402 203.51 202.195 
307.68 305.14 305.722 303.571 301.13 298.809 296.616 294.441 292.324 290.267 288.461 286.72 284.81 282.449 279.864 277.841 275.808 274.137 272.184 269.37 266.312 262.925 260.233 258.131 256.94 254.703 251.599 247.333 242.178 236.861 231.787 226.637 221.674 216.21 210.464 203.447 201.883 
307.68 305.14 305.66 303.509 301.13 298.872 296.616 294.441 292.324 290.204 288.461 286.72 284.872 282.511 279.864 277.716 275.621 273.95 272.059 269.307 266.312 262.988 260.295 258.193 257.19 254.828 251.599 247.395 242.241 236.923 231.787 226.637 221.674 216.272 210.589 203.447 201.508 
307.617 305.328 305.535 303.446 301.067 298.872 296.679 294.566 292.324 290.267 288.461 286.783 284.872 282.574 279.864 277.654 275.496 273.887 271.934 269.307 266.437 263.113 260.358 258.256 257.378 254.953 251.599 247.333 242.241 236.923 231.787 226.575 221.674 216.335 210.714 203.447 201.07 
307.492 305.578 305.472 303.384 301.067 298.872 296.679 294.566 292.386 290.329 288.524 286.845 284.997 282.636 279.927 277.654 275.433 273.887 271.934 269.307 266.437 263.175 260.42 258.318 257.378 254.953 251.599 247.27 242.178 236.798 231.662 226.512 221.612 216.46 210.902 203.447 200.758 
307.43 305.64 305.472 303.446 301.13 298.872 296.679 294.628 292.449 290.454 288.649 287.033 285.122 282.761 280.052 277.716 275.496 273.887 271.934 269.307 266.437 263.238 260.545 258.381 257.315 255.078 251.599 247.208 242.116 236.736 231.6 226.45 221.674 216.647 211.089 203.51 200.445 
307.43 305.578 305.472 303.509 301.192 298.872 296.679 294.566 292.511 290.579 288.899 287.22 285.247 282.824 280.177 277.841 275.558 273.95 271.996 269.37 266.5 263.3 260.608 258.443 257.315 255.078 251.599 247.208 242.053 236.611 231.475 226.45 221.799 216.835 211.214 203.447 200.195 
307.492 305.515 305.472 303.571 301.255 298.934 296.679 294.566 292.574 290.767 289.086 287.408 285.372 282.886 280.302 277.966 275.683 274.012 272.059 269.37 266.5 263.3 260.67 258.506 257.315 255.015 251.662 247.208 242.053 236.548 231.35 226.387 221.862 216.96 211.277 203.447 199.883 
307.492 305.515 305.535 303.634 301.317 298.934 296.741 294.628 292.636 290.954 289.336 287.595 285.435 283.011 280.427 278.091 275.808 274.075 272.121 269.432 266.5 263.363 260.733 258.631 257.378 255.015 251.662 247.208 242.053 236.486 231.162 226.325 221.924 217.022 211.277 203.447 199.633 
307.43 305.515 305.535 303.759 301.38 299.059 296.804 294.691 292.699 291.079 289.461 287.72 285.56 283.136 280.552 278.216 275.933 274.2 272.184 269.432 266.562 263.425 260.858 258.756 257.503 255.078 251.662 247.27 242.053 236.423 231.1 226.262 221.862 217.022 211.214 203.385 199.383 
307.367 305.328 305.597 303.821 301.505 299.184 296.929 294.753 292.824 291.204 289.649 287.845 285.622 283.199 280.677 278.404 276.121 274.325 272.246 269.495 266.562 263.425 260.983 258.943 257.503 255.078 251.662 247.27 242.116 236.423 231.037 226.2 221.862 216.96 211.089 203.322 199.195 
307.242 305.078 305.597 303.946 301.692 299.434 297.116 294.941 292.949 291.392 289.774 287.97 285.747 283.324 280.802 278.529 276.308 274.45 272.309 269.557 266.625 263.488 261.108 259.068 257.628 255.14 251.662 247.333 242.116 236.486 230.912 226.012 221.737 216.96 210.964 203.197 199.07 
304.367 302.953 302.16 302.446 301.505 300.122 298.429 296.503 294.449 292.204 289.711 286.72 283.935 281.386 279.052 276.841 274.871 272.887 270.934 269.057 267.062 264.55 261.858 258.943 255.878 252.89 249.724 246.145 241.928 236.986 231.662 226.7 221.612 215.71 209.027 204.385 204.57 
304.93 303.515 302.722 302.821 301.817 300.497 298.741 296.753 294.699 292.392 289.899 286.845 284.122 281.511 279.052 276.904 274.933 272.95 270.809 268.807 266.75 264.238 261.608 258.818 255.878 252.89 249.787 246.27 242.053 237.048 231.725 226.825 221.612 215.647 209.027 204.635 204.383 
305.18 303.765 302.972 303.009 302.067 300.809 299.179 297.191 295.074 292.767 290.149 287.033 284.31 281.699 279.177 276.904 274.871 272.825 270.746 268.557 266.375 263.925 261.42 258.756 255.878 252.953 249.912 246.395 242.178 237.173 231.787 226.887 221.612 215.647 209.027 204.76 204.008 
305.242 303.765 303.035 303.009 302.192 301.059 299.491 297.628 295.511 293.079 290.336 287.22 284.435 281.824 279.239 276.904 274.683 272.637 270.559 268.37 266.125 263.8 261.358 258.818 256.003 253.078 249.974 246.458 242.241 237.236 231.912 227.012 221.612 215.585 208.964 204.697 203.633 
305.18 303.703 303.16 303.009 302.192 301.184 299.741 297.941 295.824 293.267 290.336 287.345 284.56 281.886 279.302 276.904 274.558 272.512 270.496 268.37 266.125 263.863 261.483 258.881 256.065 253.078 249.974 246.52 242.303 237.298 232.037 227.075 221.612 215.585 208.902 204.572 203.383 
305.242 303.765 303.472 302.946 302.13 301.247 299.866 298.066 295.886 293.267 290.336 287.408 284.622 281.949 279.427 277.029 274.683 272.637 270.559 268.495 266.312 263.988 261.545 258.943 256.065 253.078 249.912 246.458 242.303 237.298 232.162 227.2 221.674 215.585 208.839 204.26 203.195 
305.43 303.953 303.847 302.884 302.005 301.184 299.866 298.128 295.949 293.267 290.336 287.533 284.685 282.074 279.739 277.466 275.121 273.012 270.871 268.745 266.437 264.05 261.483 258.818 256.065 253.078 249.849 246.395 242.241 237.298 232.287 227.325 221.799 215.647 208.777 203.947 203.195 
305.742 304.265 304.16 302.884 301.817 301.184 299.866 298.128 295.949 293.329 290.524 287.658 284.872 282.324 280.177 278.029 275.808 273.575 271.309 268.995 266.562 263.988 261.295 258.631 256.003 253.078 249.849 246.333 242.178 237.361 232.412 227.45 221.799 215.647 208.714 203.697 203.32 
306.117 304.578 304.41 302.821 301.755 301.247 299.929 298.253 296.011 293.517 290.774 287.908 285.185 282.699 280.739 278.716 276.558 274.2 271.746 269.245 266.625 263.925 261.17 258.381 255.878 253.015 249.849 246.27 242.178 237.423 232.475 227.512 221.799 215.585 208.714 203.572 203.445 
306.367 304.828 304.535 302.759 301.692 301.247 299.991 298.253 296.074 293.642 290.899 288.033 285.372 283.074 281.177 279.216 277.183 274.7 272.121 269.432 266.625 263.925 261.108 258.318 255.753 252.953 249.849 246.27 242.116 237.423 232.475 227.512 221.799 215.585 208.714 203.447 203.508 
306.492 304.89 304.597 302.634 301.505 301.122 299.866 298.191 296.136 293.642 290.961 288.095 285.497 283.261 281.364 279.466 277.558 274.95 272.309 269.495 266.687 263.925 261.17 258.443 255.69 252.89 249.724 246.208 242.053 237.423 232.475 227.512 221.799 215.585 208.714 203.447 203.445 
306.555 304.828 304.597 302.509 301.255 300.872 299.741 298.066 296.074 293.642 291.024 288.158 285.56 283.324 281.364 279.529 277.621 275.075 272.496 269.557 266.625 263.863 261.233 258.568 255.753 252.89 249.724 246.145 242.053 237.361 232.475 227.512 221.799 215.585 208.777 203.322 203.258 
306.617 304.828 304.66 302.321 300.942 300.684 299.554 297.941 295.949 293.642 291.024 288.22 285.622 283.324 281.302 279.404 277.558 275.137 272.559 269.557 266.562 263.738 261.17 258.693 255.878 252.953 249.724 246.208 241.991 237.298 232.475 227.575 221.862 215.585 208.839 203.26 203.008 
306.68 304.703 304.66 302.259 300.817 300.497 299.366 297.753 295.886 293.642 291.086 288.345 285.685 283.324 281.177 279.341 277.496 275.2 272.684 269.557 266.5 263.55 261.045 258.631 255.94 253.015 249.787 246.208 241.928 237.236 232.475 227.575 221.924 215.647 208.902 203.135 202.758 
306.742 304.578 304.785 302.196 300.692 300.372 299.241 297.628 295.699 293.517 291.024 288.345 285.747 283.324 281.052 279.279 277.433 275.262 272.809 269.62 266.375 263.363 260.858 258.506 255.94 253.078 249.849 246.208 241.928 237.173 232.475 227.637 221.924 215.71 208.964 203.01 202.57 
306.867 304.453 304.847 302.321 300.755 300.247 299.054 297.441 295.511 293.392 290.961 288.345 285.685 283.199 280.864 279.154 277.308 275.262 272.871 269.62 266.375 263.238 260.733 258.381 255.94 253.078 249.912 246.208 241.928 237.173 232.412 227.637 221.987 215.772 209.089 202.885 202.383 
306.992 304.578 304.91 302.384 300.817 300.122 298.929 297.191 295.261 293.142 290.774 288.283 285.56 283.074 280.677 278.904 277.121 275.2 272.871 269.62 266.312 263.113 260.67 258.318 255.94 253.14 249.974 246.208 241.866 237.048 232.412 227.575 222.049 215.897 209.214 202.822 202.258 
307.055 304.89 305.035 302.634 300.942 299.997 298.616 296.878 294.949 292.767 290.586 288.095 285.435 282.886 280.302 278.529 276.683 275.012 272.746 269.495 266.25 263.113 260.608 258.318 256.003 253.328 250.099 246.27 241.866 236.986 232.35 227.512 221.987 216.022 209.339 202.822 202.258 
307.117 305.265 305.16 302.821 301.005 299.809 298.366 296.566 294.636 292.454 290.274 287.908 285.31 282.699 279.989 278.091 276.308 274.7 272.621 269.432 266.25 263.05 260.67 258.443 256.19 253.515 250.224 246.333 241.866 236.923 232.287 227.45 221.987 216.085 209.464 202.822 202.258 
307.18 305.578 305.222 303.009 301.005 299.559 297.991 296.253 294.324 292.142 289.961 287.72 285.185 282.511 279.739 277.779 275.933 274.45 272.434 269.307 266.25 263.05 260.67 258.506 256.44 253.765 250.474 246.458 241.866 236.861 232.225 227.325 221.987 216.085 209.589 202.885 202.383 
307.367 305.828 305.347 303.134 301.005 299.247 297.679 295.941 294.074 291.892 289.711 287.533 285.122 282.324 279.489 277.529 275.683 274.262 272.309 269.245 266.187 262.988 260.67 258.568 256.565 254.015 250.662 246.645 241.928 236.861 232.1 227.2 221.862 216.085 209.714 202.947 202.633 
307.555 306.078 305.472 303.196 301.005 299.059 297.366 295.628 293.761 291.642 289.461 287.283 284.997 282.261 279.364 277.404 275.558 274.2 272.246 269.245 266.187 262.925 260.608 258.631 256.69 254.14 250.849 246.77 241.991 236.798 231.975 227.075 221.737 216.022 209.777 203.072 202.82 
307.742 306.265 305.597 303.321 301.005 298.934 297.054 295.316 293.449 291.329 289.211 287.095 284.872 282.199 279.302 277.404 275.558 274.2 272.309 269.307 266.187 262.863 260.545 258.506 256.69 254.265 250.974 246.895 241.991 236.736 231.912 226.95 221.737 215.96 209.902 203.26 203.008 
307.742 306.203 305.722 303.446 301.005 298.809 296.804 294.941 293.074 291.017 288.961 286.908 284.747 282.136 279.364 277.404 275.558 274.325 272.434 269.432 266.25 262.8 260.42 258.318 256.628 254.265 251.099 246.958 242.053 236.736 231.85 226.887 221.737 215.96 210.027 203.447 203.07 
307.68 305.953 305.847 303.509 301.13 298.809 296.679 294.628 292.699 290.704 288.711 286.72 284.685 282.136 279.427 277.466 275.621 274.325 272.434 269.495 266.25 262.8 260.295 258.131 256.503 254.328 251.162 247.083 242.116 236.736 231.787 226.887 221.737 216.022 210.152 203.572 203.008 
307.617 305.64 305.847 303.571 301.192 298.809 296.616 294.503 292.449 290.454 288.586 286.72 284.685 282.199 279.489 277.466 275.558 274.262 272.371 269.495 266.312 262.863 260.17 258.006 256.565 254.39 251.287 247.145 242.116 236.798 231.787 226.887 221.799 216.085 210.214 203.572 202.695 
307.555 305.39 305.785 303.571 301.192 298.872 296.616 294.441 292.386 290.392 288.586 286.72 284.747 282.261 279.552 277.466 275.433 274.075 272.246 269.432 266.312 262.863 260.108 257.943 256.69 254.515 251.412 247.27 242.178 236.861 231.85 226.887 221.862 216.147 210.277 203.51 202.383 
307.555 305.328 305.722 303.571 301.13 298.872 296.679 294.566 292.449 290.392 288.586 286.783 284.81 282.324 279.552 277.341 275.246 273.887 272.121 269.37 266.375 262.925 260.17 258.006 256.94 254.64 251.474 247.27 242.178 236.923 231.85 226.887 221.799 216.147 210.402 203.51 202.008 
307.43 305.453 305.66 303.509 301.13 298.872 296.741 294.628 292.511 290.454 288.649 286.783 284.81 282.324 279.614 277.279 275.121 273.825 271.996 269.37 266.375 262.988 260.295 258.193 257.253 254.828 251.474 247.27 242.178 236.923 231.85 226.825 221.799 216.272 210.527 203.447 201.57 
307.305 305.64 305.597 303.446 301.13 298.872 296.804 294.753 292.574 290.517 288.711 286.845 284.935 282.386 279.677 277.341 275.121 273.762 271.934 269.37 266.375 263.113 260.42 258.318 257.378 254.89 251.474 247.208 242.116 236.923 231.787 226.7 221.799 216.397 210.714 203.385 201.195 
307.305 305.64 305.597 303.446 301.192 298.934 296.866 294.753 292.574 290.579 288.774 286.97 284.997 282.511 279.802 277.404 275.246 273.825 271.996 269.37 266.437 263.175 260.483 258.381 257.378 255.015 251.474 247.145 242.053 236.798 231.662 226.575 221.799 216.647 210.902 203.385 200.82 
307.305 305.578 305.597 303.571 301.255 298.997 296.866 294.753 292.636 290.642 288.899 287.095 285.06 282.636 279.927 277.529 275.371 273.887 272.059 269.432 266.5 263.238 260.545 258.506 257.378 255.078 251.537 247.083 242.053 236.673 231.537 226.512 221.862 216.96 211.089 203.322 200.508 
307.43 305.515 305.66 303.696 301.317 298.997 296.929 294.816 292.636 290.767 289.024 287.283 285.185 282.699 280.052 277.716 275.496 274.012 272.184 269.432 266.5 263.3 260.67 258.568 257.378 255.078 251.599 247.083 241.991 236.611 231.412 226.45 221.924 217.147 211.214 203.26 200.195 
307.492 305.578 305.722 303.759 301.38 299.122 296.929 294.816 292.699 290.829 289.149 287.408 285.31 282.824 280.177 277.841 275.683 274.137 272.246 269.495 266.562 263.3 260.795 258.693 257.44 255.078 251.599 247.145 241.991 236.548 231.287 226.387 221.987 217.21 211.214 203.26 199.883 
307.43 305.64 305.785 303.884 301.505 299.184 296.991 294.878 292.761 290.954 289.274 287.595 285.435 283.011 280.302 278.029 275.871 274.325 272.309 269.557 266.562 263.363 260.92 258.881 257.503 255.14 251.662 247.208 242.053 236.548 231.162 226.262 221.924 217.272 211.089 203.197 199.633 
307.43 305.515 305.847 304.009 301.63 299.309 297.116 295.003 292.824 291.017 289.399 287.658 285.497 283.074 280.489 278.279 276.058 274.45 272.434 269.557 266.562 263.425 261.045 259.068 257.628 255.14 251.662 247.27 242.116 236.548 231.1 226.137 221.799 217.21 211.027 203.135 199.383 
307.367 305.14 305.91 304.196 301.817 299.497 297.241 295.128 292.886 291.204 289.524 287.783 285.622 283.199 280.614 278.466 276.308 274.512 272.496 269.62 266.625 263.488 261.17 259.193 257.753 255.203 251.724 247.333 242.116 236.548 231.037 226.012 221.737 217.085 210.902 203.072 199.195 
303.43 302.015 301.285 301.571 300.817 299.622 298.116 296.253 294.386 292.204 289.774 286.845 284.122 281.574 279.114 276.904 274.871 272.762 270.496 268.62 266.625 264.175 261.545 258.693 255.753 252.828 249.787 246.208 241.928 237.048 231.725 226.825 221.674 215.897 209.152 204.635 204.32 
303.617 302.203 301.597 301.884 301.067 299.934 298.491 296.691 294.699 292.454 289.961 286.97 284.31 281.699 279.239 276.904 274.808 272.637 270.371 268.37 266.187 263.8 261.233 258.568 255.753 252.953 249.912 246.395 242.116 237.173 231.912 227.012 221.674 215.835 209.152 204.635 203.945 
303.617 302.203 301.722 302.134 301.317 300.309 298.929 297.191 295.199 292.829 290.149 287.158 284.435 281.824 279.302 276.904 274.621 272.45 270.246 268.057 265.875 263.613 261.108 258.568 255.815 253.015 249.974 246.52 242.241 237.361 232.1 227.2 221.674 215.71 209.089 204.572 203.633 
303.617 302.14 301.972 302.259 301.505 300.622 299.304 297.628 295.511 293.017 290.211 287.283 284.497 281.886 279.427 276.966 274.558 272.387 270.184 267.932 265.75 263.55 261.17 258.631 255.878 253.015 250.037 246.583 242.366 237.361 232.287 227.325 221.674 215.585 208.964 204.447 203.383 
303.742 302.265 302.285 302.259 301.505 300.684 299.429 297.753 295.636 293.017 290.149 287.283 284.497 281.949 279.552 277.154 274.746 272.512 270.246 268.057 265.812 263.613 261.17 258.631 255.94 253.015 249.912 246.52 242.366 237.423 232.412 227.387 221.674 215.522 208.777 204.197 203.258 
304.117 302.64 302.66 302.259 301.38 300.622 299.429 297.753 295.636 292.954 290.086 287.283 284.56 282.074 279.927 277.591 275.183 272.887 270.559 268.37 266 263.55 261.045 258.506 255.878 253.015 249.849 246.458 242.303 237.486 232.537 227.512 221.737 215.522 208.714 203.885 203.258 
304.555 303.14 303.097 302.196 301.192 300.559 299.366 297.753 295.636 293.017 290.149 287.408 284.685 282.324 280.427 278.216 275.933 273.512 270.996 268.682 266.187 263.488 260.795 258.193 255.815 253.078 249.912 246.395 242.303 237.486 232.662 227.637 221.799 215.522 208.652 203.76 203.383 
305.117 303.64 303.472 302.196 301.13 300.559 299.429 297.816 295.699 293.204 290.399 287.595 284.997 282.761 280.927 278.904 276.683 274.137 271.496 268.932 266.25 263.488 260.67 257.943 255.69 253.078 249.912 246.333 242.241 237.548 232.662 227.7 221.799 215.585 208.714 203.635 203.508 
305.555 304.078 303.785 302.259 301.13 300.684 299.491 297.878 295.824 293.329 290.586 287.72 285.185 283.074 281.364 279.404 277.246 274.637 271.934 269.182 266.312 263.488 260.67 257.881 255.503 252.953 249.849 246.27 242.178 237.548 232.725 227.762 221.799 215.585 208.714 203.572 203.57 
305.805 304.265 304.035 302.259 301.067 300.684 299.491 297.941 295.886 293.392 290.649 287.783 285.31 283.199 281.489 279.591 277.558 274.95 272.246 269.307 266.375 263.55 260.795 258.006 255.44 252.828 249.724 246.208 242.053 237.486 232.725 227.762 221.799 215.585 208.777 203.447 203.508 
305.992 304.39 304.16 302.134 300.755 300.559 299.366 297.816 295.824 293.454 290.711 287.908 285.435 283.261 281.427 279.529 277.496 275.012 272.371 269.432 266.437 263.613 260.92 258.256 255.503 252.765 249.662 246.145 242.053 237.423 232.662 227.825 221.924 215.647 208.777 203.322 203.32 
306.117 304.39 304.285 301.946 300.442 300.372 299.241 297.628 295.761 293.454 290.836 288.095 285.497 283.261 281.239 279.279 277.308 274.95 272.434 269.432 266.437 263.55 260.983 258.381 255.628 252.765 249.662 246.145 241.928 237.361 232.662 227.825 221.987 215.71 208.839 203.197 203.133 
306.305 304.39 304.41 301.821 300.317 300.184 299.054 297.503 295.636 293.392 290.899 288.22 285.622 283.261 281.052 279.091 277.121 274.887 272.434 269.432 266.375 263.425 260.858 258.381 255.753 252.828 249.662 246.083 241.928 237.361 232.662 227.887 222.112 215.71 208.902 203.01 202.945 
306.492 304.39 304.597 301.884 300.255 300.059 298.929 297.378 295.511 293.329 290.899 288.283 285.685 283.261 280.989 278.966 276.996 274.887 272.496 269.432 266.312 263.175 260.608 258.193 255.69 252.89 249.724 246.083 241.928 237.298 232.6 227.95 222.174 215.835 208.902 202.885 202.758 
306.742 304.453 304.785 302.009 300.317 299.934 298.741 297.191 295.324 293.204 290.836 288.22 285.622 283.199 280.802 278.841 276.933 274.95 272.621 269.495 266.25 263.05 260.42 257.943 255.565 252.828 249.724 246.145 241.866 237.236 232.662 228.012 222.299 215.897 208.964 202.697 202.695 
306.93 304.703 304.91 302.196 300.505 299.809 298.554 296.941 295.074 292.954 290.649 288.158 285.56 283.011 280.552 278.654 276.746 274.95 272.684 269.495 266.25 262.988 260.295 257.818 255.44 252.765 249.724 246.145 241.803 237.173 232.662 228.012 222.362 215.96 209.027 202.572 202.633 
307.117 305.015 305.097 302.509 300.63 299.622 298.304 296.691 294.761 292.579 290.399 288.033 285.435 282.824 280.177 278.279 276.433 274.825 272.684 269.495 266.25 262.988 260.295 257.818 255.44 252.828 249.724 246.145 241.803 237.111 232.6 227.95 222.299 216.085 209.152 202.635 202.633 
307.18 305.328 305.222 302.821 300.817 299.497 298.054 296.378 294.449 292.204 290.086 287.845 285.31 282.636 279.864 277.904 275.996 274.575 272.559 269.432 266.25 262.925 260.358 257.881 255.628 252.953 249.849 246.145 241.741 236.986 232.537 227.887 222.299 216.147 209.277 202.697 202.695 
307.305 305.578 305.347 303.071 300.942 299.309 297.741 296.003 294.136 291.892 289.774 287.658 285.185 282.511 279.614 277.591 275.683 274.325 272.434 269.37 266.25 262.925 260.358 258.006 255.815 253.203 250.037 246.208 241.741 236.923 232.35 227.7 222.299 216.21 209.402 202.76 202.758 
307.43 305.828 305.472 303.259 300.942 299.059 297.366 295.691 293.886 291.642 289.586 287.408 285.122 282.386 279.427 277.341 275.371 274.137 272.309 269.307 266.187 262.925 260.42 258.193 256.065 253.453 250.224 246.333 241.741 236.798 232.225 227.575 222.174 216.21 209.527 202.885 202.945 
307.617 306.078 305.597 303.321 301.005 298.934 297.116 295.378 293.574 291.392 289.336 287.22 284.997 282.261 279.302 277.216 275.246 274.075 272.246 269.307 266.187 262.863 260.42 258.256 256.253 253.703 250.474 246.458 241.803 236.736 232.1 227.45 222.049 216.147 209.652 203.072 203.133 
307.742 306.265 305.722 303.384 301.005 298.809 296.866 295.066 293.261 291.204 289.086 286.97 284.872 282.199 279.239 277.154 275.246 274.137 272.309 269.37 266.187 262.8 260.358 258.193 256.315 253.828 250.599 246.583 241.803 236.673 231.975 227.262 221.987 216.085 209.777 203.322 203.383 
307.742 306.265 305.785 303.446 301.067 298.809 296.679 294.816 292.949 290.954 288.899 286.783 284.747 282.136 279.239 277.154 275.308 274.262 272.496 269.495 266.25 262.8 260.295 258.131 256.253 253.89 250.724 246.708 241.866 236.673 231.85 227.137 221.924 216.085 209.902 203.572 203.445 
307.555 306.078 305.785 303.509 301.13 298.809 296.554 294.566 292.636 290.704 288.711 286.72 284.685 282.074 279.302 277.279 275.433 274.325 272.621 269.557 266.312 262.863 260.17 257.943 256.128 253.953 250.849 246.833 241.928 236.673 231.787 227.075 221.987 216.085 210.027 203.76 203.383 
307.43 305.765 305.722 303.571 301.13 298.809 296.554 294.441 292.449 290.517 288.586 286.658 284.622 282.136 279.364 277.279 275.371 274.325 272.559 269.62 266.312 262.863 260.108 257.818 256.19 254.015 250.974 246.958 241.991 236.736 231.787 227.075 222.049 216.147 210.152 203.822 203.07 
307.367 305.453 305.722 303.509 301.13 298.809 296.554 294.441 292.386 290.517 288.586 286.658 284.685 282.199 279.427 277.279 275.308 274.137 272.434 269.557 266.375 262.863 260.045 257.818 256.315 254.14 251.162 247.083 242.053 236.798 231.85 227.075 222.049 216.085 210.214 203.76 202.82 
307.242 305.328 305.66 303.509 301.13 298.872 296.616 294.503 292.449 290.579 288.649 286.72 284.747 282.199 279.427 277.154 275.183 273.95 272.309 269.495 266.312 262.863 260.108 257.881 256.628 254.328 251.224 247.145 242.116 236.861 231.85 227.075 221.987 216.085 210.214 203.635 202.445 
307.18 305.39 305.597 303.446 301.13 298.934 296.741 294.628 292.574 290.642 288.711 286.783 284.81 282.261 279.489 277.154 274.996 273.825 272.121 269.432 266.312 262.925 260.17 258.068 256.878 254.515 251.287 247.208 242.178 236.923 231.85 227.012 221.987 216.147 210.339 203.51 202.07 
307.055 305.515 305.535 303.384 301.13 298.934 296.866 294.753 292.636 290.642 288.774 286.845 284.872 282.324 279.552 277.154 274.996 273.762 271.996 269.37 266.312 262.988 260.295 258.256 257.128 254.703 251.349 247.145 242.178 236.923 231.85 226.95 221.924 216.272 210.464 203.447 201.633 
307.055 305.515 305.535 303.446 301.192 298.997 296.929 294.816 292.699 290.642 288.774 286.908 284.935 282.386 279.614 277.216 275.058 273.762 272.059 269.37 266.375 263.05 260.42 258.381 257.253 254.828 251.412 247.083 242.116 236.923 231.787 226.825 221.924 216.522 210.714 203.322 201.195 
307.117 305.578 305.597 303.571 301.317 299.122 296.991 294.878 292.699 290.704 288.899 287.033 284.997 282.511 279.739 277.341 275.183 273.887 272.121 269.432 266.437 263.175 260.545 258.506 257.253 254.953 251.412 247.083 242.053 236.861 231.725 226.7 221.987 216.897 210.902 203.26 200.82 
307.242 305.578 305.722 303.696 301.38 299.184 297.054 294.878 292.699 290.767 288.961 287.158 285.122 282.636 279.864 277.529 275.371 274.075 272.246 269.495 266.5 263.238 260.67 258.568 257.315 255.015 251.474 247.083 241.991 236.736 231.6 226.575 222.049 217.147 211.027 203.135 200.508 
307.367 305.703 305.785 303.821 301.505 299.247 297.116 294.941 292.761 290.767 289.024 287.283 285.185 282.699 280.052 277.779 275.621 274.2 272.371 269.62 266.562 263.3 260.795 258.756 257.378 255.015 251.537 247.083 242.053 236.736 231.475 226.45 221.987 217.335 211.089 203.072 200.133 
307.43 305.765 305.91 303.884 301.567 299.309 297.179 295.003 292.761 290.829 289.086 287.345 285.31 282.824 280.177 277.966 275.871 274.387 272.496 269.62 266.625 263.363 260.92 258.943 257.503 255.14 251.599 247.145 242.116 236.736 231.35 226.387 221.924 217.335 211.027 203.01 199.883 
307.43 305.64 305.91 304.009 301.63 299.372 297.241 295.128 292.824 290.892 289.211 287.47 285.372 282.949 280.364 278.216 276.121 274.575 272.621 269.62 266.562 263.363 261.045 259.068 257.628 255.203 251.662 247.27 242.116 236.736 231.35 226.262 221.737 217.272 210.902 203.01 199.633 
307.43 305.328 306.035 304.196 301.817 299.559 297.429 295.253 292.886 290.954 289.274 287.533 285.435 283.074 280.552 278.404 276.308 274.637 272.621 269.62 266.562 263.425 261.108 259.256 257.753 255.203 251.724 247.333 242.241 236.736 231.225 226.075 221.612 217.147 210.839 202.947 199.445 
301.805 300.328 299.66 300.259 299.755 298.684 297.304 295.691 294.011 291.954 289.711 286.908 284.247 281.699 279.239 276.904 274.746 272.575 270.309 268.432 266.437 264.05 261.42 258.568 255.753 252.89 249.787 246.145 241.866 237.048 231.787 226.887 221.674 216.085 209.214 204.697 204.32 
301.93 300.453 299.972 300.696 300.067 299.059 297.741 296.128 294.261 292.142 289.774 287.033 284.372 281.824 279.364 276.966 274.683 272.45 270.184 268.12 266 263.675 261.108 258.318 255.628 252.89 249.912 246.333 242.053 237.236 232.037 227.137 221.799 216.022 209.214 204.697 203.82 
301.93 300.453 300.285 301.134 300.505 299.559 298.304 296.691 294.824 292.517 290.024 287.283 284.56 281.949 279.489 277.091 274.683 272.325 269.996 267.745 265.562 263.363 260.92 258.256 255.69 253.015 250.037 246.52 242.241 237.361 232.287 227.325 221.737 215.835 209.089 204.572 203.508 
301.93 300.453 300.535 301.446 300.817 299.997 298.741 297.191 295.199 292.829 290.149 287.408 284.622 282.011 279.614 277.216 274.683 272.262 269.871 267.62 265.375 263.238 260.92 258.318 255.753 253.015 250.037 246.583 242.366 237.486 232.475 227.45 221.674 215.585 208.902 204.385 203.32 
302.18 300.703 300.91 301.446 300.817 300.059 298.929 297.316 295.261 292.767 290.086 287.345 284.622 282.074 279.802 277.404 274.871 272.45 269.996 267.745 265.375 263.238 260.858 258.381 255.815 252.953 249.974 246.52 242.428 237.548 232.662 227.512 221.612 215.46 208.777 204.135 203.258 
302.555 301.078 301.222 301.384 300.63 299.872 298.804 297.191 295.136 292.642 289.899 287.158 284.56 282.199 280.177 277.841 275.371 272.887 270.309 267.995 265.562 263.113 260.67 258.193 255.815 252.953 249.912 246.458 242.428 237.611 232.787 227.637 221.674 215.46 208.714 203.885 203.32 
303.117 301.703 301.597 301.259 300.317 299.622 298.554 297.066 295.136 292.579 289.836 287.158 284.622 282.449 280.677 278.404 275.996 273.387 270.746 268.307 265.75 263.05 260.42 257.881 255.753 253.14 249.974 246.458 242.303 237.611 232.912 227.762 221.737 215.522 208.652 203.76 203.445 
303.68 302.265 302.035 301.321 300.255 299.497 298.554 297.066 295.199 292.704 289.961 287.283 284.872 282.761 281.114 278.966 276.621 273.95 271.246 268.557 265.875 262.988 260.233 257.568 255.628 253.14 249.974 246.395 242.241 237.611 232.912 227.825 221.799 215.647 208.714 203.635 203.57 
304.18 302.765 302.535 301.446 300.255 299.622 298.679 297.191 295.386 292.892 290.149 287.408 285.06 283.011 281.427 279.404 277.121 274.45 271.684 268.807 265.937 263.113 260.233 257.506 255.44 253.078 249.974 246.333 242.241 237.611 232.912 227.887 221.862 215.647 208.714 203.51 203.695 
304.68 303.14 303.035 301.571 300.317 299.747 298.741 297.316 295.449 292.954 290.274 287.47 285.122 283.074 281.427 279.529 277.371 274.7 271.934 268.995 266.062 263.238 260.42 257.693 255.315 252.89 249.849 246.27 242.178 237.548 232.85 227.95 221.924 215.71 208.777 203.385 203.633 
304.93 303.328 303.41 301.509 300.067 299.747 298.679 297.253 295.386 293.017 290.336 287.595 285.185 283.011 281.239 279.279 277.183 274.762 272.059 269.182 266.25 263.363 260.67 258.006 255.315 252.765 249.724 246.208 242.053 237.486 232.787 228.012 222.049 215.71 208.839 203.135 203.508 
305.242 303.453 303.722 301.384 299.88 299.622 298.554 297.066 295.261 293.017 290.461 287.783 285.247 283.011 280.927 278.904 276.871 274.512 272.059 269.182 266.25 263.363 260.795 258.193 255.503 252.703 249.662 246.083 241.991 237.423 232.787 228.075 222.174 215.835 208.839 203.01 203.32 
305.492 303.578 303.972 301.384 299.755 299.559 298.429 296.878 295.074 292.954 290.524 287.908 285.372 283.011 280.739 278.654 276.496 274.325 271.996 269.182 266.25 263.238 260.67 258.193 255.69 252.828 249.662 246.083 241.928 237.423 232.787 228.075 222.299 215.835 208.839 202.76 203.195 
305.867 303.765 304.222 301.571 299.817 299.497 298.304 296.753 294.949 292.829 290.461 287.97 285.435 282.949 280.614 278.466 276.246 274.262 271.996 269.12 266.187 263.05 260.42 257.943 255.628 252.89 249.724 246.083 241.928 237.423 232.787 228.2 222.424 215.897 208.839 202.635 203.133 
306.242 304.078 304.472 301.821 300.005 299.434 298.179 296.628 294.824 292.704 290.399 287.908 285.372 282.886 280.427 278.341 276.183 274.262 272.059 269.182 266.187 262.925 260.17 257.631 255.44 252.828 249.787 246.145 241.928 237.361 232.85 228.262 222.549 215.96 208.777 202.447 203.07 
306.555 304.453 304.722 302.134 300.255 299.309 298.054 296.441 294.636 292.454 290.211 287.845 285.31 282.761 280.239 278.154 276.121 274.325 272.184 269.307 266.187 262.8 259.983 257.443 255.19 252.703 249.724 246.145 241.928 237.361 232.85 228.325 222.612 216.022 208.777 202.322 203.133 
306.805 304.828 304.91 302.446 300.442 299.247 297.866 296.253 294.324 292.142 289.961 287.72 285.185 282.636 279.989 277.966 275.933 274.325 272.309 269.37 266.187 262.8 259.983 257.381 255.065 252.578 249.599 246.145 241.866 237.236 232.85 228.325 222.612 216.085 208.839 202.385 203.258 
306.93 305.078 305.097 302.759 300.692 299.184 297.616 296.003 294.074 291.767 289.711 287.595 285.185 282.511 279.739 277.654 275.683 274.262 272.371 269.37 266.25 262.8 259.983 257.381 255.128 252.578 249.599 246.083 241.803 237.111 232.787 228.262 222.612 216.21 208.964 202.51 203.258 
307.055 305.265 305.285 303.071 300.817 299.059 297.304 295.628 293.761 291.454 289.399 287.408 285.122 282.449 279.552 277.404 275.433 274.137 272.309 269.37 266.25 262.863 260.045 257.568 255.253 252.703 249.662 246.02 241.678 236.986 232.662 228.137 222.549 216.272 209.089 202.635 203.32 
307.18 305.515 305.41 303.259 300.88 298.872 297.054 295.316 293.449 291.204 289.274 287.283 285.122 282.386 279.427 277.216 275.246 274.012 272.246 269.37 266.25 262.8 260.108 257.693 255.503 252.89 249.787 246.083 241.616 236.861 232.475 228.012 222.549 216.272 209.214 202.885 203.383 
307.43 305.828 305.535 303.321 300.942 298.809 296.804 295.066 293.199 291.079 289.086 287.158 285.06 282.324 279.364 277.154 275.121 273.95 272.246 269.37 266.25 262.8 260.108 257.756 255.69 253.14 249.974 246.145 241.616 236.736 232.225 227.825 222.424 216.272 209.339 203.135 203.508 
307.555 306.015 305.66 303.384 301.005 298.684 296.679 294.753 292.886 290.892 288.961 287.033 284.997 282.261 279.302 277.091 275.121 274.012 272.309 269.432 266.312 262.8 260.108 257.818 255.815 253.328 250.224 246.27 241.678 236.611 232.037 227.637 222.299 216.272 209.527 203.447 203.695 
307.555 306.078 305.66 303.446 301.067 298.684 296.554 294.566 292.636 290.704 288.774 286.845 284.81 282.199 279.302 277.154 275.246 274.2 272.496 269.557 266.312 262.863 260.17 257.756 255.753 253.453 250.349 246.458 241.741 236.548 231.85 227.45 222.237 216.272 209.777 203.822 203.695 
307.43 305.89 305.597 303.446 301.067 298.747 296.491 294.378 292.449 290.517 288.586 286.658 284.685 282.136 279.302 277.216 275.371 274.387 272.684 269.682 266.375 262.863 260.045 257.693 255.753 253.515 250.474 246.583 241.803 236.548 231.725 227.262 222.237 216.21 209.964 204.01 203.57 
307.305 305.578 305.472 303.446 301.067 298.747 296.429 294.316 292.324 290.454 288.524 286.595 284.622 282.136 279.302 277.279 275.433 274.45 272.746 269.682 266.375 262.863 260.045 257.568 255.753 253.515 250.599 246.708 241.866 236.611 231.725 227.262 222.237 216.272 210.089 204.135 203.32 
307.18 305.265 305.472 303.384 301.067 298.747 296.491 294.316 292.261 290.392 288.461 286.533 284.622 282.136 279.427 277.279 275.371 274.387 272.684 269.682 266.375 262.863 259.983 257.568 255.878 253.703 250.787 246.833 241.991 236.736 231.787 227.262 222.237 216.21 210.214 204.01 203.07 
306.992 305.078 305.41 303.321 301.005 298.809 296.554 294.441 292.324 290.517 288.524 286.595 284.685 282.199 279.427 277.216 275.246 274.2 272.559 269.557 266.312 262.8 259.983 257.756 256.128 253.953 250.912 246.958 242.053 236.798 231.85 227.262 222.174 216.147 210.214 203.822 202.82 
306.867 305.078 305.347 303.321 301.067 298.872 296.679 294.503 292.511 290.579 288.649 286.658 284.747 282.261 279.489 277.216 275.183 274.075 272.434 269.495 266.312 262.8 260.108 257.881 256.503 254.203 251.037 247.083 242.178 236.861 231.85 227.262 222.112 216.085 210.214 203.697 202.445 
306.805 305.203 305.347 303.321 301.13 298.934 296.804 294.691 292.636 290.704 288.774 286.783 284.872 282.324 279.552 277.216 275.058 273.887 272.246 269.432 266.312 262.863 260.233 258.131 256.753 254.39 251.162 247.145 242.178 236.986 231.912 227.2 222.049 216.147 210.339 203.51 202.07 
306.867 305.328 305.41 303.446 301.192 299.059 296.866 294.753 292.636 290.704 288.774 286.908 284.935 282.386 279.614 277.279 275.121 273.887 272.184 269.37 266.312 262.988 260.358 258.256 256.878 254.578 251.224 247.083 242.178 236.986 231.912 227.075 221.987 216.335 210.464 203.447 201.633 
306.992 305.515 305.535 303.571 301.317 299.122 296.991 294.753 292.636 290.767 288.836 286.97 284.997 282.449 279.677 277.341 275.246 274.012 272.184 269.432 266.437 263.05 260.483 258.381 257.003 254.703 251.287 247.083 242.178 236.986 231.85 226.95 222.049 216.71 210.652 203.322 201.195 
307.18 305.765 305.66 303.696 301.442 299.247 297.054 294.816 292.636 290.704 288.899 287.033 285.122 282.574 279.864 277.529 275.433 274.2 272.371 269.557 266.5 263.175 260.608 258.506 257.128 254.765 251.349 247.083 242.116 236.986 231.725 226.825 222.112 217.022 210.839 203.197 200.758 
307.305 305.953 305.722 303.821 301.567 299.309 297.116 294.878 292.699 290.704 288.961 287.095 285.185 282.699 279.989 277.779 275.683 274.387 272.496 269.682 266.562 263.3 260.795 258.756 257.253 254.89 251.412 247.083 242.116 236.923 231.725 226.7 222.049 217.21 210.902 203.072 200.445 
307.367 305.953 305.785 303.884 301.63 299.372 297.241 295.003 292.699 290.704 288.961 287.158 285.247 282.761 280.177 277.966 275.933 274.575 272.684 269.745 266.625 263.363 260.92 258.943 257.378 255.015 251.537 247.145 242.241 236.986 231.6 226.575 221.924 217.272 210.902 202.947 200.133 
307.367 305.765 305.847 303.946 301.692 299.434 297.304 295.128 292.761 290.704 289.024 287.283 285.31 282.886 280.364 278.216 276.183 274.7 272.746 269.682 266.625 263.363 261.045 259.068 257.503 255.078 251.599 247.27 242.241 237.048 231.6 226.387 221.674 217.21 210.777 202.885 199.945 
307.43 305.515 305.91 304.071 301.755 299.497 297.429 295.253 292.824 290.767 289.024 287.283 285.372 283.011 280.552 278.404 276.371 274.825 272.746 269.682 266.562 263.363 261.108 259.193 257.628 255.14 251.662 247.333 242.366 237.048 231.537 226.262 221.549 217.085 210.714 202.885 199.695 
300.305 298.89 298.16 299.134 298.88 297.934 296.679 295.128 293.574 291.767 289.649 287.033 284.435 281.886 279.302 276.966 274.683 272.45 270.184 268.245 266.187 263.863 261.295 258.568 255.815 252.953 249.787 246.145 241.866 236.986 231.912 226.95 221.612 216.147 209.214 204.885 204.195 
300.43 298.953 298.41 299.696 299.317 298.372 297.116 295.503 293.824 291.829 289.586 286.97 284.497 281.949 279.489 277.029 274.558 272.262 269.996 267.932 265.812 263.55 261.045 258.256 255.69 252.953 249.912 246.333 242.053 237.173 232.162 227.262 221.799 216.085 209.277 204.76 203.633 
300.43 299.015 298.722 300.259 299.817 298.934 297.741 296.191 294.386 292.267 289.836 287.22 284.622 282.074 279.677 277.216 274.558 272.137 269.746 267.62 265.437 263.238 260.795 258.131 255.628 253.015 250.037 246.52 242.241 237.423 232.475 227.45 221.799 215.897 209.152 204.572 203.32 
300.492 299.078 299.097 300.634 300.192 299.372 298.179 296.691 294.761 292.517 290.024 287.408 284.747 282.136 279.864 277.341 274.683 272.2 269.621 267.432 265.187 263.05 260.795 258.256 255.69 253.015 250.037 246.52 242.366 237.486 232.725 227.512 221.674 215.647 209.027 204.385 203.195 
300.742 299.265 299.472 300.634 300.13 299.434 298.304 296.816 294.824 292.517 289.961 287.345 284.747 282.199 280.114 277.654 274.996 272.387 269.809 267.495 265.125 262.988 260.733 258.256 255.69 252.953 249.974 246.52 242.366 237.611 232.85 227.575 221.612 215.46 208.839 204.197 203.258 
301.117 299.64 299.722 300.384 299.755 298.997 298.054 296.503 294.574 292.267 289.711 287.095 284.622 282.324 280.427 278.029 275.433 272.762 270.059 267.682 265.25 262.863 260.483 258.068 255.753 253.015 249.912 246.458 242.366 237.673 232.975 227.7 221.612 215.46 208.714 203.947 203.32 
301.68 300.203 300.035 300.259 299.442 298.622 297.616 296.253 294.449 292.079 289.524 286.97 284.622 282.574 280.864 278.466 275.933 273.2 270.434 267.995 265.437 262.738 260.108 257.756 255.753 253.203 250.037 246.458 242.366 237.736 233.037 227.825 221.737 215.522 208.652 203.76 203.508 
302.242 300.765 300.535 300.321 299.317 298.434 297.491 296.253 294.511 292.204 289.649 287.095 284.81 282.824 281.177 278.966 276.433 273.7 270.871 268.245 265.562 262.675 259.92 257.443 255.69 253.265 250.099 246.458 242.303 237.673 233.037 227.95 221.862 215.647 208.714 203.572 203.633 
302.742 301.265 301.16 300.634 299.38 298.559 297.679 296.378 294.761 292.392 289.899 287.22 284.935 283.011 281.427 279.279 276.871 274.137 271.246 268.495 265.687 262.738 259.92 257.318 255.44 253.265 250.162 246.395 242.303 237.611 232.975 228.012 221.924 215.71 208.714 203.447 203.82 
303.18 301.703 301.785 300.884 299.505 298.684 297.804 296.503 294.824 292.517 289.961 287.283 284.997 283.011 281.364 279.279 277.058 274.387 271.559 268.682 265.812 262.925 260.108 257.443 255.253 253.015 250.037 246.395 242.241 237.548 232.85 228.012 222.049 215.772 208.714 203.26 203.883 
303.555 301.953 302.472 300.946 299.442 298.747 297.804 296.441 294.699 292.517 289.961 287.345 284.997 282.886 281.052 279.029 276.871 274.325 271.684 268.807 266 263.175 260.483 257.818 255.253 252.828 249.849 246.27 242.116 237.486 232.787 228.075 222.174 215.835 208.777 203.072 203.758 
303.992 302.14 302.91 300.884 299.317 298.747 297.679 296.253 294.511 292.392 289.961 287.345 284.997 282.761 280.614 278.591 276.433 274.137 271.684 268.932 266.062 263.175 260.608 258.068 255.44 252.765 249.724 246.145 241.991 237.423 232.787 228.137 222.362 215.897 208.714 202.822 203.57 
304.367 302.39 303.285 301.009 299.255 298.747 297.554 296.066 294.261 292.204 289.899 287.408 284.997 282.699 280.364 278.154 275.933 273.825 271.559 268.87 266.062 263.113 260.545 258.068 255.628 252.828 249.724 246.083 241.928 237.423 232.85 228.2 222.549 215.96 208.714 202.572 203.508 
304.867 302.703 303.535 301.259 299.442 298.684 297.429 295.941 294.074 292.017 289.774 287.408 284.997 282.574 280.239 277.904 275.558 273.575 271.434 268.87 266.062 262.988 260.358 257.881 255.69 252.953 249.787 246.145 241.928 237.423 232.912 228.262 222.674 216.022 208.714 202.385 203.57 
305.305 303.14 303.785 301.571 299.755 298.747 297.366 295.816 293.886 291.829 289.649 287.283 284.872 282.511 280.052 277.779 275.433 273.512 271.434 268.87 266.062 262.863 260.108 257.568 255.503 252.89 249.849 246.208 241.991 237.486 232.975 228.387 222.737 216.022 208.652 202.26 203.695 
305.617 303.578 304.097 301.884 300.005 298.747 297.241 295.628 293.761 291.642 289.461 287.158 284.81 282.386 279.864 277.591 275.371 273.637 271.621 268.995 266.062 262.8 259.92 257.318 255.19 252.828 249.849 246.208 241.991 237.486 233.037 228.512 222.799 216.022 208.527 202.197 203.883 
305.867 303.953 304.347 302.196 300.255 298.747 297.179 295.503 293.574 291.392 289.274 287.095 284.81 282.386 279.739 277.529 275.371 273.762 271.871 269.182 266.125 262.738 259.795 257.131 254.878 252.515 249.662 246.208 241.928 237.361 233.037 228.512 222.799 216.085 208.464 202.322 204.07 
306.055 304.203 304.597 302.571 300.442 298.747 297.054 295.316 293.386 291.142 289.086 287.095 284.872 282.324 279.677 277.466 275.308 273.887 272.059 269.245 266.187 262.738 259.795 257.068 254.753 252.328 249.474 246.083 241.866 237.298 232.975 228.512 222.799 216.085 208.527 202.51 204.07 
306.305 304.515 304.847 302.821 300.567 298.684 296.866 295.066 293.136 290.829 288.961 287.095 284.997 282.449 279.614 277.341 275.246 273.887 272.059 269.307 266.25 262.8 259.795 257.131 254.753 252.265 249.412 245.895 241.678 237.111 232.85 228.45 222.799 216.21 208.652 202.76 204.07 
306.617 304.828 304.972 302.946 300.692 298.559 296.679 294.816 292.886 290.704 288.899 287.095 285.06 282.449 279.552 277.279 275.183 273.887 272.121 269.307 266.25 262.8 259.858 257.193 254.94 252.453 249.474 245.895 241.616 236.923 232.6 228.325 222.799 216.272 208.777 203.072 204.008 
306.93 305.265 305.16 303.071 300.692 298.497 296.491 294.628 292.699 290.579 288.836 287.158 285.122 282.449 279.489 277.216 275.058 273.887 272.184 269.432 266.312 262.863 259.92 257.256 255.065 252.64 249.599 245.895 241.553 236.798 232.35 228.137 222.737 216.335 208.964 203.385 203.945 
307.18 305.578 305.285 303.134 300.755 298.497 296.429 294.441 292.511 290.517 288.774 287.095 285.122 282.449 279.427 277.154 275.121 274.012 272.309 269.495 266.375 262.863 259.92 257.318 255.19 252.89 249.849 246.083 241.553 236.611 232.1 227.95 222.612 216.335 209.214 203.697 203.945 
307.305 305.64 305.285 303.196 300.88 298.559 296.366 294.316 292.324 290.454 288.711 286.97 284.997 282.324 279.364 277.216 275.246 274.2 272.496 269.62 266.437 262.925 259.983 257.381 255.253 253.015 250.037 246.208 241.616 236.548 231.912 227.7 222.549 216.335 209.527 204.01 203.82 
307.242 305.578 305.222 303.196 300.88 298.559 296.304 294.191 292.199 290.392 288.586 286.783 284.872 282.324 279.364 277.279 275.371 274.325 272.684 269.745 266.437 262.925 259.983 257.381 255.253 253.078 250.099 246.333 241.741 236.548 231.787 227.512 222.487 216.335 209.839 204.197 203.633 
307.18 305.328 305.16 303.134 300.88 298.559 296.304 294.128 292.136 290.267 288.461 286.595 284.747 282.261 279.364 277.341 275.496 274.45 272.871 269.745 266.437 262.863 259.983 257.381 255.378 253.14 250.287 246.52 241.803 236.548 231.662 227.387 222.424 216.335 210.027 204.26 203.383 
307.055 305.078 305.097 303.134 300.88 298.622 296.304 294.128 292.074 290.204 288.399 286.47 284.685 282.199 279.427 277.341 275.496 274.512 272.871 269.807 266.437 262.863 259.92 257.443 255.503 253.265 250.474 246.645 241.928 236.673 231.725 227.325 222.362 216.335 210.152 204.197 203.195 
306.93 304.89 305.035 303.071 300.88 298.684 296.429 294.191 292.136 290.329 288.399 286.408 284.622 282.261 279.489 277.404 275.433 274.387 272.809 269.745 266.375 262.8 259.92 257.568 255.69 253.515 250.662 246.833 242.053 236.798 231.787 227.387 222.299 216.21 210.214 204.01 203.008 
306.805 304.828 305.035 303.134 300.88 298.684 296.491 294.316 292.261 290.392 288.399 286.47 284.685 282.324 279.552 277.404 275.433 274.325 272.684 269.62 266.312 262.738 259.983 257.693 255.94 253.703 250.787 246.958 242.116 236.861 231.85 227.387 222.237 216.085 210.152 203.822 202.758 
306.742 304.953 305.097 303.196 300.942 298.809 296.616 294.441 292.324 290.517 288.524 286.595 284.81 282.386 279.614 277.404 275.371 274.2 272.559 269.495 266.25 262.8 260.108 257.818 256.19 253.953 250.912 247.02 242.241 236.986 231.912 227.325 222.174 216.085 210.214 203.697 202.445 
306.805 305.203 305.222 303.321 301.13 298.934 296.741 294.566 292.449 290.579 288.649 286.72 284.935 282.449 279.677 277.466 275.371 274.2 272.434 269.495 266.312 262.863 260.17 258.006 256.44 254.14 251.037 247.083 242.241 237.048 231.975 227.325 222.174 216.21 210.277 203.572 202.008 
306.992 305.515 305.41 303.509 301.317 299.059 296.866 294.628 292.511 290.642 288.774 286.908 285.06 282.511 279.739 277.529 275.496 274.262 272.434 269.495 266.312 262.925 260.358 258.193 256.565 254.265 251.162 247.083 242.241 237.111 231.975 227.2 222.174 216.46 210.464 203.447 201.57 
307.18 305.89 305.535 303.634 301.442 299.247 296.929 294.691 292.574 290.642 288.836 287.033 285.122 282.574 279.927 277.654 275.683 274.387 272.496 269.557 266.437 263.05 260.545 258.381 256.753 254.453 251.224 247.083 242.241 237.111 231.912 227.075 222.237 216.772 210.589 203.322 201.133 
307.367 306.14 305.66 303.759 301.505 299.309 297.054 294.753 292.574 290.642 288.836 287.095 285.185 282.699 280.052 277.841 275.933 274.575 272.621 269.682 266.562 263.238 260.733 258.631 256.94 254.578 251.287 247.083 242.303 237.111 231.912 226.95 222.174 216.96 210.652 203.135 200.758 
307.43 306.203 305.722 303.821 301.63 299.372 297.116 294.878 292.574 290.579 288.836 287.095 285.247 282.824 280.239 278.091 276.183 274.762 272.746 269.745 266.625 263.363 260.858 258.818 257.128 254.765 251.412 247.145 242.366 237.236 231.85 226.825 222.049 217.085 210.714 203.01 200.383 
307.43 306.015 305.722 303.821 301.63 299.372 297.179 294.941 292.636 290.579 288.836 287.095 285.247 282.949 280.427 278.341 276.371 274.887 272.809 269.745 266.625 263.425 260.983 258.881 257.253 254.828 251.474 247.208 242.428 237.236 231.85 226.7 221.799 217.022 210.652 202.885 200.133 
307.43 305.828 305.785 303.884 301.692 299.434 297.304 295.128 292.699 290.579 288.836 287.158 285.31 283.074 280.677 278.529 276.496 274.887 272.809 269.682 266.562 263.425 261.108 259.068 257.378 254.89 251.537 247.27 242.491 237.298 231.787 226.575 221.612 216.897 210.527 202.822 199.883 
299.305 297.828 297.16 298.384 298.317 297.497 296.241 294.753 293.136 291.392 289.336 286.908 284.435 281.886 279.364 276.904 274.496 272.262 270.121 268.057 266 263.738 261.295 258.631 255.94 253.015 249.787 246.145 241.866 237.048 231.912 226.887 221.612 216.147 209.214 205.26 204.008 
299.242 297.828 297.222 298.821 298.692 297.872 296.616 295.128 293.386 291.454 289.211 286.845 284.372 281.949 279.489 276.966 274.371 272.075 269.809 267.807 265.75 263.55 261.108 258.443 255.815 253.015 249.849 246.27 242.053 237.236 232.225 227.2 221.799 216.21 209.277 204.947 203.383 
299.305 297.828 297.41 299.384 299.192 298.372 297.179 295.691 293.886 291.767 289.461 287.033 284.56 282.074 279.739 277.154 274.371 271.95 269.559 267.557 265.437 263.3 260.92 258.318 255.753 253.015 249.912 246.395 242.241 237.423 232.537 227.45 221.862 216.022 209.214 204.635 203.07 
299.367 297.89 297.722 299.759 299.505 298.747 297.616 296.128 294.261 292.079 289.649 287.158 284.685 282.199 279.989 277.404 274.558 272.075 269.434 267.37 265.187 263.113 260.795 258.318 255.69 252.953 249.912 246.395 242.303 237.548 232.787 227.575 221.737 215.71 209.027 204.385 203.008 
299.555 298.14 298.035 299.696 299.442 298.747 297.679 296.191 294.261 292.017 289.586 287.158 284.685 282.324 280.239 277.716 274.933 272.262 269.559 267.37 265.125 262.988 260.67 258.256 255.69 252.953 249.912 246.395 242.303 237.611 232.912 227.637 221.674 215.522 208.839 204.197 203.133 
299.992 298.515 298.347 299.509 299.067 298.309 297.241 295.816 294.011 291.829 289.399 286.97 284.56 282.449 280.489 278.091 275.371 272.637 269.871 267.557 265.187 262.738 260.42 258.068 255.753 253.015 249.912 246.395 242.303 237.673 233.1 227.762 221.674 215.522 208.714 203.947 203.32 
300.492 299.015 298.66 299.384 298.692 297.809 296.804 295.503 293.824 291.642 289.274 286.845 284.622 282.636 280.864 278.466 275.746 273.012 270.184 267.807 265.25 262.613 260.108 257.756 255.815 253.203 250.037 246.395 242.303 237.736 233.162 227.887 221.737 215.585 208.714 203.76 203.57 
300.992 299.515 299.285 299.571 298.567 297.622 296.616 295.441 293.886 291.767 289.461 286.97 284.81 282.824 281.177 278.841 276.183 273.387 270.559 268.057 265.375 262.488 259.858 257.443 255.69 253.265 250.162 246.458 242.303 237.673 233.1 227.95 221.862 215.647 208.652 203.635 203.758 
301.43 299.953 299.972 299.884 298.755 297.747 296.804 295.691 294.074 292.017 289.649 287.158 284.935 283.011 281.364 279.029 276.496 273.7 270.871 268.182 265.437 262.55 259.795 257.256 255.503 253.203 250.162 246.458 242.241 237.611 233.037 228.012 222.049 215.772 208.652 203.447 204.008 
301.867 300.328 300.722 300.196 298.942 297.934 296.991 295.816 294.136 292.079 289.774 287.22 284.997 283.011 281.302 279.091 276.683 273.95 271.121 268.37 265.562 262.738 259.983 257.381 255.253 253.015 250.037 246.395 242.178 237.548 232.912 228.012 222.237 215.835 208.652 203.26 204.133 
302.242 300.64 301.472 300.384 298.942 298.059 297.054 295.691 293.949 291.954 289.586 287.158 284.872 282.824 280.989 278.841 276.558 273.95 271.246 268.495 265.687 262.863 260.233 257.631 255.19 252.828 249.849 246.27 242.053 237.423 232.787 228.075 222.362 215.897 208.652 203.072 204.07 
302.68 300.828 302.035 300.446 298.88 297.997 296.866 295.441 293.636 291.642 289.399 287.033 284.747 282.636 280.614 278.404 276.121 273.762 271.246 268.62 265.812 262.988 260.358 257.818 255.315 252.765 249.724 246.145 241.991 237.423 232.787 228.075 222.487 215.96 208.652 202.822 203.945 
303.18 301.078 302.41 300.571 298.88 297.934 296.741 295.191 293.261 291.267 289.149 286.845 284.685 282.449 280.239 277.966 275.621 273.45 271.121 268.557 265.875 262.925 260.358 257.881 255.565 252.89 249.787 246.145 241.991 237.486 232.85 228.137 222.674 216.022 208.589 202.635 203.945 
303.617 301.453 302.66 300.821 299.005 297.934 296.554 294.941 293.011 291.017 288.899 286.72 284.497 282.261 279.989 277.591 275.246 273.2 270.996 268.62 265.875 262.863 260.233 257.756 255.628 253.015 249.912 246.208 241.991 237.486 232.912 228.262 222.737 216.022 208.527 202.447 204.07 
303.992 301.828 302.847 301.071 299.255 297.934 296.429 294.816 292.824 290.829 288.711 286.533 284.372 282.074 279.677 277.341 274.996 273.137 271.059 268.62 265.937 262.863 260.108 257.568 255.44 253.015 249.974 246.27 242.053 237.548 233.037 228.325 222.799 215.96 208.402 202.385 204.32 
304.18 302.203 303.097 301.321 299.442 297.934 296.366 294.691 292.761 290.642 288.524 286.47 284.31 282.011 279.552 277.279 274.996 273.2 271.184 268.745 266 262.863 259.92 257.318 255.128 252.828 249.912 246.27 242.053 237.611 233.1 228.45 222.799 215.96 208.277 202.447 204.633 
304.492 302.515 303.347 301.696 299.755 298.059 296.366 294.628 292.699 290.517 288.461 286.47 284.372 282.011 279.552 277.279 274.996 273.325 271.434 268.87 266.125 262.8 259.795 257.068 254.753 252.515 249.787 246.27 242.053 237.548 233.1 228.512 222.799 215.96 208.089 202.697 204.82 
304.805 302.89 303.66 301.884 299.942 298.122 296.366 294.566 292.574 290.454 288.524 286.595 284.56 282.199 279.614 277.341 275.121 273.575 271.621 269.057 266.187 262.8 259.733 256.943 254.503 252.203 249.474 246.083 241.928 237.423 233.1 228.575 222.862 215.96 208.027 202.947 204.82 
305.18 303.39 303.91 302.134 300.067 298.122 296.304 294.503 292.511 290.329 288.524 286.783 284.81 282.386 279.677 277.404 275.183 273.7 271.809 269.182 266.187 262.863 259.733 256.881 254.378 252.015 249.287 245.895 241.803 237.298 232.975 228.512 222.862 216.022 208.152 203.197 204.758 
305.742 303.953 304.222 302.321 300.13 298.059 296.179 294.316 292.386 290.329 288.649 286.97 284.997 282.511 279.739 277.404 275.183 273.762 271.934 269.245 266.25 262.863 259.733 256.818 254.44 252.078 249.224 245.77 241.616 237.111 232.725 228.387 222.862 216.147 208.339 203.51 204.57 
306.242 304.578 304.472 302.509 300.192 298.059 296.116 294.191 292.261 290.267 288.711 287.22 285.185 282.574 279.614 277.341 275.121 273.825 272.059 269.37 266.312 262.925 259.795 256.881 254.503 252.203 249.412 245.833 241.553 236.923 232.475 228.262 222.862 216.21 208.589 203.885 204.32 
306.68 304.953 304.66 302.634 300.317 298.122 296.116 294.128 292.199 290.267 288.774 287.345 285.247 282.574 279.552 277.279 275.121 273.887 272.184 269.495 266.437 262.988 259.795 256.881 254.565 252.453 249.599 245.958 241.553 236.798 232.162 228.075 222.799 216.272 208.902 204.135 204.133 
306.93 305.203 304.785 302.759 300.38 298.184 296.116 294.066 292.074 290.267 288.836 287.283 285.247 282.511 279.427 277.216 275.183 274.012 272.371 269.557 266.5 262.988 259.858 256.943 254.69 252.578 249.787 246.145 241.616 236.673 231.975 227.887 222.737 216.335 209.214 204.322 203.945 
307.055 305.265 304.785 302.759 300.505 298.247 296.054 294.003 292.011 290.204 288.711 287.158 285.122 282.449 279.427 277.279 275.246 274.2 272.559 269.682 266.5 262.988 259.92 257.068 254.878 252.703 249.912 246.27 241.741 236.611 231.85 227.637 222.674 216.335 209.589 204.447 203.695 
307.117 305.203 304.785 302.821 300.567 298.309 296.054 293.941 291.949 290.142 288.586 286.908 284.997 282.386 279.427 277.341 275.433 274.325 272.746 269.745 266.5 262.988 259.92 257.193 255.003 252.828 250.099 246.395 241.803 236.673 231.787 227.512 222.549 216.335 209.902 204.385 203.445 
307.055 305.078 304.722 302.821 300.567 298.372 296.116 293.941 291.949 290.142 288.461 286.658 284.872 282.386 279.489 277.404 275.496 274.45 272.809 269.807 266.5 262.925 259.92 257.318 255.19 252.953 250.224 246.52 241.928 236.736 231.787 227.45 222.487 216.335 210.089 204.197 203.258 
306.992 305.015 304.722 302.821 300.63 298.434 296.179 294.003 291.886 290.142 288.336 286.47 284.747 282.324 279.552 277.466 275.558 274.45 272.871 269.745 266.437 262.863 259.92 257.381 255.378 253.14 250.412 246.708 242.053 236.798 231.85 227.387 222.362 216.21 210.214 204.01 203.133 
306.93 305.015 304.785 302.884 300.692 298.434 296.241 294.066 291.949 290.142 288.274 286.408 284.747 282.386 279.614 277.529 275.621 274.512 272.871 269.682 266.375 262.738 259.92 257.506 255.503 253.39 250.599 246.895 242.116 236.923 231.912 227.387 222.299 216.147 210.214 203.885 202.945 
306.867 305.14 304.847 303.009 300.755 298.559 296.366 294.191 292.074 290.204 288.336 286.47 284.81 282.449 279.677 277.654 275.683 274.512 272.809 269.62 266.25 262.738 259.983 257.568 255.69 253.578 250.724 246.958 242.178 236.986 231.975 227.45 222.237 216.085 210.152 203.76 202.695 
306.867 305.265 305.035 303.134 300.942 298.684 296.491 294.316 292.199 290.329 288.461 286.658 284.935 282.511 279.739 277.654 275.746 274.512 272.684 269.557 266.25 262.738 260.045 257.693 255.94 253.765 250.849 247.02 242.303 237.111 232.037 227.45 222.299 216.147 210.152 203.697 202.32 
307.055 305.64 305.222 303.321 301.13 298.934 296.679 294.441 292.324 290.454 288.649 286.845 285.06 282.574 279.864 277.779 275.808 274.512 272.621 269.557 266.25 262.863 260.17 257.881 256.065 253.89 250.974 247.083 242.303 237.173 232.1 227.45 222.362 216.335 210.214 203.572 201.883 
307.242 306.015 305.41 303.446 301.317 299.059 296.804 294.503 292.386 290.517 288.774 286.97 285.185 282.699 279.989 277.904 275.996 274.575 272.621 269.557 266.375 262.988 260.358 258.068 256.253 254.078 251.037 247.083 242.366 237.236 232.1 227.387 222.362 216.585 210.339 203.447 201.383 
307.492 306.265 305.535 303.634 301.442 299.184 296.929 294.628 292.449 290.517 288.836 287.095 285.247 282.761 280.177 278.091 276.183 274.762 272.684 269.62 266.5 263.175 260.545 258.318 256.503 254.203 251.162 247.145 242.428 237.236 232.1 227.325 222.362 216.772 210.402 203.26 200.945 
307.555 306.39 305.597 303.696 301.567 299.309 296.991 294.753 292.449 290.517 288.774 287.095 285.31 282.886 280.364 278.279 276.371 274.887 272.809 269.745 266.562 263.363 260.795 258.568 256.69 254.39 251.224 247.208 242.491 237.298 232.037 227.2 222.237 216.835 210.464 203.072 200.57 
307.555 306.328 305.597 303.696 301.567 299.372 297.116 294.878 292.511 290.454 288.774 287.033 285.31 283.011 280.552 278.529 276.558 275.012 272.871 269.745 266.625 263.488 260.983 258.756 256.878 254.515 251.287 247.208 242.553 237.423 232.037 227.075 222.049 216.835 210.464 202.947 200.32 
307.492 306.14 305.597 303.696 301.567 299.372 297.241 295.003 292.636 290.517 288.774 287.095 285.372 283.136 280.739 278.716 276.746 275.012 272.809 269.745 266.625 263.55 261.17 259.006 257.128 254.64 251.412 247.27 242.678 237.423 231.975 226.887 221.799 216.772 210.339 202.822 200.07 
298.68 297.265 296.785 297.946 297.942 297.184 295.991 294.566 292.886 291.017 288.899 286.595 284.247 281.761 279.302 276.841 274.246 272.137 270.059 267.995 265.875 263.675 261.358 258.756 256.065 253.015 249.787 246.145 241.928 237.111 231.975 226.825 221.487 216.022 209.339 205.697 203.758 
298.555 297.14 296.597 298.071 298.13 297.434 296.241 294.753 293.011 291.017 288.836 286.533 284.185 281.824 279.427 276.841 274.121 271.887 269.746 267.807 265.75 263.613 261.233 258.693 255.94 252.953 249.787 246.208 242.053 237.298 232.287 227.137 221.799 216.147 209.402 205.26 203.133 
298.555 297.14 296.597 298.446 298.442 297.809 296.679 295.191 293.386 291.267 288.961 286.595 284.31 281.949 279.614 277.029 274.121 271.762 269.434 267.557 265.562 263.425 261.108 258.506 255.815 252.89 249.787 246.27 242.178 237.486 232.6 227.45 221.924 216.085 209.277 204.822 202.758 
298.617 297.14 296.722 298.759 298.755 298.122 296.991 295.503 293.699 291.454 289.086 286.72 284.435 282.136 279.927 277.279 274.371 271.887 269.371 267.37 265.437 263.3 260.983 258.443 255.753 252.89 249.787 246.27 242.303 237.673 232.85 227.575 221.862 215.835 209.089 204.447 202.82 
298.805 297.39 297.035 298.821 298.755 298.059 296.991 295.566 293.699 291.517 289.149 286.72 284.497 282.261 280.177 277.591 274.746 272.075 269.434 267.37 265.312 263.05 260.733 258.381 255.753 252.89 249.787 246.27 242.303 237.736 233.037 227.7 221.799 215.647 208.902 204.197 203.008 
299.18 297.703 297.347 298.759 298.442 297.684 296.616 295.253 293.449 291.329 289.024 286.658 284.497 282.386 280.427 277.966 275.183 272.45 269.684 267.495 265.25 262.8 260.483 258.131 255.753 252.953 249.787 246.333 242.303 237.798 233.162 227.762 221.737 215.522 208.777 204.01 203.32 
299.617 298.14 297.847 298.759 298.192 297.309 296.241 294.941 293.261 291.267 288.961 286.595 284.56 282.574 280.802 278.341 275.558 272.825 269.996 267.682 265.25 262.613 260.17 257.818 255.753 253.078 249.912 246.333 242.303 237.798 233.225 227.887 221.799 215.585 208.714 203.822 203.633 
300.055 298.578 298.472 298.946 298.13 297.122 296.054 294.816 293.261 291.329 289.149 286.783 284.685 282.761 281.052 278.654 275.933 273.137 270.309 267.87 265.312 262.488 259.92 257.443 255.565 253.14 250.037 246.395 242.303 237.736 233.162 227.95 221.924 215.647 208.714 203.76 203.945 
300.43 298.953 299.222 299.259 298.255 297.184 296.179 295.003 293.449 291.517 289.336 286.97 284.872 282.949 281.239 278.841 276.183 273.387 270.559 268.057 265.375 262.488 259.795 257.256 255.315 253.015 250.099 246.458 242.241 237.611 233.037 228.012 222.174 215.71 208.652 203.697 204.133 
300.742 299.265 299.91 299.509 298.38 297.372 296.304 295.066 293.386 291.517 289.399 286.97 284.935 283.011 281.239 278.841 276.308 273.575 270.746 268.182 265.437 262.613 259.858 257.318 255.128 252.828 249.974 246.395 242.178 237.548 232.912 228.012 222.299 215.835 208.589 203.51 204.32 
301.117 299.515 300.535 299.759 298.442 297.372 296.304 294.941 293.074 291.267 289.149 286.845 284.81 282.886 280.927 278.654 276.183 273.637 270.871 268.245 265.5 262.675 260.045 257.443 255.128 252.703 249.849 246.27 242.116 237.548 232.85 228.012 222.424 215.897 208.527 203.322 204.383 
301.555 299.828 301.097 299.884 298.442 297.309 296.116 294.628 292.699 290.829 288.774 286.658 284.622 282.636 280.552 278.279 275.933 273.45 270.934 268.307 265.562 262.675 260.108 257.568 255.253 252.703 249.787 246.208 242.116 237.548 232.85 228.075 222.549 215.96 208.464 203.135 204.32 
302.055 300.078 301.472 300.009 298.442 297.184 295.866 294.316 292.324 290.454 288.461 286.408 284.435 282.324 280.177 277.841 275.496 273.262 270.871 268.307 265.625 262.675 260.108 257.693 255.44 252.828 249.849 246.27 242.116 237.611 232.912 228.075 222.674 215.96 208.402 202.947 204.383 
302.492 300.328 301.722 300.196 298.505 297.122 295.679 294.003 292.074 290.142 288.149 286.158 284.185 282.074 279.864 277.466 275.121 273.012 270.746 268.307 265.687 262.738 260.108 257.631 255.503 252.953 249.974 246.333 242.178 237.673 232.975 228.137 222.737 215.897 208.339 202.822 204.57 
302.805 300.64 301.91 300.321 298.567 297.122 295.554 293.878 291.949 289.954 287.961 285.97 283.997 281.886 279.552 277.216 274.933 272.887 270.746 268.37 265.75 262.8 260.045 257.443 255.315 252.89 250.037 246.395 242.241 237.736 233.037 228.262 222.737 215.835 208.152 202.822 204.883 
302.992 300.89 302.035 300.446 298.692 297.122 295.554 293.878 291.949 289.892 287.899 285.97 283.997 281.761 279.427 277.154 274.871 272.95 270.871 268.495 265.812 262.863 259.92 257.193 254.94 252.64 249.912 246.458 242.241 237.798 233.162 228.325 222.674 215.772 207.964 203.01 205.133 
303.242 301.203 302.222 300.696 298.942 297.247 295.616 293.941 291.949 289.954 287.961 286.033 284.06 281.824 279.427 277.216 274.933 273.137 271.121 268.682 265.937 262.863 259.858 257.006 254.503 252.328 249.662 246.333 242.178 237.736 233.225 228.512 222.737 215.772 207.777 203.322 205.383 
303.617 301.64 302.535 301.009 299.192 297.434 295.741 294.066 292.074 290.017 288.149 286.283 284.31 282.011 279.614 277.341 275.058 273.325 271.371 268.807 266.062 262.863 259.795 256.818 254.253 251.953 249.349 246.083 242.053 237.611 233.225 228.575 222.799 215.772 207.652 203.572 205.383 
304.18 302.265 302.91 301.259 299.317 297.559 295.804 294.066 292.074 290.142 288.336 286.595 284.622 282.324 279.802 277.466 275.183 273.512 271.559 268.995 266.125 262.925 259.733 256.693 254.065 251.765 249.162 245.895 241.928 237.486 233.1 228.512 222.799 215.835 207.714 203.822 205.195 
304.93 303.078 303.222 301.446 299.442 297.559 295.741 294.003 292.074 290.204 288.586 286.97 284.935 282.511 279.864 277.529 275.246 273.637 271.684 269.12 266.25 262.925 259.733 256.631 254.065 251.828 249.162 245.77 241.741 237.298 232.912 228.387 222.862 215.897 207.964 204.135 204.945 
305.617 303.89 303.597 301.696 299.63 297.559 295.741 293.941 292.074 290.267 288.836 287.283 285.185 282.636 279.802 277.466 275.246 273.762 271.871 269.245 266.312 262.988 259.733 256.631 254.065 251.953 249.349 245.833 241.616 237.173 232.662 228.262 222.799 215.96 208.214 204.447 204.633 
306.18 304.453 303.91 301.946 299.755 297.622 295.741 293.941 292.074 290.329 289.024 287.595 285.372 282.699 279.677 277.404 275.183 273.825 271.996 269.37 266.437 263.05 259.67 256.631 254.19 252.203 249.537 245.958 241.616 237.048 232.35 228.137 222.799 216.022 208.527 204.697 204.32 
306.555 304.89 304.16 302.134 299.942 297.747 295.804 293.941 292.074 290.329 289.086 287.72 285.435 282.636 279.614 277.279 275.121 273.887 272.184 269.495 266.5 263.05 259.733 256.756 254.378 252.39 249.724 246.145 241.678 236.861 232.162 227.95 222.737 216.085 208.902 204.76 204.07 
306.805 305.078 304.285 302.259 300.067 297.872 295.866 293.941 292.011 290.329 289.024 287.595 285.435 282.574 279.489 277.216 275.121 273.95 272.309 269.62 266.5 263.05 259.858 256.943 254.628 252.515 249.849 246.27 241.678 236.798 232.037 227.762 222.674 216.147 209.277 204.697 203.883 
306.992 305.203 304.347 302.384 300.13 297.997 295.866 293.878 291.949 290.267 288.899 287.408 285.31 282.574 279.489 277.279 275.246 274.075 272.434 269.682 266.562 262.988 259.92 257.131 254.878 252.64 249.974 246.395 241.803 236.798 231.975 227.637 222.612 216.21 209.652 204.447 203.633 
307.055 305.265 304.347 302.446 300.255 298.059 295.866 293.816 291.824 290.204 288.711 287.095 285.185 282.511 279.489 277.341 275.371 274.2 272.559 269.682 266.5 262.925 259.983 257.256 255.003 252.828 250.099 246.52 241.928 236.861 231.975 227.512 222.487 216.272 209.964 204.197 203.383 
307.055 305.265 304.41 302.509 300.317 298.184 295.929 293.753 291.761 290.142 288.586 286.908 285.06 282.511 279.552 277.466 275.496 274.325 272.684 269.682 266.437 262.863 259.983 257.381 255.19 252.953 250.224 246.645 242.053 236.923 231.975 227.45 222.362 216.272 210.152 204.01 203.258 
307.055 305.328 304.472 302.571 300.442 298.247 295.991 293.816 291.761 290.079 288.461 286.783 284.997 282.449 279.677 277.591 275.683 274.45 272.746 269.682 266.375 262.8 259.92 257.381 255.253 253.078 250.412 246.77 242.116 236.986 232.037 227.45 222.362 216.21 210.214 203.885 203.07 
306.992 305.39 304.597 302.696 300.567 298.372 296.116 294.003 291.886 290.142 288.461 286.783 284.997 282.511 279.739 277.716 275.808 274.575 272.746 269.682 266.312 262.738 259.92 257.443 255.378 253.265 250.599 246.958 242.241 237.048 232.1 227.45 222.362 216.21 210.152 203.822 202.82 
306.992 305.453 304.722 302.884 300.692 298.497 296.304 294.128 292.011 290.204 288.586 286.845 285.06 282.636 279.864 277.841 275.933 274.637 272.684 269.557 266.312 262.738 259.92 257.506 255.503 253.453 250.724 247.02 242.303 237.111 232.1 227.575 222.424 216.272 210.089 203.76 202.508 
307.055 305.64 304.91 303.009 300.88 298.684 296.491 294.253 292.199 290.392 288.711 287.033 285.185 282.699 279.927 277.904 276.058 274.637 272.621 269.557 266.25 262.738 259.983 257.568 255.69 253.578 250.912 247.083 242.366 237.236 232.162 227.637 222.487 216.335 210.089 203.635 202.07 
307.18 305.89 305.097 303.196 301.067 298.872 296.616 294.378 292.324 290.517 288.836 287.095 285.31 282.761 280.114 278.091 276.121 274.637 272.621 269.557 266.312 262.863 260.17 257.756 255.878 253.765 250.974 247.145 242.428 237.236 232.225 227.7 222.549 216.46 210.089 203.51 201.633 
307.43 306.203 305.347 303.384 301.255 299.059 296.804 294.503 292.386 290.517 288.899 287.22 285.372 282.886 280.302 278.216 276.308 274.762 272.621 269.557 266.375 263.05 260.358 258.006 256.065 253.953 251.099 247.208 242.491 237.298 232.287 227.7 222.549 216.585 210.152 203.385 201.133 
307.617 306.453 305.472 303.509 301.442 299.184 296.929 294.628 292.386 290.517 288.899 287.22 285.435 283.011 280.489 278.466 276.496 274.887 272.746 269.682 266.5 263.3 260.608 258.318 256.253 254.078 251.162 247.208 242.553 237.361 232.225 227.575 222.487 216.647 210.152 203.197 200.758 
307.68 306.453 305.535 303.634 301.505 299.309 297.054 294.753 292.449 290.454 288.774 287.22 285.435 283.136 280.677 278.654 276.683 275.012 272.746 269.682 266.625 263.488 260.92 258.568 256.503 254.14 251.162 247.27 242.678 237.486 232.225 227.45 222.362 216.647 210.152 203.01 200.445 
307.555 306.328 305.535 303.634 301.567 299.372 297.179 294.941 292.574 290.454 288.774 287.158 285.435 283.261 280.864 278.841 276.808 275.075 272.809 269.745 266.687 263.675 261.233 258.943 256.815 254.328 251.287 247.333 242.741 237.486 232.162 227.2 222.112 216.522 210.027 202.822 200.195 
298.43 297.015 296.847 297.634 297.567 296.997 295.866 294.441 292.699 290.704 288.524 286.283 283.935 281.574 279.239 276.716 274.121 272.075 270.059 268.057 265.875 263.613 261.295 258.756 255.94 252.953 249.724 246.145 242.053 237.298 232.1 226.762 221.362 215.772 209.527 206.26 203.508 
298.242 296.828 296.472 297.571 297.63 297.122 296.054 294.628 292.824 290.767 288.524 286.22 283.997 281.636 279.302 276.716 273.933 271.825 269.746 267.87 265.875 263.675 261.233 258.693 255.878 252.89 249.662 246.145 242.116 237.486 232.35 227.075 221.737 216.022 209.589 205.697 202.82 
298.242 296.765 296.285 297.821 297.942 297.434 296.366 294.941 293.074 290.954 288.649 286.408 284.185 281.824 279.489 276.841 273.933 271.7 269.496 267.62 265.75 263.55 261.17 258.568 255.753 252.765 249.599 246.145 242.241 237.673 232.725 227.45 221.987 216.022 209.402 205.135 202.633 
298.242 296.828 296.347 298.071 298.192 297.684 296.616 295.128 293.261 291.079 288.774 286.533 284.31 282.074 279.739 277.091 274.121 271.7 269.309 267.432 265.562 263.363 260.983 258.506 255.69 252.703 249.599 246.208 242.366 237.861 233.037 227.7 221.987 215.772 209.089 204.572 202.695 
298.43 296.953 296.597 298.259 298.255 297.684 296.616 295.128 293.261 291.142 288.774 286.533 284.372 282.199 279.989 277.404 274.558 271.95 269.371 267.37 265.312 263.05 260.795 258.381 255.69 252.765 249.599 246.27 242.366 237.986 233.225 227.762 221.862 215.647 208.902 204.26 203.07 
298.68 297.265 297.035 298.321 298.13 297.372 296.304 294.878 293.074 291.017 288.711 286.47 284.372 282.324 280.239 277.779 274.996 272.262 269.621 267.432 265.25 262.863 260.545 258.131 255.628 252.828 249.724 246.27 242.366 237.923 233.287 227.762 221.799 215.522 208.839 204.072 203.445 
299.055 297.578 297.535 298.384 297.88 297.059 295.929 294.566 292.886 290.892 288.649 286.408 284.372 282.449 280.552 278.154 275.371 272.637 269.871 267.62 265.312 262.675 260.233 257.818 255.565 252.89 249.849 246.333 242.303 237.923 233.225 227.825 221.862 215.522 208.839 204.01 203.758 
299.43 297.953 298.16 298.509 297.755 296.809 295.679 294.378 292.761 290.892 288.774 286.47 284.56 282.636 280.864 278.404 275.746 273.012 270.184 267.807 265.375 262.613 259.983 257.443 255.315 252.828 249.912 246.395 242.303 237.798 233.162 227.95 221.987 215.522 208.777 204.072 204.008 
299.742 298.265 298.722 298.634 297.692 296.747 295.616 294.316 292.699 290.892 288.836 286.595 284.747 282.824 280.989 278.591 275.933 273.2 270.496 267.995 265.375 262.55 259.858 257.193 255.065 252.703 249.912 246.458 242.366 237.798 233.1 228.012 222.174 215.647 208.652 204.072 204.32 
299.992 298.453 299.16 298.821 297.755 296.684 295.616 294.253 292.511 290.767 288.774 286.595 284.747 282.886 281.052 278.654 275.996 273.325 270.621 268.12 265.375 262.55 259.795 257.193 254.878 252.515 249.787 246.395 242.366 237.798 233.037 228.012 222.299 215.71 208.464 203.947 204.57 
300.305 298.703 299.66 298.946 297.755 296.622 295.429 294.003 292.199 290.392 288.461 286.408 284.622 282.761 280.864 278.466 275.933 273.387 270.746 268.12 265.375 262.488 259.858 257.256 254.94 252.515 249.724 246.333 242.366 237.798 233.037 228.075 222.424 215.772 208.339 203.76 204.758 
300.742 299.078 300.16 299.134 297.755 296.559 295.304 293.753 291.824 290.017 288.149 286.22 284.435 282.511 280.489 278.154 275.746 273.262 270.684 268.12 265.375 262.488 259.858 257.381 255.128 252.64 249.724 246.333 242.366 237.861 233.1 228.075 222.487 215.772 208.214 203.572 204.82 
301.242 299.39 300.597 299.321 297.817 296.497 295.116 293.441 291.511 289.704 287.899 286.033 284.185 282.261 280.114 277.779 275.371 273.012 270.621 268.057 265.312 262.488 259.92 257.506 255.315 252.765 249.849 246.395 242.428 237.923 233.1 228.075 222.549 215.772 208.089 203.385 204.82 
301.742 299.703 300.91 299.446 297.88 296.434 294.991 293.316 291.386 289.579 287.711 285.845 283.997 281.949 279.802 277.466 275.058 272.825 270.496 267.995 265.375 262.488 259.92 257.506 255.315 252.89 249.974 246.52 242.491 237.986 233.162 228.137 222.612 215.71 208.027 203.322 205.008 
302.117 300.015 301.097 299.571 297.942 296.434 294.929 293.316 291.386 289.579 287.649 285.783 283.872 281.824 279.552 277.216 274.933 272.762 270.496 268.057 265.375 262.613 259.858 257.318 255.128 252.828 250.037 246.583 242.491 238.048 233.225 228.2 222.612 215.647 207.902 203.447 205.195 
302.367 300.328 301.222 299.696 298.005 296.559 295.054 293.441 291.574 289.704 287.774 285.845 283.935 281.761 279.427 277.154 274.871 272.825 270.621 268.12 265.5 262.675 259.858 257.131 254.753 252.515 249.912 246.52 242.491 238.048 233.287 228.325 222.612 215.585 207.652 203.697 205.445 
302.555 300.578 301.347 299.821 298.255 296.747 295.241 293.628 291.761 289.892 288.024 286.095 284.06 281.886 279.427 277.154 274.933 273.012 270.809 268.307 265.625 262.738 259.795 256.881 254.315 252.078 249.662 246.395 242.428 237.986 233.35 228.45 222.674 215.522 207.527 203.947 205.57 
302.992 300.953 301.597 300.071 298.505 296.997 295.429 293.878 291.949 290.142 288.274 286.345 284.31 282.011 279.614 277.279 274.996 273.137 271.059 268.495 265.812 262.8 259.733 256.756 254.065 251.765 249.349 246.145 242.241 237.923 233.35 228.512 222.737 215.522 207.464 204.197 205.57 
303.617 301.64 301.972 300.384 298.692 297.122 295.554 293.941 292.074 290.329 288.524 286.658 284.56 282.261 279.802 277.466 275.121 273.325 271.246 268.745 265.937 262.863 259.733 256.693 253.94 251.64 249.162 245.958 242.053 237.798 233.225 228.512 222.799 215.585 207.464 204.447 205.383 
304.367 302.515 302.347 300.759 298.942 297.184 295.554 293.941 292.136 290.454 288.774 287.033 284.872 282.449 279.927 277.529 275.246 273.45 271.434 268.932 266.062 262.925 259.733 256.631 253.94 251.765 249.224 245.895 241.928 237.611 233.1 228.387 222.737 215.647 207.652 204.76 205.07 
305.117 303.453 302.785 301.071 299.13 297.247 295.491 293.878 292.136 290.517 289.024 287.408 285.185 282.636 279.864 277.529 275.308 273.575 271.621 269.057 266.187 262.988 259.67 256.568 254.003 252.015 249.412 245.895 241.803 237.423 232.85 228.2 222.737 215.71 207.964 205.01 204.758 
305.805 304.14 303.222 301.384 299.317 297.309 295.554 293.816 292.074 290.517 289.274 287.72 285.372 282.699 279.802 277.466 275.246 273.7 271.746 269.245 266.312 262.988 259.67 256.568 254.128 252.203 249.662 246.02 241.741 237.298 232.662 228.075 222.674 215.772 208.277 205.197 204.508 
306.242 304.64 303.535 301.634 299.567 297.434 295.616 293.878 292.136 290.517 289.336 287.908 285.497 282.699 279.614 277.279 275.121 273.7 271.871 269.37 266.437 262.988 259.67 256.693 254.315 252.39 249.787 246.145 241.741 237.173 232.537 227.95 222.612 215.772 208.589 205.135 204.258 
306.555 304.953 303.66 301.821 299.692 297.559 295.616 293.878 292.136 290.517 289.399 287.908 285.56 282.699 279.552 277.216 275.058 273.7 271.934 269.432 266.437 263.05 259.795 256.881 254.565 252.515 249.849 246.27 241.741 237.048 232.35 227.887 222.612 215.835 208.964 204.885 204.133 
306.68 305.14 303.847 301.946 299.817 297.684 295.616 293.753 292.011 290.517 289.336 287.783 285.56 282.636 279.489 277.154 275.058 273.762 272.059 269.495 266.5 263.05 259.92 257.131 254.815 252.64 249.912 246.333 241.803 236.986 232.287 227.762 222.549 215.96 209.402 204.51 203.883 
306.805 305.265 303.91 302.071 299.942 297.809 295.679 293.691 291.886 290.454 289.149 287.658 285.435 282.636 279.552 277.216 275.183 273.825 272.121 269.495 266.5 262.988 260.045 257.318 255.003 252.765 250.037 246.458 241.866 236.986 232.162 227.637 222.487 216.085 209.777 204.197 203.633 
306.93 305.39 304.035 302.134 300.067 297.934 295.741 293.628 291.824 290.392 289.086 287.47 285.372 282.636 279.614 277.341 275.371 274.075 272.246 269.557 266.437 262.925 260.045 257.443 255.128 252.828 250.099 246.52 241.928 236.986 232.162 227.512 222.424 216.147 210.027 203.947 203.445 
306.93 305.39 304.16 302.259 300.192 298.059 295.804 293.691 291.824 290.392 288.961 287.345 285.31 282.636 279.677 277.529 275.558 274.2 272.371 269.557 266.375 262.863 259.983 257.443 255.19 252.953 250.287 246.645 241.991 237.048 232.162 227.512 222.424 216.272 210.152 203.822 203.195 
306.867 305.39 304.285 302.384 300.317 298.184 295.929 293.816 291.886 290.392 289.024 287.345 285.31 282.699 279.802 277.716 275.746 274.325 272.434 269.557 266.375 262.8 259.983 257.443 255.19 253.078 250.412 246.833 242.178 237.048 232.1 227.512 222.424 216.335 210.152 203.76 202.945 
306.805 305.39 304.41 302.571 300.442 298.309 296.116 294.003 292.074 290.517 289.024 287.345 285.372 282.761 279.927 277.841 275.871 274.387 272.434 269.495 266.312 262.738 259.92 257.381 255.315 253.203 250.599 246.958 242.241 237.111 232.225 227.637 222.549 216.397 210.089 203.697 202.57 
306.742 305.39 304.535 302.696 300.63 298.434 296.241 294.191 292.261 290.642 289.086 287.408 285.435 282.824 280.052 277.966 275.996 274.45 272.371 269.432 266.25 262.738 259.92 257.443 255.44 253.39 250.787 247.083 242.366 237.173 232.287 227.762 222.674 216.46 210.027 203.635 202.195 
306.867 305.578 304.722 302.884 300.817 298.684 296.491 294.378 292.386 290.767 289.149 287.47 285.497 282.949 280.177 278.091 276.058 274.45 272.371 269.432 266.25 262.8 260.045 257.568 255.628 253.578 250.974 247.145 242.428 237.236 232.35 227.887 222.737 216.46 209.964 203.51 201.758 
307.117 305.765 304.972 303.134 301.067 298.872 296.679 294.503 292.449 290.704 289.149 287.47 285.56 283.011 280.364 278.216 276.183 274.575 272.434 269.432 266.312 262.988 260.233 257.818 255.815 253.703 251.037 247.208 242.428 237.298 232.412 227.95 222.799 216.46 209.902 203.385 201.258 
307.367 306.078 305.16 303.384 301.255 299.059 296.804 294.566 292.449 290.642 289.086 287.47 285.56 283.136 280.489 278.466 276.371 274.7 272.496 269.557 266.437 263.238 260.545 258.131 256.003 253.828 251.099 247.27 242.491 237.361 232.412 227.887 222.737 216.46 209.902 203.26 200.883 
307.555 306.265 305.347 303.509 301.38 299.184 296.991 294.691 292.449 290.517 288.961 287.345 285.622 283.261 280.739 278.654 276.621 274.887 272.621 269.62 266.562 263.488 260.858 258.506 256.315 254.015 251.162 247.333 242.616 237.361 232.35 227.762 222.612 216.46 209.839 203.072 200.57 
307.492 306.265 305.41 303.509 301.442 299.309 297.054 294.753 292.511 290.454 288.836 287.22 285.56 283.324 280.927 278.779 276.746 274.95 272.684 269.682 266.75 263.8 261.295 258.943 256.628 254.14 251.224 247.395 242.678 237.361 232.225 227.512 222.362 216.272 209.714 202.885 200.32 
298.43 296.953 297.16 297.696 297.567 297.059 295.991 294.628 292.761 290.579 288.336 286.033 283.81 281.511 279.177 276.716 274.058 272.137 270.246 268.182 266 263.613 261.108 258.568 255.69 252.828 249.662 246.208 242.178 237.548 232.287 226.825 221.237 215.335 209.839 206.635 203.32 
298.242 296.828 296.722 297.509 297.567 297.184 296.241 294.816 292.949 290.767 288.399 286.158 283.997 281.636 279.239 276.654 273.808 271.825 269.871 267.995 265.937 263.675 261.17 258.506 255.628 252.703 249.537 246.083 242.241 237.736 232.537 227.075 221.612 215.71 209.902 206.135 202.695 
298.18 296.765 296.535 297.634 297.942 297.559 296.554 295.066 293.136 290.954 288.649 286.47 284.247 281.886 279.427 276.716 273.808 271.7 269.621 267.807 265.812 263.488 261.045 258.443 255.565 252.578 249.412 246.083 242.366 237.923 232.912 227.45 221.924 215.835 209.589 205.447 202.508 
298.242 296.828 296.597 297.946 298.255 297.809 296.741 295.191 293.261 291.079 288.836 286.658 284.435 282.136 279.614 276.904 273.933 271.637 269.434 267.557 265.562 263.238 260.858 258.381 255.565 252.578 249.412 246.145 242.491 238.173 233.162 227.7 221.987 215.772 209.214 204.822 202.695 
298.367 296.89 296.91 298.259 298.255 297.747 296.616 295.066 293.199 291.079 288.836 286.658 284.435 282.199 279.864 277.216 274.308 271.825 269.434 267.432 265.375 263.05 260.67 258.256 255.565 252.64 249.537 246.208 242.491 238.236 233.287 227.762 221.924 215.647 208.964 204.385 203.07 
298.617 297.078 297.285 298.321 298.067 297.372 296.241 294.816 292.949 290.892 288.649 286.408 284.31 282.199 280.114 277.591 274.746 272.2 269.621 267.495 265.312 262.863 260.483 258.068 255.503 252.703 249.662 246.27 242.491 238.111 233.287 227.762 221.862 215.522 208.964 204.26 203.508 
298.805 297.265 297.722 298.259 297.755 296.997 295.804 294.378 292.636 290.642 288.461 286.22 284.247 282.261 280.364 277.966 275.246 272.637 269.996 267.682 265.375 262.738 260.233 257.693 255.253 252.64 249.787 246.395 242.428 238.048 233.287 227.825 221.862 215.46 208.964 204.322 203.82 
299.117 297.515 298.097 298.259 297.505 296.622 295.491 294.066 292.324 290.517 288.399 286.158 284.31 282.449 280.614 278.216 275.621 273.012 270.309 267.932 265.437 262.675 259.983 257.381 254.94 252.515 249.787 246.458 242.491 237.986 233.225 227.887 221.987 215.397 208.964 204.51 204.133 
299.305 297.703 298.472 298.196 297.317 296.372 295.241 293.816 292.136 290.329 288.336 286.22 284.435 282.636 280.739 278.404 275.808 273.2 270.559 268.12 265.437 262.613 259.858 257.131 254.69 252.328 249.724 246.52 242.553 238.048 233.225 227.95 222.112 215.397 208.777 204.572 204.445 
299.492 297.89 298.722 298.196 297.192 296.184 294.991 293.566 291.824 290.079 288.211 286.22 284.497 282.699 280.802 278.466 275.871 273.325 270.684 268.12 265.437 262.55 259.795 257.006 254.565 252.203 249.599 246.458 242.616 238.111 233.287 228.075 222.237 215.46 208.402 204.51 204.82 
299.742 298.203 299.097 298.259 297.13 295.997 294.741 293.253 291.449 289.704 287.899 286.095 284.435 282.574 280.677 278.341 275.808 273.262 270.621 268.057 265.375 262.425 259.733 257.068 254.69 252.265 249.599 246.458 242.741 238.236 233.35 228.137 222.362 215.522 208.027 204.322 205.07 
300.242 298.578 299.472 298.509 297.192 295.997 294.616 293.066 291.136 289.454 287.711 285.908 284.31 282.386 280.364 277.966 275.558 273.012 270.496 267.932 265.25 262.363 259.733 257.256 254.94 252.453 249.662 246.458 242.741 238.361 233.412 228.137 222.424 215.585 207.839 204.135 205.195 
300.805 299.015 299.972 298.759 297.317 295.997 294.554 292.941 291.011 289.267 287.586 285.845 284.122 282.136 279.989 277.591 275.183 272.825 270.309 267.807 265.125 262.3 259.795 257.381 255.19 252.703 249.849 246.583 242.741 238.361 233.412 228.137 222.487 215.522 207.777 203.947 205.258 
301.43 299.515 300.347 298.946 297.442 296.059 294.554 292.941 291.011 289.267 287.524 285.783 283.997 281.949 279.677 277.341 274.933 272.637 270.246 267.745 265.062 262.3 259.795 257.443 255.253 252.828 249.974 246.645 242.741 238.298 233.412 228.2 222.549 215.522 207.777 203.885 205.195 
301.93 299.953 300.597 299.134 297.63 296.184 294.679 293.066 291.199 289.454 287.649 285.845 283.935 281.824 279.489 277.216 274.871 272.637 270.246 267.682 265 262.363 259.795 257.318 255.065 252.765 250.037 246.708 242.741 238.298 233.412 228.262 222.612 215.522 207.714 203.947 205.258 
302.305 300.39 300.785 299.259 297.755 296.372 294.929 293.378 291.511 289.829 287.961 286.095 284.122 281.886 279.427 277.154 274.808 272.7 270.371 267.745 265.062 262.363 259.67 257.068 254.69 252.515 249.912 246.645 242.678 238.236 233.475 228.387 222.612 215.46 207.589 204.197 205.32 
302.555 300.64 300.91 299.446 298.005 296.622 295.179 293.691 291.886 290.267 288.336 286.408 284.247 281.949 279.427 277.154 274.808 272.825 270.559 267.932 265.187 262.425 259.608 256.881 254.378 252.14 249.662 246.52 242.616 238.173 233.475 228.45 222.674 215.397 207.464 204.447 205.383 
302.867 300.953 301.097 299.696 298.255 296.872 295.491 293.941 292.199 290.517 288.649 286.658 284.435 282.074 279.552 277.279 274.933 272.95 270.746 268.182 265.437 262.55 259.608 256.818 254.19 251.89 249.412 246.333 242.428 238.111 233.475 228.512 222.737 215.397 207.402 204.635 205.383 
303.43 301.515 301.41 300.009 298.442 296.997 295.554 294.003 292.261 290.642 288.899 286.845 284.622 282.261 279.739 277.341 274.996 273.075 270.934 268.432 265.687 262.613 259.67 256.756 254.128 251.828 249.349 246.145 242.303 237.986 233.35 228.45 222.737 215.46 207.464 204.885 205.258 
304.117 302.328 301.847 300.321 298.692 297.059 295.491 293.941 292.261 290.767 289.024 287.158 284.872 282.449 279.864 277.466 275.183 273.262 271.121 268.62 265.812 262.738 259.67 256.756 254.19 251.953 249.412 246.083 242.116 237.861 233.225 228.325 222.674 215.46 207.652 205.072 205.07 
304.805 303.203 302.285 300.696 298.942 297.122 295.429 293.816 292.199 290.767 289.274 287.47 285.122 282.574 279.864 277.529 275.246 273.387 271.309 268.807 266 262.8 259.608 256.693 254.253 252.203 249.599 246.083 241.991 237.673 233.1 228.2 222.549 215.46 207.839 205.322 204.883 
305.43 303.89 302.597 301.009 299.192 297.247 295.429 293.753 292.199 290.829 289.524 287.783 285.372 282.636 279.802 277.466 275.183 273.45 271.496 268.995 266.125 262.863 259.608 256.631 254.315 252.39 249.724 246.145 241.803 237.548 232.912 228.137 222.424 215.46 208.089 205.385 204.695 
305.867 304.328 302.91 301.259 299.38 297.309 295.491 293.816 292.261 290.829 289.586 287.97 285.497 282.636 279.677 277.341 275.121 273.45 271.559 269.12 266.25 262.925 259.67 256.693 254.44 252.515 249.849 246.208 241.803 237.423 232.85 228.012 222.424 215.46 208.339 205.26 204.57 
306.117 304.64 303.035 301.446 299.505 297.372 295.491 293.816 292.261 290.892 289.711 288.095 285.56 282.636 279.614 277.216 274.996 273.45 271.621 269.245 266.312 262.988 259.795 256.881 254.628 252.578 249.912 246.27 241.803 237.298 232.787 228.012 222.424 215.46 208.714 204.947 204.445 
306.367 304.828 303.285 301.571 299.63 297.497 295.491 293.753 292.199 290.892 289.649 288.033 285.622 282.699 279.552 277.091 274.933 273.45 271.621 269.307 266.437 262.988 259.92 257.131 254.815 252.64 249.912 246.27 241.741 237.173 232.6 227.887 222.487 215.647 209.089 204.572 204.258 
306.492 305.015 303.347 301.696 299.755 297.622 295.554 293.691 292.074 290.829 289.649 288.033 285.622 282.699 279.614 277.154 274.996 273.512 271.746 269.307 266.437 263.05 260.045 257.318 255.003 252.703 249.974 246.27 241.741 237.111 232.412 227.762 222.424 215.897 209.527 204.26 203.945 
306.555 305.14 303.535 301.759 299.817 297.747 295.616 293.691 292.011 290.892 289.649 287.97 285.56 282.699 279.677 277.341 275.183 273.7 271.809 269.37 266.375 262.988 260.108 257.506 255.128 252.828 250.037 246.395 241.741 237.048 232.35 227.637 222.424 216.085 209.839 204.072 203.695 
306.555 305.14 303.66 301.884 299.942 297.809 295.679 293.753 292.074 290.954 289.649 287.97 285.622 282.761 279.802 277.466 275.371 273.825 271.934 269.37 266.375 262.925 260.108 257.506 255.19 252.89 250.162 246.52 241.803 236.986 232.225 227.512 222.424 216.272 210.027 203.885 203.32 
306.492 305.078 303.785 302.009 300.067 297.997 295.804 293.878 292.199 291.079 289.774 287.97 285.622 282.824 279.864 277.591 275.558 273.887 271.934 269.37 266.312 262.925 260.108 257.506 255.19 252.953 250.287 246.645 241.991 236.986 232.225 227.512 222.549 216.46 210.152 203.822 202.945 
306.305 305.015 303.972 302.196 300.13 298.059 295.929 294.003 292.386 291.142 289.774 287.97 285.685 282.886 279.989 277.716 275.621 274.012 271.996 269.307 266.312 262.863 260.045 257.443 255.253 253.078 250.474 246.833 242.116 237.048 232.225 227.637 222.612 216.585 210.089 203.76 202.57 
306.242 304.89 304.16 302.384 300.317 298.247 296.116 294.253 292.511 291.204 289.774 287.97 285.747 283.011 280.114 277.841 275.683 274.012 271.934 269.245 266.25 262.863 260.045 257.506 255.378 253.265 250.662 247.02 242.241 237.111 232.287 227.825 222.799 216.585 209.964 203.635 202.195 
306.305 304.89 304.347 302.571 300.505 298.434 296.366 294.378 292.636 291.204 289.711 287.908 285.747 283.074 280.302 277.966 275.746 274.012 271.934 269.245 266.25 262.925 260.108 257.568 255.565 253.453 250.849 247.083 242.366 237.173 232.35 227.95 222.924 216.522 209.839 203.51 201.758 
306.555 305.078 304.535 302.821 300.755 298.684 296.491 294.441 292.574 291.142 289.586 287.908 285.747 283.199 280.427 278.091 275.871 274.137 272.059 269.307 266.25 263.05 260.295 257.818 255.753 253.64 250.974 247.208 242.366 237.173 232.412 228.075 222.987 216.46 209.777 203.385 201.383 
306.867 305.39 304.785 303.071 301.005 298.872 296.679 294.503 292.574 290.954 289.461 287.783 285.81 283.261 280.552 278.279 276.058 274.262 272.184 269.37 266.375 263.3 260.545 258.131 255.94 253.703 251.037 247.208 242.428 237.236 232.412 228.075 222.924 216.46 209.714 203.26 201.008 
307.18 305.765 305.035 303.321 301.192 299.059 296.804 294.566 292.511 290.704 289.211 287.595 285.747 283.386 280.739 278.466 276.308 274.512 272.371 269.495 266.562 263.55 260.92 258.443 256.19 253.89 251.099 247.27 242.491 237.236 232.35 227.887 222.799 216.335 209.652 203.197 200.695 
307.305 305.89 305.16 303.321 301.317 299.122 296.929 294.628 292.386 290.454 288.899 287.345 285.622 283.386 280.927 278.654 276.496 274.7 272.496 269.62 266.812 263.925 261.358 258.881 256.503 254.078 251.224 247.395 242.616 237.236 232.287 227.7 222.487 216.147 209.527 203.01 200.383 
298.617 297.203 297.535 298.071 298.005 297.559 296.554 295.066 293.074 290.767 288.336 286.033 283.81 281.511 279.177 276.591 273.933 272.2 270.434 268.37 266.187 263.613 260.983 258.256 255.253 252.515 249.599 246.27 242.366 237.798 232.475 226.825 221.174 214.96 210.214 206.822 203.258 
298.43 297.015 297.222 297.946 298.067 297.809 296.866 295.316 293.324 290.954 288.586 286.345 284.122 281.761 279.239 276.529 273.683 271.887 270.059 268.182 266.062 263.613 260.983 258.318 255.315 252.453 249.412 246.145 242.366 237.923 232.725 227.075 221.487 215.46 210.277 206.26 202.695 
298.43 297.015 297.16 298.196 298.505 298.247 297.179 295.566 293.511 291.204 288.961 286.783 284.497 282.011 279.364 276.591 273.683 271.7 269.809 267.932 265.875 263.425 260.858 258.256 255.378 252.39 249.287 246.083 242.491 238.111 232.975 227.387 221.799 215.71 209.964 205.635 202.508 
298.555 297.078 297.347 298.571 298.817 298.434 297.304 295.628 293.574 291.392 289.149 287.033 284.685 282.261 279.552 276.716 273.808 271.7 269.621 267.745 265.625 263.113 260.67 258.131 255.44 252.453 249.349 246.083 242.553 238.298 233.225 227.575 221.924 215.772 209.527 205.01 202.633 
298.617 297.14 297.66 298.759 298.755 298.184 296.991 295.441 293.449 291.329 289.086 286.908 284.685 282.261 279.739 277.029 274.121 271.887 269.621 267.557 265.437 262.925 260.483 258.068 255.503 252.578 249.474 246.145 242.553 238.361 233.287 227.637 221.924 215.647 209.214 204.635 203.008 
298.742 297.203 297.91 298.634 298.317 297.684 296.429 294.941 293.074 291.017 288.836 286.533 284.372 282.136 279.927 277.341 274.558 272.2 269.809 267.682 265.375 262.863 260.358 257.881 255.378 252.703 249.662 246.27 242.491 238.173 233.225 227.637 221.862 215.585 209.214 204.447 203.508 
298.805 297.203 298.16 298.384 297.88 297.059 295.866 294.378 292.574 290.642 288.461 286.158 284.122 282.136 280.114 277.716 275.121 272.7 270.184 267.87 265.437 262.8 260.17 257.568 255.065 252.515 249.724 246.395 242.491 238.048 233.162 227.637 221.862 215.46 209.339 204.572 203.82 
298.992 297.328 298.347 298.196 297.505 296.559 295.366 293.878 292.136 290.267 288.211 286.033 284.122 282.199 280.302 277.966 275.496 273.075 270.559 268.12 265.5 262.738 259.983 257.256 254.565 252.203 249.724 246.52 242.616 238.111 233.162 227.762 221.862 215.335 209.339 204.822 204.195 
299.242 297.515 298.535 298.071 297.192 296.247 295.054 293.566 291.824 290.017 288.086 285.97 284.185 282.386 280.489 278.154 275.746 273.262 270.746 268.245 265.562 262.675 259.858 257.006 254.315 251.953 249.537 246.583 242.741 238.236 233.287 227.887 221.987 215.272 209.027 205.01 204.633 
299.43 297.703 298.722 298.009 297.005 296.059 294.804 293.316 291.574 289.767 287.899 285.97 284.247 282.449 280.489 278.279 275.808 273.325 270.746 268.182 265.5 262.613 259.795 256.943 254.253 251.828 249.412 246.52 242.803 238.423 233.412 228.012 222.112 215.21 208.527 205.072 205.008 
299.68 298.015 298.91 298.071 297.005 295.934 294.616 293.066 291.261 289.517 287.711 285.908 284.247 282.449 280.427 278.091 275.683 273.137 270.621 268.057 265.375 262.488 259.733 257.068 254.44 251.953 249.412 246.52 242.928 238.548 233.537 228.137 222.237 215.272 207.964 204.947 205.32 
300.117 298.453 299.222 298.259 297.13 295.872 294.491 292.878 291.074 289.329 287.586 285.845 284.185 282.261 280.177 277.779 275.308 272.887 270.309 267.807 265.187 262.425 259.795 257.256 254.753 252.203 249.537 246.52 242.928 238.611 233.6 228.262 222.362 215.335 207.714 204.76 205.445 
300.742 299.015 299.66 298.571 297.317 295.997 294.491 292.816 291.011 289.267 287.586 285.845 284.122 282.074 279.864 277.404 274.996 272.575 270.059 267.62 265 262.3 259.858 257.381 255.003 252.515 249.724 246.583 242.866 238.548 233.6 228.262 222.487 215.46 207.652 204.572 205.258 
301.43 299.578 300.097 298.821 297.442 296.122 294.616 292.941 291.074 289.329 287.649 285.845 283.997 281.949 279.614 277.216 274.746 272.387 269.934 267.37 264.875 262.238 259.858 257.443 255.19 252.703 249.912 246.645 242.866 238.486 233.537 228.262 222.549 215.522 207.714 204.385 205.07 
302.055 300.203 300.41 299.071 297.692 296.309 294.804 293.191 291.324 289.642 287.899 286.033 284.06 281.886 279.489 277.091 274.746 272.387 269.934 267.37 264.687 262.175 259.795 257.381 255.065 252.703 249.912 246.645 242.741 238.361 233.537 228.387 222.674 215.522 207.777 204.385 204.945 
302.555 300.765 300.722 299.321 297.942 296.622 295.179 293.566 291.699 290.079 288.336 286.345 284.247 281.949 279.427 277.091 274.746 272.45 270.059 267.37 264.687 262.05 259.67 257.256 254.878 252.578 249.849 246.583 242.678 238.298 233.537 228.45 222.674 215.46 207.714 204.51 204.883 
302.867 301.078 300.91 299.571 298.255 296.872 295.491 293.941 292.136 290.579 288.774 286.72 284.497 282.074 279.489 277.091 274.683 272.637 270.246 267.557 264.812 261.988 259.483 257.068 254.753 252.39 249.787 246.52 242.616 238.236 233.537 228.512 222.737 215.397 207.714 204.697 204.883 
303.117 301.39 301.035 299.821 298.442 297.122 295.679 294.128 292.386 290.892 289.024 286.97 284.622 282.136 279.552 277.154 274.746 272.7 270.496 267.87 265.062 262.113 259.483 257.006 254.628 252.265 249.662 246.395 242.553 238.173 233.537 228.512 222.674 215.335 207.652 204.822 204.945 
303.492 301.765 301.285 300.009 298.63 297.247 295.741 294.128 292.449 291.017 289.211 287.158 284.747 282.261 279.677 277.279 274.871 272.887 270.684 268.12 265.312 262.3 259.608 257.006 254.565 252.265 249.599 246.333 242.428 238.111 233.412 228.325 222.612 215.335 207.714 205.01 205.008 
304.055 302.328 301.66 300.321 298.817 297.247 295.616 294.003 292.449 291.017 289.274 287.283 284.872 282.386 279.802 277.341 274.933 273.012 270.809 268.307 265.5 262.425 259.67 256.943 254.69 252.328 249.599 246.27 242.303 237.986 233.287 228.2 222.487 215.272 207.777 205.197 205.008 
304.617 303.015 301.972 300.634 299.067 297.247 295.491 293.878 292.324 291.017 289.524 287.533 285.06 282.511 279.864 277.404 275.058 273.137 270.934 268.495 265.687 262.55 259.608 256.943 254.69 252.515 249.787 246.27 242.116 237.798 233.162 228.075 222.299 215.21 207.902 205.322 204.945 
305.055 303.578 302.285 300.884 299.255 297.372 295.429 293.816 292.324 291.142 289.649 287.783 285.247 282.574 279.802 277.404 275.058 273.2 271.121 268.682 265.875 262.675 259.545 256.818 254.628 252.64 249.849 246.27 242.053 237.736 233.162 228.075 222.237 215.21 208.089 205.322 204.883 
305.43 303.89 302.472 301.071 299.38 297.434 295.491 293.816 292.386 291.204 289.774 287.97 285.372 282.574 279.677 277.279 274.996 273.2 271.184 268.87 266.062 262.738 259.545 256.756 254.565 252.64 249.912 246.208 241.928 237.611 233.1 228.137 222.299 215.21 208.277 205.135 204.82 
305.68 304.14 302.597 301.134 299.442 297.434 295.491 293.816 292.449 291.204 289.899 288.095 285.497 282.636 279.614 277.154 274.871 273.2 271.246 268.995 266.187 262.863 259.67 256.818 254.628 252.64 249.912 246.208 241.866 237.548 233.037 228.137 222.299 215.272 208.589 204.885 204.758 
305.867 304.39 302.785 301.259 299.505 297.497 295.491 293.753 292.386 291.204 289.899 288.095 285.622 282.636 279.614 277.091 274.808 273.2 271.309 269.12 266.312 262.988 259.858 257.068 254.753 252.64 249.849 246.145 241.741 237.361 232.912 228.012 222.299 215.46 208.964 204.635 204.508 
305.992 304.515 302.91 301.321 299.567 297.559 295.491 293.753 292.324 291.267 289.961 288.158 285.685 282.699 279.677 277.154 274.871 273.262 271.371 269.12 266.375 263.05 260.045 257.318 254.94 252.703 249.849 246.145 241.616 237.236 232.662 227.887 222.299 215.71 209.339 204.322 204.258 
306.055 304.64 303.035 301.384 299.567 297.559 295.554 293.753 292.324 291.392 290.086 288.22 285.685 282.761 279.739 277.279 274.996 273.325 271.434 269.182 266.375 263.05 260.17 257.506 255.128 252.765 249.912 246.208 241.616 237.111 232.475 227.7 222.362 216.022 209.652 204.197 203.883 
306.055 304.64 303.222 301.509 299.63 297.622 295.616 293.816 292.449 291.579 290.211 288.345 285.747 282.886 279.864 277.404 275.183 273.45 271.496 269.182 266.375 263.05 260.233 257.568 255.19 252.765 250.037 246.333 241.616 236.986 232.35 227.637 222.424 216.272 209.902 204.072 203.445 
305.93 304.578 303.347 301.634 299.755 297.747 295.741 294.003 292.636 291.767 290.336 288.408 285.81 282.886 279.989 277.529 275.308 273.45 271.496 269.182 266.312 263.05 260.233 257.568 255.253 252.828 250.162 246.52 241.741 236.986 232.287 227.575 222.549 216.522 210.089 204.01 202.945 
305.805 304.453 303.535 301.821 299.88 297.809 295.866 294.191 292.824 291.829 290.399 288.47 285.872 283.074 280.114 277.654 275.308 273.512 271.434 269.12 266.312 263.05 260.233 257.568 255.315 252.953 250.349 246.708 241.991 236.986 232.225 227.7 222.674 216.647 210.089 203.885 202.508 
305.742 304.328 303.722 302.009 300.005 297.934 296.054 294.316 292.824 291.767 290.336 288.408 285.935 283.136 280.177 277.716 275.308 273.512 271.434 269.057 266.25 263.05 260.233 257.631 255.378 253.14 250.474 246.895 242.116 237.048 232.287 227.887 222.862 216.71 209.964 203.76 202.07 
305.742 304.203 303.91 302.196 300.192 298.122 296.179 294.378 292.886 291.704 290.211 288.345 285.997 283.199 280.302 277.779 275.371 273.575 271.496 268.995 266.25 263.113 260.358 257.756 255.565 253.265 250.662 247.02 242.241 237.048 232.35 228.012 222.987 216.647 209.839 203.572 201.695 
305.93 304.328 304.097 302.446 300.442 298.372 296.304 294.441 292.761 291.517 290.024 288.283 285.997 283.324 280.427 277.904 275.496 273.637 271.559 269.057 266.25 263.175 260.483 258.006 255.753 253.515 250.787 247.02 242.303 237.048 232.35 228.137 223.049 216.585 209.777 203.447 201.383 
306.305 304.64 304.41 302.696 300.692 298.622 296.491 294.441 292.699 291.267 289.774 288.095 285.997 283.386 280.552 278.091 275.683 273.825 271.746 269.182 266.375 263.425 260.733 258.256 256.003 253.64 250.912 247.083 242.303 237.048 232.35 228.137 223.049 216.522 209.652 203.322 201.07 
306.617 305.14 304.66 302.946 300.88 298.747 296.554 294.441 292.511 290.954 289.461 287.845 285.935 283.449 280.739 278.279 275.871 274.012 271.934 269.37 266.562 263.613 261.045 258.568 256.253 253.828 251.037 247.208 242.366 237.048 232.287 227.95 222.924 216.335 209.589 203.197 200.758 
306.867 305.453 304.785 303.009 300.942 298.872 296.616 294.378 292.261 290.579 289.024 287.408 285.747 283.449 280.927 278.404 276.058 274.2 272.121 269.495 266.812 263.988 261.42 258.943 256.565 254.078 251.162 247.208 242.428 237.048 232.162 227.762 222.612 216.147 209.464 203.072 200.508 
299.055 297.64 298.097 298.759 298.755 298.497 297.491 295.816 293.636 291.142 288.649 286.283 283.935 281.511 279.052 276.466 273.808 272.137 270.496 268.557 266.312 263.738 260.983 258.068 254.94 252.265 249.537 246.27 242.366 237.798 232.475 226.825 221.174 214.71 210.589 206.697 203.32 
298.867 297.515 297.91 298.696 298.942 298.809 297.741 296.066 293.824 291.392 288.961 286.658 284.247 281.761 279.114 276.404 273.558 271.887 270.184 268.307 266.187 263.613 260.983 258.131 255.065 252.265 249.412 246.145 242.428 237.986 232.662 227.012 221.362 215.21 210.714 206.197 202.758 
298.93 297.453 297.972 299.009 299.38 299.184 298.054 296.253 294.011 291.704 289.274 287.095 284.685 282.074 279.239 276.404 273.558 271.762 269.996 268.12 266 263.363 260.795 258.068 255.19 252.265 249.349 246.083 242.491 238.173 232.912 227.2 221.674 215.585 210.402 205.635 202.508 
298.992 297.578 298.222 299.321 299.63 299.247 297.991 296.191 294.074 291.829 289.524 287.345 284.872 282.261 279.427 276.591 273.683 271.762 269.809 267.87 265.75 263.113 260.545 258.006 255.315 252.39 249.349 246.083 242.491 238.236 233.1 227.45 221.799 215.71 209.964 205.135 202.695 
299.055 297.578 298.472 299.321 299.317 298.809 297.554 295.816 293.761 291.704 289.461 287.22 284.81 282.261 279.552 276.841 273.996 271.95 269.809 267.807 265.562 262.863 260.358 257.943 255.44 252.578 249.474 246.145 242.491 238.236 233.1 227.45 221.862 215.772 209.652 204.76 203.008 
299.055 297.515 298.597 299.009 298.63 297.934 296.741 295.191 293.261 291.204 289.024 286.72 284.435 282.074 279.677 277.154 274.433 272.262 270.059 267.87 265.5 262.8 260.233 257.693 255.315 252.703 249.662 246.27 242.428 238.048 233.037 227.45 221.862 215.772 209.714 204.572 203.445 
299.055 297.453 298.597 298.634 298.005 297.122 295.929 294.441 292.636 290.767 288.586 286.22 284.122 281.949 279.802 277.404 274.933 272.7 270.371 268.057 265.5 262.8 260.17 257.443 254.94 252.453 249.724 246.395 242.491 237.986 232.975 227.45 221.737 215.647 209.839 204.697 203.82 
299.18 297.453 298.66 298.321 297.505 296.559 295.366 293.878 292.136 290.329 288.274 286.033 283.997 282.011 279.927 277.654 275.246 273.075 270.684 268.245 265.625 262.8 260.045 257.193 254.44 252.078 249.599 246.52 242.616 238.048 233.037 227.575 221.737 215.46 209.902 204.947 204.258 
299.43 297.64 298.785 298.196 297.317 296.309 295.116 293.628 291.824 290.142 288.149 285.97 284.06 282.074 280.052 277.779 275.496 273.2 270.871 268.307 265.687 262.8 259.92 257.006 254.128 251.765 249.412 246.52 242.741 238.236 233.225 227.762 221.799 215.21 209.589 205.197 204.695 
299.742 297.953 298.972 298.321 297.317 296.309 295.054 293.503 291.761 289.954 288.024 285.97 284.122 282.199 280.114 277.904 275.558 273.2 270.809 268.245 265.625 262.738 259.92 257.006 254.065 251.578 249.287 246.458 242.803 238.423 233.412 227.95 221.924 215.085 208.964 205.385 205.133 
300.117 298.328 299.285 298.446 297.442 296.372 295.054 293.503 291.699 289.829 287.899 285.97 284.185 282.199 280.114 277.779 275.371 272.95 270.559 268.057 265.5 262.675 259.92 257.131 254.253 251.703 249.224 246.395 242.803 238.486 233.475 228.012 222.049 215.085 208.339 205.447 205.32 
300.492 298.828 299.535 298.634 297.567 296.372 294.991 293.441 291.574 289.767 287.899 286.033 284.185 282.136 279.927 277.529 275.058 272.637 270.184 267.745 265.25 262.55 259.983 257.318 254.565 251.953 249.412 246.458 242.803 238.486 233.475 228.137 222.237 215.335 208.027 205.385 205.258 
301.055 299.328 299.847 298.884 297.692 296.434 294.991 293.316 291.511 289.704 287.899 286.033 284.122 282.011 279.677 277.216 274.746 272.262 269.871 267.495 265 262.488 259.983 257.443 254.94 252.328 249.599 246.458 242.741 238.361 233.412 228.137 222.424 215.522 208.027 205.197 204.945 
301.68 299.89 300.16 299.134 297.817 296.497 295.054 293.378 291.511 289.704 287.961 286.095 284.122 281.949 279.552 277.091 274.558 272.137 269.621 267.245 264.812 262.363 259.983 257.506 255.128 252.578 249.724 246.458 242.678 238.298 233.412 228.2 222.487 215.647 208.152 205.01 204.695 
302.305 300.515 300.472 299.384 298.005 296.684 295.179 293.566 291.699 289.954 288.149 286.22 284.185 281.949 279.489 277.091 274.558 272.137 269.621 267.12 264.625 262.175 259.858 257.506 255.128 252.703 249.787 246.458 242.553 238.236 233.475 228.325 222.674 215.647 208.214 204.822 204.383 
302.867 301.14 300.785 299.696 298.317 296.997 295.616 294.003 292.136 290.454 288.649 286.595 284.435 282.011 279.489 277.029 274.558 272.2 269.746 267.057 264.5 261.988 259.733 257.443 255.128 252.64 249.787 246.458 242.553 238.236 233.537 228.387 222.674 215.585 208.277 204.76 204.195 
303.117 301.453 301.097 299.946 298.63 297.309 295.929 294.316 292.511 290.954 289.149 287.033 284.622 282.136 279.552 277.029 274.558 272.325 269.934 267.245 264.562 261.8 259.608 257.318 255.065 252.578 249.787 246.458 242.553 238.173 233.537 228.45 222.737 215.522 208.277 204.822 204.195 
303.367 301.703 301.222 300.134 298.817 297.559 296.116 294.566 292.761 291.329 289.399 287.22 284.747 282.199 279.614 277.091 274.621 272.45 270.121 267.432 264.687 261.863 259.545 257.318 255.128 252.64 249.787 246.458 242.553 238.173 233.475 228.387 222.612 215.397 208.152 204.885 204.32 
303.68 302.015 301.472 300.321 298.942 297.622 296.116 294.503 292.824 291.329 289.461 287.283 284.81 282.261 279.677 277.154 274.683 272.575 270.309 267.682 264.937 261.988 259.608 257.381 255.128 252.578 249.787 246.458 242.491 238.111 233.412 228.325 222.487 215.272 208.152 205.01 204.633 
304.055 302.453 301.722 300.509 299.13 297.622 295.929 294.253 292.699 291.329 289.524 287.408 284.872 282.386 279.739 277.216 274.746 272.7 270.434 267.932 265.187 262.113 259.67 257.256 255.128 252.703 249.787 246.395 242.366 237.986 233.287 228.137 222.299 215.21 208.152 205.072 204.883 
304.43 302.89 301.972 300.759 299.255 297.559 295.804 294.066 292.574 291.329 289.649 287.595 284.997 282.386 279.739 277.279 274.808 272.762 270.559 268.12 265.375 262.238 259.608 257.193 255.128 252.765 249.849 246.333 242.303 237.861 233.162 228.075 222.174 215.147 208.214 205.135 204.945 
304.805 303.328 302.16 300.946 299.38 297.559 295.679 294.003 292.511 291.329 289.774 287.72 285.185 282.511 279.739 277.279 274.808 272.825 270.684 268.307 265.562 262.363 259.545 257.006 255.003 252.828 249.974 246.333 242.178 237.798 233.162 228.075 222.112 215.085 208.339 205.135 204.945 
305.055 303.578 302.285 301.009 299.442 297.559 295.616 293.941 292.511 291.454 289.899 287.845 285.31 282.511 279.677 277.216 274.808 272.887 270.809 268.495 265.75 262.488 259.483 256.818 254.815 252.828 249.912 246.27 242.116 237.798 233.225 228.075 222.112 215.085 208.464 204.947 204.883 
305.242 303.765 302.347 301.009 299.442 297.559 295.616 293.878 292.574 291.454 289.961 287.97 285.435 282.574 279.677 277.154 274.808 272.887 270.871 268.745 266 262.738 259.608 256.818 254.753 252.703 249.849 246.208 241.928 237.673 233.162 228.137 222.112 215.21 208.652 204.76 204.82 
305.367 303.89 302.472 301.071 299.442 297.497 295.554 293.816 292.511 291.454 290.024 288.095 285.56 282.636 279.677 277.154 274.808 272.95 270.996 268.87 266.125 262.925 259.795 257.006 254.753 252.64 249.787 246.145 241.741 237.548 233.037 228.075 222.174 215.397 208.902 204.51 204.57 
305.492 304.015 302.66 301.071 299.38 297.497 295.554 293.878 292.449 291.517 290.086 288.22 285.622 282.761 279.739 277.154 274.808 273.012 271.059 268.995 266.25 263.113 259.983 257.193 254.878 252.703 249.787 246.083 241.616 237.361 232.85 227.95 222.237 215.647 209.214 204.385 204.32 
305.555 304.14 302.722 301.196 299.38 297.434 295.554 293.878 292.574 291.704 290.274 288.345 285.747 282.824 279.802 277.279 274.871 273.075 271.121 269.057 266.375 263.175 260.17 257.381 255.003 252.703 249.787 246.083 241.553 237.173 232.6 227.825 222.299 215.96 209.527 204.322 204.008 
305.555 304.14 302.91 301.259 299.38 297.434 295.616 293.941 292.699 291.892 290.461 288.47 285.81 282.886 279.927 277.404 274.996 273.137 271.184 269.057 266.375 263.175 260.233 257.568 255.065 252.703 249.912 246.208 241.553 237.048 232.475 227.7 222.362 216.272 209.777 204.26 203.508 
305.492 304.14 303.035 301.384 299.442 297.497 295.679 294.128 292.886 292.079 290.649 288.595 285.935 283.011 280.052 277.466 275.058 273.137 271.121 268.995 266.312 263.238 260.295 257.631 255.19 252.765 249.974 246.333 241.678 236.986 232.35 227.7 222.487 216.46 209.964 204.197 203.008 
305.43 304.015 303.222 301.571 299.567 297.559 295.804 294.253 293.011 292.204 290.711 288.658 286.06 283.136 280.177 277.529 275.058 273.137 271.059 268.932 266.312 263.238 260.42 257.693 255.315 252.89 250.162 246.52 241.803 236.923 232.287 227.762 222.674 216.585 210.027 204.072 202.508 
305.367 303.89 303.347 301.696 299.692 297.684 295.866 294.316 293.074 292.142 290.649 288.658 286.122 283.261 280.302 277.591 275.058 273.137 271.059 268.87 266.25 263.238 260.42 257.818 255.378 252.953 250.287 246.708 241.991 236.986 232.287 227.825 222.799 216.71 209.964 203.947 202.07 
305.367 303.828 303.535 301.884 299.88 297.872 295.991 294.378 293.011 291.954 290.461 288.595 286.185 283.324 280.364 277.654 275.121 273.137 271.059 268.807 266.25 263.363 260.545 257.943 255.565 253.14 250.412 246.77 242.116 236.986 232.287 228.012 222.987 216.71 209.839 203.76 201.695 
305.555 303.89 303.722 302.134 300.067 298.059 296.116 294.378 292.886 291.767 290.274 288.533 286.185 283.449 280.489 277.779 275.183 273.2 271.121 268.87 266.312 263.363 260.733 258.131 255.753 253.328 250.537 246.895 242.178 236.923 232.287 228.075 223.112 216.71 209.777 203.572 201.383 
305.805 304.203 303.972 302.384 300.317 298.247 296.179 294.316 292.699 291.517 290.086 288.345 286.185 283.511 280.677 277.904 275.308 273.387 271.309 268.932 266.375 263.488 260.92 258.381 256.003 253.515 250.662 246.958 242.178 236.923 232.225 228.075 223.112 216.647 209.714 203.447 201.07 
306.117 304.64 304.222 302.571 300.567 298.434 296.241 294.253 292.449 291.079 289.711 288.095 286.122 283.574 280.802 278.091 275.496 273.575 271.496 269.12 266.562 263.738 261.17 258.693 256.315 253.765 250.787 247.02 242.178 236.923 232.162 228.012 223.049 216.46 209.652 203.26 200.758 
306.367 304.953 304.41 302.696 300.63 298.497 296.241 294.128 292.136 290.642 289.211 287.658 285.935 283.574 280.864 278.216 275.683 273.762 271.684 269.307 266.812 263.988 261.42 259.006 256.628 254.015 250.974 247.083 242.241 236.923 232.1 227.762 222.737 216.272 209.527 203.135 200.57 
299.68 298.265 298.847 299.446 299.567 299.559 298.491 296.628 294.324 291.767 289.211 286.658 284.122 281.511 278.802 276.216 273.621 272.075 270.496 268.62 266.437 263.863 261.108 258.068 254.815 252.14 249.537 246.27 242.303 237.673 232.35 226.637 221.049 214.647 210.902 206.51 203.508 
299.555 298.14 298.66 299.446 299.692 299.747 298.679 296.816 294.449 291.954 289.461 286.97 284.435 281.761 278.927 276.216 273.433 271.762 270.246 268.37 266.25 263.738 260.983 258.131 254.94 252.203 249.474 246.208 242.303 237.798 232.475 226.762 221.237 215.147 211.027 206.135 202.883 
299.555 298.14 298.722 299.696 300.005 299.997 298.866 296.878 294.574 292.142 289.649 287.283 284.747 282.011 279.052 276.279 273.433 271.762 270.121 268.245 266.125 263.425 260.795 258.068 255.128 252.328 249.474 246.145 242.366 237.986 232.662 226.95 221.424 215.46 210.777 205.697 202.57 
299.617 298.203 298.972 299.821 300.13 299.934 298.679 296.753 294.511 292.204 289.836 287.47 284.872 282.136 279.239 276.404 273.621 271.825 269.996 268.057 265.937 263.113 260.483 257.943 255.315 252.515 249.474 246.083 242.303 237.986 232.787 227.137 221.674 215.71 210.402 205.26 202.695 
299.617 298.14 299.097 299.634 299.63 299.247 298.054 296.316 294.199 292.017 289.711 287.283 284.81 282.136 279.427 276.716 273.933 272.012 270.059 267.995 265.687 262.8 260.233 257.818 255.44 252.703 249.599 246.145 242.303 237.923 232.85 227.2 221.737 215.835 210.152 204.885 203.008 
299.492 298.015 299.035 299.134 298.755 298.122 297.054 295.566 293.636 291.642 289.336 286.845 284.497 282.011 279.552 276.966 274.371 272.325 270.184 267.995 265.562 262.738 260.108 257.693 255.315 252.703 249.724 246.27 242.303 237.798 232.725 227.137 221.737 215.96 210.152 204.697 203.383 
299.492 297.89 298.847 298.634 298.005 297.247 296.116 294.691 292.949 291.142 288.961 286.533 284.247 281.886 279.614 277.154 274.683 272.575 270.434 268.12 265.562 262.8 260.108 257.443 254.94 252.515 249.724 246.333 242.366 237.798 232.725 227.2 221.674 215.96 210.339 204.697 203.82 
299.617 297.89 298.847 298.446 297.567 296.684 295.554 294.128 292.449 290.767 288.711 286.345 284.185 281.886 279.677 277.279 274.871 272.825 270.684 268.307 265.687 262.863 260.045 257.256 254.503 252.078 249.537 246.395 242.491 237.986 232.85 227.262 221.549 215.772 210.402 204.822 204.32 
299.93 298.14 299.035 298.446 297.567 296.622 295.366 293.941 292.261 290.579 288.586 286.283 284.185 281.949 279.677 277.341 274.996 272.95 270.746 268.37 265.812 262.988 260.108 257.131 254.19 251.765 249.287 246.395 242.616 238.111 233.1 227.512 221.549 215.46 210.214 205.072 204.82 
300.305 298.515 299.41 298.696 297.755 296.747 295.554 294.066 292.324 290.579 288.524 286.22 284.185 282.011 279.677 277.341 274.933 272.887 270.684 268.37 265.812 262.988 260.17 257.193 254.065 251.64 249.162 246.27 242.553 238.173 233.162 227.762 221.737 215.21 209.714 205.385 205.195 
300.742 298.953 299.722 299.009 298.067 297.059 295.741 294.253 292.449 290.579 288.461 286.283 284.247 282.011 279.614 277.279 274.871 272.7 270.496 268.182 265.687 262.988 260.17 257.256 254.253 251.703 249.162 246.208 242.553 238.111 233.162 227.762 221.924 215.21 209.152 205.635 205.258 
301.242 299.39 300.097 299.321 298.192 297.184 295.866 294.316 292.449 290.517 288.461 286.283 284.247 281.949 279.552 277.091 274.558 272.387 270.121 267.87 265.437 262.863 260.233 257.443 254.503 251.953 249.349 246.27 242.428 237.986 233.1 227.762 222.112 215.397 208.839 205.822 205.008 
301.617 299.828 300.285 299.384 298.255 297.059 295.741 294.191 292.324 290.454 288.399 286.345 284.247 281.949 279.552 276.966 274.371 272.075 269.809 267.557 265.25 262.738 260.233 257.506 254.815 252.203 249.474 246.208 242.366 237.923 233.037 227.762 222.174 215.647 208.839 205.76 204.57 
302.117 300.265 300.472 299.509 298.255 296.997 295.679 294.128 292.261 290.392 288.399 286.345 284.31 281.949 279.552 276.904 274.308 271.887 269.559 267.307 265 262.613 260.108 257.568 255.065 252.453 249.537 246.208 242.366 237.986 233.162 227.887 222.299 215.71 208.902 205.51 204.195 
302.617 300.828 300.722 299.759 298.38 297.059 295.741 294.191 292.386 290.517 288.586 286.533 284.372 282.074 279.489 276.966 274.308 271.887 269.434 267.12 264.812 262.363 260.045 257.631 255.19 252.578 249.599 246.208 242.303 237.986 233.287 228.075 222.424 215.71 208.964 205.26 203.883 
303.055 301.328 301.035 300.071 298.692 297.372 296.054 294.566 292.699 290.892 288.961 286.845 284.622 282.136 279.552 276.966 274.371 271.95 269.496 267.057 264.625 262.175 259.92 257.568 255.19 252.578 249.662 246.27 242.366 238.048 233.412 228.262 222.549 215.71 209.027 205.135 203.633 
303.367 301.64 301.347 300.321 299.005 297.747 296.429 294.941 293.136 291.392 289.399 287.22 284.81 282.261 279.614 276.966 274.433 272.075 269.621 267.12 264.625 262.05 259.795 257.568 255.253 252.64 249.662 246.27 242.366 238.111 233.475 228.262 222.549 215.585 209.089 205.072 203.633 
303.555 301.953 301.535 300.509 299.255 297.997 296.679 295.128 293.386 291.704 289.649 287.408 284.872 282.324 279.677 277.029 274.371 272.137 269.809 267.307 264.687 261.988 259.795 257.631 255.315 252.703 249.724 246.333 242.428 238.048 233.412 228.262 222.424 215.46 208.964 204.947 203.82 
303.805 302.203 301.722 300.634 299.317 297.997 296.616 295.066 293.386 291.767 289.711 287.47 284.872 282.324 279.677 277.029 274.433 272.262 269.934 267.432 264.812 262.05 259.795 257.631 255.378 252.765 249.787 246.395 242.428 237.986 233.35 228.2 222.299 215.335 208.839 204.947 204.195 
304.055 302.515 301.972 300.759 299.38 297.934 296.429 294.816 293.199 291.704 289.711 287.47 284.872 282.324 279.677 277.029 274.433 272.325 270.059 267.62 264.937 262.113 259.795 257.568 255.378 252.89 249.849 246.395 242.366 237.923 233.225 228.075 222.174 215.21 208.777 205.01 204.57 
304.305 302.828 302.097 300.884 299.38 297.872 296.179 294.566 293.011 291.642 289.774 287.533 284.935 282.386 279.677 277.091 274.496 272.387 270.184 267.745 265.062 262.113 259.733 257.443 255.378 252.89 249.912 246.395 242.366 237.861 233.162 228.012 222.049 215.085 208.714 204.947 204.758 
304.555 303.14 302.222 300.946 299.38 297.747 295.991 294.316 292.886 291.642 289.836 287.658 285.06 282.449 279.739 277.154 274.558 272.512 270.246 267.932 265.25 262.175 259.608 257.256 255.253 252.953 249.912 246.395 242.303 237.798 233.162 228.012 221.987 215.085 208.714 204.947 204.82 
304.805 303.39 302.285 300.946 299.38 297.622 295.866 294.253 292.761 291.642 289.899 287.72 285.185 282.511 279.739 277.154 274.621 272.575 270.371 268.12 265.375 262.3 259.483 257.006 255.065 252.89 249.912 246.333 242.178 237.798 233.162 228.012 221.987 215.147 208.777 204.76 204.758 
304.93 303.515 302.347 300.946 299.38 297.559 295.741 294.066 292.699 291.579 289.961 287.845 285.31 282.574 279.739 277.154 274.683 272.637 270.559 268.37 265.687 262.55 259.545 256.943 254.94 252.828 249.849 246.208 242.053 237.736 233.1 228.012 222.049 215.21 208.902 204.635 204.695 
305.055 303.64 302.41 300.946 299.317 297.497 295.679 294.003 292.636 291.579 290.024 287.97 285.435 282.636 279.739 277.154 274.746 272.7 270.684 268.62 265.937 262.8 259.733 257.006 254.815 252.765 249.787 246.083 241.866 237.611 233.037 227.95 222.112 215.46 209.089 204.51 204.508 
305.18 303.703 302.535 301.009 299.255 297.434 295.679 294.003 292.574 291.642 290.086 288.158 285.56 282.699 279.802 277.216 274.746 272.825 270.809 268.745 266.187 263.05 259.983 257.131 254.815 252.703 249.787 246.02 241.678 237.423 232.912 227.887 222.174 215.71 209.277 204.447 204.32 
305.242 303.765 302.597 301.009 299.255 297.372 295.616 294.003 292.699 291.767 290.274 288.345 285.685 282.824 279.864 277.279 274.808 272.887 270.934 268.932 266.312 263.238 260.108 257.318 254.878 252.703 249.787 246.02 241.553 237.236 232.725 227.825 222.237 215.96 209.527 204.385 203.945 
305.242 303.828 302.722 301.134 299.192 297.309 295.616 294.066 292.824 291.954 290.524 288.47 285.872 282.949 279.989 277.341 274.871 272.95 270.996 268.932 266.375 263.3 260.295 257.443 254.94 252.64 249.787 246.083 241.553 237.048 232.6 227.7 222.299 216.21 209.714 204.385 203.508 
305.242 303.828 302.785 301.196 299.255 297.309 295.616 294.191 292.949 292.142 290.649 288.658 285.997 283.074 280.114 277.404 274.871 272.95 270.996 268.932 266.312 263.3 260.358 257.568 255.065 252.703 249.849 246.208 241.616 236.986 232.475 227.7 222.424 216.397 209.839 204.385 203.008 
305.242 303.765 302.972 301.321 299.317 297.309 295.679 294.253 293.011 292.204 290.711 288.72 286.122 283.199 280.177 277.529 274.871 272.95 270.934 268.807 266.312 263.363 260.42 257.693 255.19 252.765 249.974 246.395 241.803 236.923 232.412 227.762 222.612 216.585 209.902 204.26 202.508 
305.18 303.64 303.097 301.446 299.38 297.434 295.679 294.316 293.074 292.142 290.711 288.783 286.247 283.324 280.302 277.591 274.933 272.887 270.809 268.682 266.25 263.425 260.545 257.818 255.378 252.828 250.037 246.52 241.928 236.923 232.35 227.825 222.799 216.647 209.902 204.135 202.07 
305.18 303.64 303.222 301.634 299.567 297.559 295.741 294.316 293.011 292.017 290.586 288.783 286.31 283.449 280.427 277.654 274.933 272.887 270.809 268.682 266.25 263.488 260.67 257.943 255.503 252.953 250.162 246.645 242.053 236.923 232.287 227.95 222.987 216.71 209.839 204.01 201.695 
305.305 303.703 303.41 301.821 299.755 297.684 295.866 294.253 292.886 291.829 290.461 288.72 286.372 283.574 280.552 277.716 274.996 272.95 270.871 268.682 266.312 263.55 260.795 258.131 255.753 253.14 250.287 246.708 242.116 236.861 232.225 228.075 223.112 216.772 209.839 203.822 201.32 
305.492 304.015 303.597 302.009 300.005 297.872 295.866 294.191 292.636 291.579 290.274 288.595 286.372 283.699 280.739 277.841 275.121 273.075 270.996 268.807 266.375 263.613 260.983 258.381 255.94 253.328 250.412 246.77 242.116 236.798 232.162 228.075 223.237 216.772 209.839 203.572 201.008 
305.805 304.39 303.785 302.259 300.192 297.997 295.929 294.003 292.386 291.204 289.961 288.408 286.372 283.699 280.802 277.966 275.246 273.262 271.121 268.932 266.5 263.738 261.17 258.631 256.253 253.578 250.599 246.833 242.116 236.798 232.037 227.95 223.174 216.71 209.777 203.385 200.695 
306.055 304.703 303.972 302.321 300.317 298.122 295.929 293.816 292.074 290.767 289.461 288.033 286.247 283.699 280.927 278.091 275.371 273.387 271.246 269.12 266.687 263.988 261.42 258.943 256.565 253.828 250.787 246.958 242.116 236.798 231.975 227.762 222.924 216.522 209.714 203.197 200.508 
300.43 298.953 299.472 299.884 300.067 300.184 299.179 297.316 295.011 292.517 289.899 287.22 284.497 281.636 278.802 276.154 273.621 272.075 270.496 268.62 266.562 263.988 261.17 258.068 254.753 252.14 249.537 246.145 242.053 237.423 232.037 226.387 220.924 214.835 210.902 206.385 203.82 
300.305 298.89 299.347 299.884 300.067 300.309 299.304 297.441 295.074 292.579 289.961 287.345 284.622 281.824 278.864 276.154 273.496 271.825 270.246 268.37 266.375 263.8 261.045 258.131 254.94 252.328 249.599 246.208 242.116 237.548 232.162 226.45 220.987 215.147 211.089 206.197 203.133 
300.242 298.828 299.347 299.946 300.255 300.434 299.366 297.441 295.074 292.579 290.086 287.47 284.747 281.949 278.989 276.216 273.496 271.825 270.184 268.245 266.187 263.488 260.795 258.068 255.128 252.515 249.662 246.208 242.178 237.611 232.287 226.637 221.174 215.397 210.902 205.885 202.758 
300.242 298.828 299.347 299.946 300.192 300.184 299.116 297.316 295.011 292.579 290.024 287.47 284.81 282.074 279.177 276.404 273.683 271.887 270.184 268.182 266 263.175 260.545 257.943 255.315 252.703 249.724 246.145 242.178 237.673 232.412 226.762 221.362 215.647 210.714 205.447 202.758 
300.242 298.703 299.285 299.634 299.63 299.497 298.491 296.816 294.699 292.392 289.961 287.283 284.685 282.074 279.364 276.654 273.996 272.075 270.184 268.057 265.75 262.925 260.295 257.818 255.44 252.828 249.787 246.208 242.116 237.611 232.412 226.825 221.549 215.835 210.527 205.072 203.008 
300.117 298.578 299.16 299.134 298.817 298.434 297.554 296.128 294.199 292.142 289.774 287.095 284.56 282.011 279.489 276.904 274.371 272.325 270.246 267.995 265.562 262.738 260.108 257.693 255.315 252.765 249.787 246.208 242.178 237.548 232.35 226.825 221.612 216.085 210.527 204.822 203.383 
300.055 298.578 298.972 298.696 298.13 297.559 296.616 295.316 293.699 291.829 289.586 286.908 284.497 282.011 279.552 277.091 274.558 272.45 270.309 268.057 265.562 262.8 260.108 257.568 255.003 252.515 249.662 246.27 242.241 237.611 232.475 226.887 221.549 216.21 210.652 204.697 203.883 
300.242 298.64 299.035 298.509 297.755 296.997 295.991 294.816 293.199 291.579 289.399 286.845 284.435 282.011 279.552 277.029 274.496 272.512 270.434 268.182 265.75 262.925 260.17 257.381 254.69 252.14 249.474 246.27 242.366 237.798 232.662 227.012 221.424 216.085 210.652 204.76 204.383 
300.555 298.89 299.285 298.696 297.817 296.934 295.804 294.566 293.011 291.392 289.336 286.845 284.497 282.011 279.427 276.966 274.433 272.575 270.559 268.307 265.937 263.113 260.295 257.318 254.378 251.89 249.224 246.145 242.366 237.923 232.85 227.262 221.424 215.835 210.589 204.885 204.883 
300.992 299.265 299.722 299.009 298.067 297.059 295.991 294.691 293.074 291.329 289.211 286.783 284.435 282.011 279.427 276.841 274.308 272.512 270.496 268.37 266 263.3 260.42 257.381 254.253 251.765 249.099 246.02 242.303 237.923 232.912 227.45 221.549 215.46 210.277 205.197 205.195 
301.43 299.703 300.16 299.384 298.38 297.372 296.241 294.878 293.136 291.329 289.149 286.72 284.435 281.949 279.302 276.779 274.183 272.387 270.434 268.307 266 263.363 260.483 257.506 254.315 251.765 249.099 245.958 242.178 237.798 232.85 227.512 221.674 215.335 209.902 205.51 205.195 
301.867 300.14 300.472 299.696 298.63 297.559 296.366 295.003 293.199 291.267 289.086 286.72 284.435 281.949 279.302 276.654 274.121 272.2 270.184 268.182 265.875 263.238 260.483 257.568 254.565 251.953 249.224 246.02 242.116 237.611 232.662 227.45 221.799 215.397 209.714 205.822 204.945 
302.18 300.453 300.66 299.759 298.63 297.497 296.304 294.878 293.074 291.204 288.961 286.658 284.435 282.011 279.364 276.654 274.058 272.012 269.871 267.932 265.625 263.05 260.42 257.631 254.815 252.203 249.349 246.02 242.116 237.611 232.662 227.387 221.862 215.647 209.714 205.947 204.445 
302.492 300.765 300.785 299.884 298.63 297.372 296.179 294.753 293.011 291.079 288.899 286.658 284.497 282.074 279.489 276.716 273.996 271.825 269.621 267.62 265.375 262.863 260.295 257.631 255.003 252.39 249.474 246.083 242.116 237.673 232.787 227.512 221.987 215.71 209.714 205.822 204.008 
302.867 301.078 301.035 300.071 298.692 297.372 296.116 294.816 293.074 291.142 289.024 286.845 284.622 282.199 279.552 276.841 274.058 271.7 269.434 267.432 265.187 262.675 260.233 257.693 255.128 252.453 249.474 246.083 242.178 237.798 233.037 227.7 222.112 215.71 209.777 205.635 203.695 
303.18 301.453 301.347 300.384 298.88 297.622 296.429 295.066 293.386 291.392 289.336 287.095 284.81 282.324 279.614 276.904 274.121 271.762 269.371 267.307 265 262.55 260.17 257.693 255.19 252.515 249.537 246.145 242.241 237.861 233.162 227.95 222.174 215.71 209.839 205.447 203.445 
303.43 301.703 301.66 300.634 299.192 297.934 296.804 295.441 293.699 291.767 289.649 287.408 284.997 282.386 279.677 276.904 274.183 271.825 269.496 267.307 264.937 262.425 260.108 257.693 255.253 252.578 249.537 246.208 242.303 237.923 233.287 228.012 222.237 215.585 209.839 205.322 203.383 
303.617 301.953 301.847 300.759 299.38 298.184 297.054 295.691 294.011 292.017 289.836 287.533 284.997 282.386 279.739 276.904 274.183 271.95 269.621 267.37 264.937 262.363 260.108 257.756 255.378 252.64 249.599 246.208 242.303 237.923 233.287 228.012 222.237 215.522 209.777 205.26 203.508 
303.867 302.203 302.035 300.884 299.505 298.247 297.054 295.691 294.011 292.079 289.899 287.533 284.935 282.324 279.677 276.904 274.183 272.012 269.746 267.495 265 262.425 260.108 257.818 255.44 252.703 249.724 246.27 242.303 237.861 233.225 228.012 222.112 215.397 209.652 205.135 203.82 
304.055 302.453 302.16 300.946 299.442 298.122 296.804 295.441 293.824 292.017 289.836 287.533 284.872 282.324 279.677 276.904 274.183 272.012 269.809 267.495 265.062 262.363 260.045 257.818 255.503 252.828 249.724 246.333 242.303 237.798 233.1 227.95 221.987 215.272 209.402 205.072 204.195 
304.305 302.765 302.285 300.946 299.38 297.934 296.554 295.066 293.574 291.954 289.836 287.533 284.935 282.324 279.677 276.904 274.246 272.075 269.809 267.557 265 262.3 259.983 257.693 255.503 252.89 249.849 246.333 242.241 237.798 233.1 227.887 221.924 215.147 209.277 204.947 204.445 
304.492 303.015 302.285 300.946 299.317 297.747 296.241 294.753 293.261 291.829 289.836 287.533 284.997 282.386 279.739 277.029 274.371 272.137 269.871 267.62 265 262.175 259.795 257.568 255.44 252.953 249.912 246.333 242.241 237.736 233.037 227.887 221.924 215.147 209.214 204.885 204.57 
304.617 303.203 302.285 300.884 299.255 297.622 296.054 294.566 293.074 291.704 289.774 287.595 285.122 282.449 279.802 277.091 274.496 272.262 269.996 267.745 265.125 262.238 259.67 257.318 255.315 252.953 249.912 246.333 242.178 237.736 233.037 227.887 221.924 215.21 209.214 204.76 204.508 
304.742 303.328 302.347 300.884 299.192 297.559 295.929 294.378 292.949 291.642 289.836 287.72 285.247 282.511 279.802 277.154 274.621 272.387 270.184 267.995 265.375 262.363 259.608 257.193 255.19 252.89 249.849 246.27 242.116 237.673 233.037 227.887 221.987 215.397 209.277 204.635 204.445 
304.867 303.453 302.41 300.884 299.192 297.434 295.804 294.253 292.824 291.579 289.899 287.908 285.372 282.636 279.802 277.154 274.683 272.575 270.434 268.245 265.687 262.675 259.733 257.068 255.003 252.828 249.787 246.145 241.928 237.611 232.975 227.825 222.049 215.522 209.339 204.51 204.32 
304.992 303.515 302.472 300.884 299.13 297.372 295.804 294.191 292.761 291.642 290.024 288.033 285.497 282.699 279.864 277.216 274.683 272.7 270.621 268.557 266 262.988 259.92 257.131 254.878 252.765 249.787 246.02 241.741 237.486 232.85 227.825 222.112 215.772 209.464 204.447 204.133 
305.055 303.578 302.535 300.946 299.13 297.309 295.679 294.191 292.761 291.704 290.211 288.22 285.685 282.824 279.927 277.216 274.746 272.762 270.746 268.745 266.25 263.238 260.045 257.193 254.815 252.703 249.724 245.958 241.616 237.298 232.725 227.762 222.237 215.96 209.589 204.51 203.883 
305.055 303.64 302.597 301.009 299.067 297.247 295.616 294.191 292.824 291.892 290.399 288.408 285.872 282.949 279.989 277.279 274.808 272.825 270.871 268.87 266.312 263.363 260.233 257.381 254.878 252.64 249.724 246.02 241.553 237.111 232.6 227.7 222.299 216.21 209.714 204.572 203.508 
305.055 303.64 302.66 301.071 299.13 297.184 295.616 294.191 292.886 292.017 290.524 288.595 285.997 283.136 280.114 277.404 274.808 272.887 270.871 268.87 266.375 263.425 260.42 257.506 254.94 252.64 249.787 246.145 241.616 237.048 232.475 227.7 222.487 216.397 209.777 204.572 203.07 
305.055 303.578 302.722 301.196 299.192 297.184 295.554 294.191 292.949 292.079 290.649 288.783 286.185 283.261 280.239 277.466 274.871 272.887 270.871 268.807 266.312 263.488 260.483 257.631 255.128 252.703 249.849 246.27 241.741 236.986 232.412 227.7 222.612 216.522 209.839 204.447 202.633 
305.055 303.578 302.785 301.259 299.255 297.247 295.554 294.191 293.011 292.079 290.711 288.845 286.31 283.449 280.364 277.529 274.871 272.825 270.809 268.745 266.312 263.488 260.545 257.756 255.253 252.703 249.912 246.333 241.866 236.923 232.35 227.825 222.737 216.647 209.902 204.322 202.133 
305.055 303.515 302.91 301.446 299.38 297.309 295.554 294.191 292.949 291.954 290.649 288.908 286.435 283.574 280.489 277.591 274.871 272.825 270.746 268.682 266.25 263.55 260.67 257.881 255.44 252.828 249.974 246.458 241.928 236.923 232.287 227.95 222.924 216.71 209.902 204.197 201.758 
305.055 303.578 303.035 301.571 299.505 297.434 295.616 294.128 292.824 291.829 290.586 288.908 286.497 283.699 280.614 277.716 274.933 272.887 270.746 268.62 266.312 263.613 260.795 258.068 255.565 252.953 250.037 246.52 241.991 236.861 232.225 228.012 223.112 216.835 209.902 204.072 201.383 
305.242 303.828 303.222 301.759 299.692 297.559 295.616 294.003 292.574 291.642 290.461 288.845 286.56 283.761 280.739 277.779 274.996 272.95 270.809 268.682 266.312 263.675 260.92 258.256 255.815 253.14 250.162 246.583 241.991 236.798 232.162 228.012 223.237 216.897 209.902 203.822 201.07 
305.43 304.14 303.41 301.946 299.88 297.684 295.616 293.816 292.324 291.329 290.211 288.72 286.622 283.824 280.864 277.904 275.121 273.012 270.871 268.807 266.437 263.738 261.108 258.506 256.128 253.39 250.349 246.645 242.053 236.736 232.037 227.95 223.299 216.897 209.839 203.572 200.758 
305.742 304.39 303.597 302.071 300.005 297.747 295.616 293.628 291.949 290.892 289.836 288.408 286.497 283.886 280.927 277.966 275.246 273.137 270.996 268.932 266.562 263.863 261.295 258.818 256.44 253.703 250.599 246.77 242.053 236.673 231.85 227.762 223.112 216.772 209.839 203.322 200.508 
301.055 299.64 299.847 299.946 300.067 300.309 299.491 297.691 295.511 293.079 290.461 287.658 284.81 281.886 278.927 276.341 273.871 272.137 270.496 268.62 266.562 263.988 261.108 258.068 254.878 252.265 249.412 245.895 241.803 237.173 231.85 226.137 220.737 215.022 210.714 206.385 204.258 
300.992 299.515 299.785 299.884 300.005 300.372 299.554 297.753 295.511 293.079 290.461 287.72 284.872 281.949 278.989 276.279 273.746 272.012 270.246 268.432 266.375 263.8 261.045 258.131 255.003 252.453 249.599 246.083 241.928 237.236 231.912 226.137 220.799 215.147 210.839 206.385 203.57 
300.93 299.453 299.722 299.884 300.067 300.434 299.616 297.753 295.511 293.017 290.399 287.72 284.935 282.011 279.052 276.341 273.746 271.95 270.246 268.307 266.187 263.55 260.858 258.068 255.19 252.703 249.787 246.145 241.991 237.361 231.975 226.262 220.924 215.397 210.777 206.135 203.133 
300.867 299.453 299.597 299.821 299.942 300.247 299.491 297.691 295.449 292.954 290.336 287.658 284.935 282.074 279.177 276.529 273.871 272.075 270.246 268.182 266 263.238 260.608 257.943 255.378 252.89 249.849 246.208 242.053 237.361 232.037 226.387 221.112 215.647 210.652 205.76 203.008 
300.867 299.39 299.472 299.509 299.567 299.747 299.054 297.503 295.324 292.892 290.274 287.533 284.872 282.136 279.364 276.779 274.121 272.2 270.246 268.12 265.75 262.988 260.42 257.881 255.44 252.953 249.912 246.208 242.053 237.361 232.037 226.45 221.237 215.897 210.589 205.385 203.07 
300.742 299.328 299.285 299.134 299.005 298.997 298.304 297.003 295.074 292.829 290.274 287.47 284.81 282.136 279.489 276.966 274.433 272.325 270.246 267.995 265.625 262.863 260.295 257.818 255.378 252.828 249.849 246.27 242.053 237.361 232.037 226.512 221.299 216.147 210.589 205.072 203.445 
300.805 299.328 299.222 298.821 298.442 298.247 297.554 296.378 294.636 292.642 290.274 287.533 284.81 282.199 279.614 277.091 274.496 272.387 270.246 267.995 265.562 262.863 260.233 257.631 255.128 252.578 249.662 246.27 242.178 237.486 232.162 226.512 221.299 216.335 210.652 204.822 203.883 
300.93 299.453 299.347 298.759 298.13 297.622 296.866 295.753 294.261 292.517 290.274 287.533 284.872 282.199 279.614 276.966 274.371 272.325 270.246 268.12 265.75 263.05 260.295 257.506 254.815 252.265 249.412 246.208 242.241 237.673 232.412 226.7 221.237 216.335 210.714 204.76 204.383 
301.242 299.64 299.597 298.884 298.005 297.309 296.429 295.378 293.949 292.329 290.149 287.533 284.935 282.261 279.489 276.841 274.121 272.262 270.309 268.245 266 263.238 260.42 257.506 254.628 252.015 249.224 246.083 242.241 237.736 232.662 226.95 221.237 216.147 210.589 204.76 204.82 
301.617 299.953 299.972 299.134 298.192 297.247 296.304 295.253 293.824 292.142 289.961 287.47 284.935 282.199 279.364 276.654 273.933 272.2 270.309 268.37 266.187 263.488 260.608 257.568 254.503 251.89 249.099 245.958 242.178 237.736 232.725 227.137 221.299 215.772 210.464 204.947 205.133 
301.992 300.328 300.347 299.509 298.38 297.372 296.366 295.316 293.761 291.954 289.774 287.345 284.81 282.199 279.302 276.529 273.808 272.075 270.309 268.432 266.25 263.613 260.67 257.631 254.503 251.89 249.099 245.833 242.053 237.611 232.662 227.2 221.424 215.585 210.277 205.26 205.195 
302.305 300.64 300.66 299.759 298.63 297.497 296.429 295.316 293.761 291.829 289.649 287.22 284.747 282.136 279.302 276.466 273.746 272.012 270.184 268.37 266.187 263.55 260.67 257.693 254.628 252.015 249.162 245.895 241.991 237.423 232.475 227.137 221.487 215.585 210.214 205.572 205.008 
302.555 300.89 300.847 299.884 298.692 297.497 296.366 295.253 293.636 291.704 289.461 287.158 284.747 282.136 279.364 276.529 273.746 271.887 270.059 268.182 266 263.363 260.608 257.693 254.815 252.203 249.349 245.958 241.991 237.423 232.475 227.137 221.549 215.585 210.214 205.822 204.633 
302.805 301.078 301.035 300.009 298.63 297.372 296.241 295.128 293.574 291.579 289.399 287.095 284.81 282.261 279.489 276.591 273.746 271.762 269.746 267.932 265.75 263.175 260.483 257.693 255.003 252.328 249.474 246.02 241.991 237.486 232.6 227.2 221.612 215.647 210.214 205.822 204.195 
303.055 301.265 301.285 300.259 298.755 297.372 296.304 295.191 293.636 291.642 289.461 287.158 284.872 282.324 279.614 276.716 273.871 271.7 269.559 267.745 265.562 263.05 260.42 257.756 255.065 252.39 249.474 246.083 242.116 237.611 232.787 227.387 221.737 215.647 210.277 205.822 203.883 
303.242 301.515 301.66 300.571 298.942 297.622 296.554 295.441 293.886 291.829 289.649 287.345 284.997 282.386 279.677 276.841 273.996 271.7 269.496 267.62 265.437 262.925 260.358 257.818 255.128 252.453 249.537 246.145 242.178 237.736 232.912 227.637 221.799 215.585 210.339 205.76 203.633 
303.492 301.703 301.91 300.821 299.192 297.934 296.929 295.816 294.199 292.017 289.836 287.533 285.06 282.449 279.739 276.904 274.058 271.762 269.559 267.62 265.375 262.863 260.358 257.818 255.19 252.515 249.537 246.145 242.241 237.736 232.975 227.762 221.862 215.522 210.402 205.697 203.508 
303.68 301.953 302.097 300.946 299.38 298.122 297.179 296.066 294.386 292.142 289.899 287.595 285.06 282.449 279.739 276.904 274.058 271.887 269.621 267.62 265.375 262.863 260.358 257.818 255.253 252.578 249.599 246.208 242.241 237.736 233.037 227.762 221.799 215.46 210.339 205.635 203.57 
303.867 302.14 302.222 301.009 299.38 298.184 297.179 296.003 294.386 292.142 289.836 287.533 284.935 282.324 279.739 276.904 274.058 271.887 269.684 267.62 265.375 262.863 260.358 257.881 255.378 252.64 249.599 246.208 242.241 237.673 232.975 227.762 221.799 215.335 210.214 205.51 203.695 
304.055 302.39 302.285 301.009 299.317 297.997 296.929 295.753 294.199 292.079 289.836 287.47 284.872 282.324 279.677 276.841 274.058 271.887 269.684 267.62 265.312 262.738 260.358 257.943 255.503 252.765 249.662 246.27 242.241 237.673 232.975 227.762 221.737 215.272 210.027 205.385 203.945 
304.242 302.64 302.285 300.946 299.192 297.809 296.616 295.378 293.949 292.079 289.774 287.408 284.872 282.324 279.739 276.904 274.121 271.887 269.684 267.495 265.187 262.55 260.233 257.943 255.565 252.89 249.787 246.27 242.241 237.673 232.912 227.762 221.737 215.21 209.839 205.26 204.133 
304.367 302.89 302.285 300.884 299.13 297.559 296.366 295.066 293.636 291.954 289.774 287.408 284.935 282.386 279.802 276.966 274.246 271.95 269.684 267.432 265 262.363 260.045 257.756 255.565 252.953 249.849 246.333 242.241 237.673 232.912 227.7 221.737 215.21 209.777 205.072 204.258 
304.555 303.078 302.285 300.884 299.067 297.434 296.116 294.816 293.386 291.829 289.711 287.47 285.06 282.511 279.864 277.091 274.433 272.075 269.746 267.495 264.937 262.238 259.858 257.631 255.503 253.015 249.912 246.333 242.178 237.673 232.912 227.7 221.799 215.272 209.714 204.947 204.258 
304.617 303.203 302.285 300.821 299.067 297.372 295.991 294.628 293.199 291.767 289.774 287.595 285.185 282.574 279.864 277.154 274.558 272.262 269.934 267.682 265.125 262.3 259.733 257.443 255.378 253.015 249.912 246.27 242.116 237.611 232.912 227.762 221.862 215.46 209.652 204.76 204.195 
304.742 303.328 302.347 300.821 299.005 297.309 295.929 294.503 293.074 291.704 289.836 287.72 285.372 282.636 279.864 277.216 274.621 272.387 270.184 267.995 265.437 262.55 259.733 257.256 255.253 252.953 249.849 246.145 241.991 237.611 232.85 227.7 221.987 215.647 209.652 204.635 204.133 
304.805 303.39 302.41 300.821 299.067 297.309 295.866 294.441 293.011 291.642 289.961 287.908 285.497 282.761 279.864 277.216 274.621 272.512 270.434 268.37 265.812 262.863 259.858 257.193 255.065 252.828 249.787 246.02 241.803 237.423 232.787 227.7 222.112 215.835 209.714 204.572 204.008 
304.867 303.39 302.41 300.884 299.067 297.247 295.804 294.316 292.886 291.704 290.086 288.095 285.685 282.886 279.989 277.216 274.683 272.637 270.621 268.682 266.187 263.175 260.045 257.193 254.878 252.703 249.724 245.958 241.678 237.298 232.662 227.637 222.237 216.022 209.777 204.635 203.758 
304.867 303.453 302.472 300.946 299.067 297.247 295.679 294.253 292.886 291.767 290.211 288.345 285.872 283.011 280.052 277.279 274.746 272.762 270.809 268.807 266.312 263.363 260.233 257.318 254.815 252.64 249.724 245.958 241.616 237.173 232.6 227.637 222.362 216.21 209.777 204.697 203.508 
304.93 303.453 302.472 301.009 299.067 297.184 295.616 294.191 292.886 291.829 290.399 288.533 285.997 283.199 280.177 277.341 274.808 272.825 270.809 268.87 266.375 263.488 260.42 257.443 254.815 252.515 249.724 246.083 241.616 237.111 232.475 227.637 222.487 216.397 209.777 204.697 203.133 
304.867 303.453 302.472 301.071 299.067 297.184 295.554 294.191 292.886 291.892 290.524 288.72 286.185 283.324 280.239 277.466 274.808 272.825 270.809 268.807 266.375 263.55 260.483 257.568 254.94 252.578 249.724 246.145 241.678 237.048 232.412 227.7 222.612 216.522 209.839 204.572 202.695 
304.867 303.39 302.472 301.196 299.13 297.122 295.491 294.128 292.886 291.892 290.586 288.845 286.372 283.449 280.364 277.529 274.871 272.825 270.809 268.745 266.312 263.55 260.545 257.631 255.128 252.64 249.787 246.27 241.803 236.986 232.35 227.762 222.799 216.647 209.839 204.51 202.32 
304.805 303.328 302.535 301.259 299.255 297.184 295.491 294.128 292.886 291.892 290.649 288.97 286.497 283.574 280.489 277.654 274.871 272.825 270.746 268.682 266.312 263.55 260.608 257.756 255.19 252.703 249.849 246.333 241.866 236.923 232.287 227.887 222.987 216.772 209.839 204.385 201.945 
304.805 303.39 302.66 301.384 299.38 297.247 295.491 294.066 292.761 291.767 290.586 288.97 286.622 283.761 280.614 277.716 274.933 272.825 270.746 268.62 266.312 263.613 260.733 257.881 255.378 252.828 249.912 246.395 241.991 236.861 232.225 227.95 223.174 216.835 209.902 204.26 201.57 
304.867 303.515 302.91 301.571 299.505 297.309 295.491 293.941 292.574 291.642 290.524 288.97 286.685 283.886 280.739 277.841 275.058 272.887 270.746 268.682 266.312 263.675 260.795 258.068 255.565 252.953 250.037 246.458 241.991 236.798 232.162 227.95 223.299 216.897 209.902 204.072 201.195 
305.055 303.703 303.097 301.759 299.692 297.434 295.429 293.753 292.261 291.392 290.399 288.908 286.747 283.949 280.864 277.904 275.121 272.95 270.809 268.745 266.375 263.738 260.983 258.318 255.878 253.203 250.162 246.52 241.991 236.736 231.975 227.887 223.362 216.96 209.902 203.76 200.82 
305.305 304.015 303.222 301.821 299.817 297.559 295.429 293.503 291.886 290.954 290.086 288.72 286.747 284.011 280.927 277.966 275.183 273.012 270.871 268.807 266.437 263.8 261.17 258.631 256.19 253.515 250.349 246.583 241.991 236.673 231.787 227.7 223.299 216.96 209.964 203.51 200.508 
301.492 300.015 299.91 299.696 299.755 300.184 299.491 297.816 295.699 293.329 290.836 288.095 285.185 282.199 279.177 276.591 274.183 272.325 270.496 268.62 266.5 263.925 261.108 258.068 255.003 252.328 249.224 245.645 241.616 236.986 231.725 226.012 220.549 215.147 210.339 206.385 204.82 
301.43 300.015 299.91 299.634 299.692 300.184 299.554 297.878 295.699 293.329 290.774 288.033 285.247 282.261 279.239 276.529 273.996 272.2 270.309 268.432 266.375 263.8 261.045 258.131 255.128 252.515 249.474 245.895 241.803 237.111 231.787 225.95 220.549 215.21 210.464 206.572 204.195 
301.43 299.953 299.91 299.634 299.692 300.247 299.616 297.941 295.699 293.267 290.711 287.97 285.185 282.324 279.239 276.529 273.996 272.137 270.309 268.307 266.187 263.613 260.92 258.068 255.253 252.703 249.724 246.083 241.928 237.173 231.787 226.012 220.612 215.397 210.464 206.447 203.633 
301.367 299.953 299.847 299.571 299.63 300.184 299.616 298.003 295.761 293.267 290.649 287.97 285.185 282.324 279.364 276.654 274.058 272.2 270.309 268.245 266 263.425 260.733 258.006 255.378 252.89 249.849 246.145 241.991 237.173 231.85 226.075 220.737 215.585 210.464 206.197 203.32 
301.43 299.953 299.722 299.446 299.567 300.059 299.491 298.003 295.824 293.329 290.711 287.908 285.122 282.324 279.427 276.841 274.246 272.262 270.309 268.12 265.812 263.175 260.545 257.943 255.44 252.953 249.912 246.208 241.991 237.173 231.85 226.137 220.924 215.835 210.402 205.822 203.195 
301.43 300.015 299.597 299.259 299.317 299.684 299.179 297.816 295.824 293.454 290.774 287.97 285.185 282.386 279.552 276.966 274.371 272.387 270.246 268.057 265.687 263.05 260.483 257.881 255.378 252.828 249.849 246.27 242.053 237.236 231.85 226.137 220.987 216.085 210.402 205.447 203.445 
301.492 300.078 299.597 299.134 298.942 299.122 298.616 297.378 295.574 293.454 290.899 288.033 285.247 282.449 279.677 277.029 274.433 272.325 270.184 267.995 265.625 262.988 260.42 257.756 255.19 252.578 249.662 246.208 242.116 237.361 231.975 226.2 221.049 216.335 210.464 205.072 203.82 
301.617 300.14 299.66 299.071 298.567 298.434 297.866 296.816 295.199 293.267 290.961 288.158 285.372 282.511 279.677 276.966 274.308 272.262 270.121 268.057 265.75 263.113 260.42 257.693 255.003 252.328 249.474 246.145 242.178 237.486 232.162 226.387 221.049 216.46 210.464 204.885 204.32 
301.805 300.265 299.847 299.071 298.317 297.809 297.241 296.316 294.824 293.079 290.836 288.22 285.435 282.574 279.677 276.904 274.058 272.137 270.121 268.182 265.937 263.3 260.545 257.693 254.878 252.14 249.224 246.02 242.178 237.611 232.412 226.637 221.112 216.335 210.402 204.76 204.758 
302.055 300.453 300.097 299.259 298.192 297.434 296.679 295.878 294.511 292.767 290.586 288.095 285.435 282.574 279.614 276.716 273.933 272.075 270.121 268.307 266.187 263.488 260.67 257.693 254.753 252.015 249.099 245.895 242.116 237.611 232.537 226.887 221.174 216.085 210.339 204.885 205.07 
302.305 300.703 300.347 299.446 298.255 297.247 296.429 295.628 294.261 292.517 290.336 287.908 285.31 282.511 279.552 276.654 273.808 272.012 270.121 268.37 266.25 263.613 260.733 257.756 254.69 252.015 249.099 245.833 241.991 237.548 232.537 227.012 221.237 215.897 210.277 205.135 205.195 
302.555 300.89 300.597 299.634 298.317 297.184 296.241 295.441 294.136 292.329 290.149 287.72 285.185 282.449 279.489 276.591 273.683 271.95 270.121 268.37 266.25 263.613 260.733 257.756 254.753 252.078 249.162 245.833 241.991 237.423 232.475 227.012 221.299 215.772 210.277 205.447 205.133 
302.805 301.14 300.847 299.821 298.442 297.122 296.179 295.316 294.011 292.204 290.024 287.658 285.122 282.386 279.489 276.591 273.683 271.887 269.996 268.245 266.125 263.488 260.733 257.756 254.878 252.203 249.287 245.895 241.991 237.361 232.412 227.012 221.299 215.647 210.339 205.635 204.82 
302.992 301.328 301.097 300.071 298.505 297.184 296.116 295.253 293.949 292.079 289.899 287.533 285.06 282.386 279.552 276.591 273.746 271.825 269.871 268.12 266 263.363 260.608 257.756 254.94 252.328 249.412 246.083 242.053 237.423 232.475 227.137 221.424 215.647 210.339 205.822 204.508 
303.18 301.39 301.472 300.321 298.63 297.247 296.304 295.378 294.074 292.079 289.899 287.533 285.122 282.449 279.614 276.654 273.808 271.762 269.746 267.932 265.875 263.3 260.545 257.818 255.003 252.39 249.537 246.145 242.116 237.548 232.6 227.262 221.487 215.647 210.402 205.947 204.258 
303.305 301.515 301.847 300.634 298.88 297.497 296.554 295.691 294.261 292.204 289.961 287.595 285.122 282.511 279.677 276.779 273.933 271.762 269.684 267.87 265.75 263.238 260.545 257.818 255.003 252.39 249.537 246.208 242.241 237.611 232.725 227.387 221.487 215.522 210.402 206.01 204.008 
303.555 301.703 302.097 300.884 299.067 297.684 296.804 296.003 294.511 292.267 289.961 287.595 285.122 282.511 279.739 276.841 274.058 271.825 269.684 267.87 265.75 263.238 260.608 257.881 255.065 252.39 249.537 246.208 242.241 237.673 232.787 227.45 221.487 215.46 210.464 206.072 203.883 
303.742 301.89 302.285 301.009 299.192 297.809 296.991 296.128 294.636 292.204 289.836 287.533 285.06 282.449 279.739 276.904 274.058 271.887 269.746 267.932 265.75 263.238 260.608 257.881 255.19 252.453 249.537 246.208 242.241 237.611 232.787 227.45 221.424 215.397 210.527 206.072 203.82 
303.867 302.078 302.285 301.009 299.13 297.809 296.929 296.066 294.574 292.142 289.711 287.408 284.872 282.386 279.739 276.904 274.058 271.887 269.746 267.932 265.75 263.175 260.545 257.943 255.315 252.578 249.599 246.27 242.178 237.548 232.787 227.512 221.424 215.272 210.464 206.01 203.82 
304.055 302.328 302.285 301.009 299.067 297.622 296.741 295.816 294.386 292.079 289.649 287.283 284.81 282.324 279.677 276.841 274.058 271.887 269.746 267.807 265.625 263.05 260.545 258.006 255.503 252.765 249.662 246.27 242.178 237.548 232.725 227.45 221.424 215.21 210.339 205.885 203.883 
304.18 302.578 302.222 300.884 299.005 297.434 296.491 295.503 294.136 292.079 289.649 287.283 284.81 282.324 279.802 276.904 274.121 271.825 269.621 267.62 265.375 262.8 260.42 258.006 255.565 252.89 249.787 246.27 242.178 237.548 232.787 227.45 221.424 215.147 210.277 205.697 203.945 
304.305 302.765 302.222 300.821 298.88 297.247 296.241 295.191 293.886 292.079 289.711 287.283 284.872 282.449 279.864 277.029 274.246 271.887 269.559 267.432 265.125 262.55 260.233 257.881 255.628 253.015 249.912 246.333 242.241 237.611 232.787 227.45 221.487 215.147 210.152 205.51 204.008 
304.43 302.953 302.16 300.759 298.88 297.184 296.054 295.003 293.699 292.017 289.774 287.345 285.06 282.574 279.989 277.154 274.371 271.95 269.559 267.37 264.937 262.363 259.983 257.756 255.628 253.078 249.912 246.333 242.178 237.611 232.787 227.512 221.549 215.272 210.089 205.26 204.008 
304.492 303.078 302.16 300.759 298.88 297.122 295.929 294.816 293.511 291.954 289.836 287.533 285.185 282.636 279.989 277.279 274.558 272.137 269.746 267.495 265 262.363 259.858 257.568 255.565 253.078 249.974 246.27 242.116 237.611 232.787 227.512 221.674 215.46 210.027 205.072 203.945 
304.555 303.14 302.222 300.696 298.88 297.184 295.866 294.691 293.386 291.829 289.899 287.72 285.372 282.699 279.989 277.279 274.621 272.262 269.996 267.745 265.25 262.488 259.795 257.381 255.378 253.078 249.912 246.208 241.991 237.548 232.725 227.512 221.862 215.647 210.027 204.885 203.883 
304.617 303.203 302.222 300.759 298.942 297.247 295.866 294.628 293.261 291.767 289.961 287.908 285.56 282.824 279.927 277.216 274.621 272.387 270.309 268.182 265.687 262.8 259.858 257.256 255.19 252.89 249.849 246.083 241.866 237.423 232.662 227.512 221.987 215.835 209.964 204.76 203.82 
304.68 303.203 302.285 300.821 298.942 297.247 295.866 294.503 293.074 291.767 290.086 288.095 285.747 282.949 280.052 277.216 274.621 272.512 270.496 268.557 266.125 263.175 259.983 257.193 254.94 252.765 249.787 246.02 241.741 237.361 232.6 227.512 222.174 216.085 209.902 204.822 203.633 
304.68 303.203 302.285 300.821 299.005 297.247 295.741 294.378 292.949 291.704 290.149 288.22 285.935 283.074 280.114 277.341 274.683 272.575 270.621 268.745 266.312 263.425 260.233 257.256 254.753 252.578 249.724 246.02 241.678 237.236 232.537 227.575 222.299 216.272 209.902 204.822 203.445 
304.68 303.203 302.222 300.884 299.005 297.184 295.679 294.253 292.886 291.704 290.274 288.47 286.06 283.261 280.239 277.404 274.746 272.762 270.746 268.807 266.437 263.55 260.42 257.381 254.753 252.453 249.662 246.02 241.616 237.111 232.475 227.575 222.487 216.397 209.839 204.822 203.133 
304.555 303.14 302.097 300.884 299.067 297.184 295.616 294.191 292.886 291.767 290.399 288.595 286.247 283.386 280.302 277.466 274.808 272.762 270.746 268.745 266.375 263.613 260.483 257.443 254.815 252.453 249.724 246.145 241.678 237.048 232.35 227.637 222.674 216.585 209.839 204.697 202.82 
304.492 303.078 302.097 301.009 299.13 297.184 295.554 294.128 292.824 291.767 290.461 288.783 286.435 283.511 280.427 277.591 274.871 272.825 270.746 268.745 266.375 263.613 260.545 257.568 254.878 252.515 249.724 246.208 241.741 236.986 232.287 227.762 222.862 216.71 209.839 204.635 202.508 
304.43 302.953 302.16 301.071 299.192 297.184 295.491 294.128 292.824 291.767 290.586 288.908 286.56 283.636 280.489 277.654 274.933 272.887 270.746 268.682 266.312 263.613 260.608 257.631 255.065 252.578 249.787 246.27 241.866 236.923 232.225 227.825 222.987 216.835 209.839 204.51 202.133 
304.367 302.953 302.285 301.196 299.255 297.184 295.429 294.066 292.761 291.704 290.524 289.033 286.685 283.761 280.614 277.779 274.996 272.887 270.746 268.682 266.312 263.675 260.67 257.756 255.128 252.703 249.849 246.333 241.928 236.861 232.225 227.887 223.174 216.897 209.839 204.447 201.82 
304.367 303.015 302.535 301.321 299.38 297.184 295.429 293.941 292.574 291.579 290.524 289.033 286.747 283.886 280.739 277.841 275.121 272.887 270.746 268.682 266.312 263.675 260.733 257.881 255.315 252.765 249.912 246.333 241.928 236.798 232.1 227.887 223.299 216.96 209.839 204.26 201.383 
304.492 303.14 302.722 301.509 299.505 297.309 295.429 293.753 292.324 291.392 290.399 288.97 286.81 283.949 280.864 277.966 275.183 272.95 270.809 268.807 266.437 263.738 260.858 258.068 255.565 253.015 250.037 246.395 241.928 236.736 231.975 227.825 223.362 217.022 209.902 204.072 201.008 
304.742 303.453 302.847 301.571 299.567 297.372 295.366 293.566 292.011 291.017 290.211 288.845 286.872 284.011 280.989 277.966 275.246 273.012 270.871 268.807 266.437 263.8 260.983 258.381 255.94 253.265 250.162 246.458 241.928 236.673 231.85 227.637 223.362 217.085 209.964 203.76 200.57 
301.742 300.265 299.722 299.384 299.505 300.059 299.429 297.816 295.699 293.392 290.961 288.345 285.56 282.574 279.489 276.841 274.308 272.387 270.496 268.495 266.437 263.863 261.108 258.131 255.065 252.265 248.974 245.27 241.366 236.861 231.787 226.137 220.487 215.272 209.964 206.26 205.383 
301.742 300.265 299.847 299.384 299.38 299.997 299.491 297.878 295.699 293.392 290.961 288.345 285.56 282.636 279.489 276.779 274.121 272.262 270.309 268.37 266.25 263.863 261.108 258.193 255.128 252.453 249.287 245.583 241.616 236.923 231.787 225.95 220.362 215.272 210.089 206.572 204.883 
301.742 300.265 299.91 299.384 299.317 299.997 299.554 297.941 295.761 293.392 290.899 288.283 285.56 282.636 279.552 276.779 274.058 272.2 270.309 268.307 266.125 263.738 261.108 258.193 255.253 252.64 249.537 245.833 241.741 237.048 231.787 225.887 220.362 215.335 210.152 206.697 204.258 
301.805 300.328 299.972 299.384 299.317 300.059 299.679 298.066 295.886 293.454 290.961 288.283 285.497 282.636 279.552 276.779 274.121 272.2 270.309 268.182 266 263.613 260.983 258.131 255.378 252.828 249.724 246.02 241.866 237.111 231.787 225.887 220.424 215.522 210.152 206.51 203.758 
301.93 300.453 299.972 299.384 299.38 300.122 299.679 298.191 296.011 293.579 291.024 288.283 285.497 282.636 279.552 276.841 274.183 272.262 270.309 268.182 265.875 263.425 260.858 258.131 255.44 252.828 249.787 246.145 241.928 237.111 231.787 225.887 220.612 215.772 210.214 206.197 203.508 
302.055 300.578 299.972 299.384 299.442 300.059 299.616 298.191 296.136 293.704 291.149 288.408 285.56 282.636 279.614 276.904 274.308 272.262 270.309 268.12 265.75 263.363 260.795 258.068 255.378 252.703 249.724 246.145 242.053 237.173 231.787 225.95 220.799 216.022 210.214 205.822 203.57 
302.117 300.64 299.972 299.384 299.317 299.747 299.304 298.003 296.074 293.829 291.274 288.533 285.685 282.761 279.739 276.966 274.308 272.262 270.184 268.057 265.75 263.3 260.67 258.006 255.253 252.578 249.599 246.145 242.116 237.298 231.85 226.012 220.862 216.272 210.277 205.447 203.758 
302.18 300.703 300.035 299.321 298.942 299.059 298.679 297.566 295.824 293.704 291.336 288.595 285.747 282.824 279.802 277.029 274.246 272.2 270.059 267.995 265.812 263.3 260.67 257.943 255.19 252.39 249.474 246.083 242.178 237.361 231.975 226.137 220.924 216.46 210.214 205.135 204.195 
302.18 300.703 300.097 299.259 298.505 298.309 297.991 297.066 295.449 293.517 291.211 288.658 285.872 282.949 279.864 277.029 274.183 272.137 269.996 268.057 265.875 263.363 260.67 257.881 255.065 252.265 249.287 246.02 242.116 237.486 232.162 226.325 220.987 216.522 210.152 205.01 204.633 
302.305 300.765 300.16 299.259 298.255 297.622 297.179 296.503 295.074 293.204 291.024 288.533 285.81 282.949 279.927 277.029 274.121 272.075 269.996 268.12 266 263.425 260.67 257.818 255.003 252.14 249.224 245.958 242.116 237.486 232.35 226.575 221.049 216.397 210.152 204.947 204.945 
302.43 300.828 300.347 299.321 298.13 297.184 296.616 296.003 294.761 292.954 290.774 288.345 285.685 282.886 279.864 276.966 274.058 272.075 269.996 268.182 266.062 263.488 260.67 257.756 254.878 252.14 249.162 245.895 242.053 237.486 232.412 226.825 221.112 216.147 210.089 205.072 205.133 
302.617 301.015 300.535 299.446 298.13 296.934 296.241 295.691 294.511 292.704 290.586 288.22 285.622 282.761 279.739 276.841 273.996 272.012 269.996 268.245 266.062 263.488 260.67 257.756 254.878 252.14 249.224 245.895 241.991 237.423 232.412 226.95 221.174 215.96 210.152 205.322 205.133 
302.805 301.203 300.785 299.696 298.192 296.872 296.054 295.503 294.386 292.579 290.461 288.033 285.497 282.699 279.739 276.841 273.933 272.012 269.996 268.182 266.062 263.425 260.67 257.756 254.878 252.14 249.287 245.958 241.991 237.423 232.412 226.95 221.237 215.897 210.152 205.572 205.008 
303.055 301.328 301.097 299.946 298.317 296.934 296.116 295.503 294.386 292.517 290.336 287.908 285.372 282.636 279.677 276.779 273.933 271.95 269.934 268.12 266 263.425 260.67 257.756 254.878 252.203 249.412 246.083 242.053 237.423 232.475 227.012 221.299 215.772 210.214 205.822 204.758 
303.18 301.453 301.535 300.259 298.505 297.122 296.304 295.691 294.511 292.579 290.274 287.845 285.31 282.574 279.677 276.779 273.933 271.887 269.871 268.057 265.937 263.425 260.67 257.818 254.878 252.203 249.537 246.208 242.178 237.486 232.537 227.137 221.362 215.71 210.214 206.01 204.57 
303.43 301.453 301.91 300.634 298.755 297.309 296.554 295.941 294.636 292.579 290.274 287.783 285.247 282.574 279.677 276.841 273.996 271.887 269.809 268.057 266 263.425 260.67 257.818 254.878 252.265 249.537 246.27 242.241 237.548 232.6 227.2 221.299 215.585 210.277 206.135 204.383 
303.617 301.578 302.222 300.884 298.88 297.434 296.741 296.128 294.824 292.517 290.149 287.72 285.185 282.511 279.677 276.904 274.121 271.887 269.809 268.12 266 263.488 260.733 257.881 254.94 252.265 249.537 246.27 242.303 237.611 232.6 227.262 221.237 215.522 210.339 206.322 204.195 
303.742 301.765 302.347 301.009 298.942 297.497 296.804 296.128 294.824 292.392 289.961 287.533 285.06 282.449 279.677 276.904 274.121 271.95 269.809 268.12 266.062 263.488 260.733 257.943 255.128 252.39 249.537 246.27 242.241 237.548 232.6 227.262 221.174 215.397 210.402 206.385 204.07 
303.867 302.015 302.347 301.009 298.88 297.372 296.679 296.066 294.699 292.204 289.774 287.345 284.935 282.386 279.677 276.904 274.121 271.887 269.809 268.057 266 263.425 260.733 258.006 255.253 252.515 249.599 246.27 242.303 237.548 232.6 227.2 221.112 215.272 210.464 206.385 204.008 
303.992 302.203 302.222 300.946 298.817 297.184 296.429 295.753 294.511 292.079 289.649 287.22 284.872 282.324 279.739 276.904 274.121 271.887 269.746 267.995 265.812 263.3 260.67 258.006 255.44 252.703 249.724 246.333 242.241 237.548 232.537 227.2 221.049 215.147 210.464 206.322 203.945 
304.055 302.453 302.16 300.821 298.755 297.059 296.179 295.503 294.324 292.142 289.649 287.22 284.872 282.386 279.802 276.966 274.121 271.825 269.621 267.745 265.562 263.05 260.545 258.006 255.565 252.89 249.849 246.395 242.241 237.548 232.6 227.2 221.049 215.085 210.402 206.197 203.945 
304.18 302.703 302.097 300.696 298.63 296.934 296.054 295.253 294.136 292.267 289.711 287.283 284.935 282.511 279.927 277.091 274.308 271.825 269.559 267.495 265.25 262.738 260.295 257.881 255.628 253.015 249.912 246.395 242.241 237.611 232.662 227.262 221.174 215.147 210.339 205.947 203.945 
304.242 302.765 301.972 300.634 298.63 296.934 295.929 295.066 293.949 292.267 289.899 287.408 285.122 282.636 280.052 277.216 274.433 271.887 269.496 267.37 265.062 262.55 260.108 257.756 255.628 253.14 249.974 246.458 242.241 237.611 232.662 227.262 221.299 215.335 210.277 205.697 203.883 
304.305 302.89 302.035 300.571 298.692 296.934 295.866 294.941 293.761 292.204 290.024 287.658 285.247 282.699 280.114 277.279 274.496 272.012 269.621 267.432 265 262.425 259.92 257.568 255.565 253.14 250.037 246.395 242.178 237.611 232.725 227.262 221.487 215.522 210.214 205.385 203.82 
304.367 302.89 302.097 300.571 298.692 296.997 295.804 294.878 293.636 292.142 290.086 287.845 285.497 282.824 280.114 277.279 274.558 272.2 269.871 267.745 265.312 262.488 259.858 257.443 255.378 253.015 249.974 246.27 242.116 237.548 232.662 227.325 221.674 215.772 210.152 205.197 203.695 
304.367 302.89 302.097 300.634 298.817 297.122 295.866 294.753 293.511 292.017 290.149 287.97 285.622 282.949 280.114 277.279 274.558 272.325 270.121 268.12 265.687 262.738 259.858 257.256 255.19 252.89 249.849 246.208 241.991 237.423 232.6 227.387 221.924 215.96 210.152 205.072 203.633 
304.43 302.89 302.16 300.634 298.817 297.184 295.804 294.566 293.324 291.954 290.149 288.095 285.747 283.074 280.177 277.279 274.558 272.387 270.309 268.495 266.062 263.113 259.983 257.193 254.94 252.765 249.787 246.145 241.866 237.298 232.537 227.387 222.112 216.147 210.089 205.01 203.57 
304.367 302.828 302.035 300.696 298.88 297.184 295.804 294.441 293.136 291.829 290.211 288.283 285.935 283.199 280.239 277.341 274.621 272.512 270.434 268.62 266.25 263.425 260.233 257.193 254.69 252.578 249.724 246.083 241.741 237.236 232.475 227.45 222.299 216.272 209.964 205.01 203.32 
304.305 302.765 301.91 300.696 298.88 297.184 295.741 294.378 293.011 291.767 290.211 288.408 286.185 283.324 280.302 277.404 274.683 272.637 270.559 268.682 266.375 263.55 260.42 257.318 254.628 252.453 249.662 246.083 241.678 237.111 232.412 227.512 222.487 216.522 209.902 204.947 203.133 
304.18 302.64 301.785 300.634 298.942 297.184 295.679 294.253 292.886 291.704 290.336 288.595 286.31 283.511 280.427 277.529 274.808 272.7 270.621 268.682 266.375 263.613 260.545 257.443 254.69 252.39 249.662 246.145 241.678 237.048 232.35 227.637 222.674 216.647 209.902 204.822 202.883 
304.055 302.515 301.722 300.696 298.942 297.184 295.554 294.191 292.824 291.642 290.399 288.783 286.497 283.574 280.552 277.654 274.933 272.825 270.684 268.682 266.312 263.675 260.608 257.506 254.815 252.39 249.662 246.145 241.741 236.986 232.287 227.7 222.862 216.772 209.839 204.697 202.633 
303.867 302.453 301.785 300.821 299.005 297.184 295.554 294.128 292.761 291.642 290.461 288.845 286.622 283.761 280.614 277.779 275.058 272.887 270.746 268.682 266.312 263.675 260.608 257.568 254.878 252.453 249.724 246.145 241.803 236.861 232.225 227.762 223.049 216.897 209.777 204.572 202.383 
303.805 302.39 301.972 300.884 299.13 297.184 295.491 294.066 292.699 291.579 290.399 288.908 286.685 283.824 280.739 277.841 275.121 272.95 270.809 268.682 266.375 263.675 260.608 257.631 254.94 252.515 249.787 246.27 241.866 236.861 232.162 227.762 223.174 216.96 209.777 204.572 202.07 
303.742 302.39 302.16 301.071 299.192 297.184 295.491 294.003 292.574 291.454 290.399 288.908 286.81 283.949 280.864 277.966 275.246 272.95 270.809 268.745 266.375 263.675 260.67 257.756 255.065 252.64 249.787 246.333 241.866 236.798 232.1 227.825 223.299 217.022 209.839 204.447 201.695 
303.867 302.515 302.347 301.196 299.255 297.184 295.429 293.878 292.386 291.267 290.336 288.908 286.81 284.011 280.927 278.029 275.246 273.012 270.809 268.807 266.437 263.738 260.733 257.881 255.315 252.828 249.912 246.333 241.928 236.798 231.975 227.762 223.362 217.085 209.839 204.26 201.195 
304.055 302.765 302.347 301.259 299.317 297.247 295.366 293.691 292.136 291.079 290.211 288.845 286.872 284.011 280.989 278.029 275.308 273.075 270.871 268.87 266.5 263.8 260.92 258.131 255.628 253.078 250.037 246.395 241.928 236.736 231.85 227.575 223.362 217.085 209.902 204.135 200.758 
301.742 300.265 299.472 299.196 299.38 299.934 299.429 297.753 295.574 293.267 290.961 288.47 285.81 282.949 279.864 277.029 274.371 272.325 270.309 268.307 266.25 263.863 261.233 258.381 255.253 252.203 248.724 244.895 241.116 236.673 231.912 226.387 220.549 215.397 209.652 206.072 205.82 
301.805 300.39 299.722 299.196 299.13 299.872 299.491 297.816 295.574 293.267 290.899 288.47 285.81 282.949 279.864 276.966 274.246 272.2 270.184 268.182 266.125 263.863 261.295 258.381 255.253 252.328 248.974 245.208 241.366 236.798 231.912 226.137 220.299 215.335 209.714 206.51 205.508 
301.93 300.453 299.847 299.134 299.005 299.809 299.491 297.878 295.636 293.329 290.899 288.47 285.81 283.011 279.864 276.966 274.183 272.137 270.121 268.12 266 263.8 261.295 258.381 255.378 252.453 249.224 245.52 241.553 236.923 231.85 226.012 220.174 215.397 209.777 206.76 205.008 
302.117 300.64 299.972 299.196 298.942 299.747 299.554 298.003 295.761 293.392 290.961 288.47 285.81 283.011 279.864 276.966 274.121 272.137 270.184 268.057 265.875 263.675 261.233 258.381 255.44 252.64 249.412 245.77 241.741 236.986 231.85 225.887 220.174 215.522 209.902 206.76 204.445 
302.242 300.828 300.097 299.259 299.005 299.809 299.616 298.066 295.886 293.517 291.086 288.533 285.872 283.011 279.802 276.966 274.121 272.137 270.184 268.057 265.812 263.613 261.108 258.381 255.503 252.703 249.537 245.958 241.928 237.111 231.85 225.825 220.299 215.772 209.964 206.572 204.008 
302.43 300.953 300.16 299.384 299.13 299.809 299.616 298.128 296.074 293.704 291.211 288.595 285.872 283.011 279.802 276.966 274.183 272.137 270.184 267.995 265.75 263.55 261.045 258.318 255.503 252.64 249.537 246.02 241.991 237.111 231.787 225.825 220.487 216.022 210.027 206.26 203.82 
302.43 301.015 300.16 299.384 299.067 299.684 299.491 298.066 296.074 293.767 291.336 288.72 285.997 283.074 279.864 277.029 274.183 272.137 270.121 267.995 265.75 263.488 260.983 258.256 255.44 252.578 249.537 246.083 242.053 237.173 231.85 225.825 220.737 216.272 210.089 205.947 203.883 
302.492 300.953 300.222 299.384 298.88 299.247 299.054 297.816 295.949 293.767 291.336 288.783 285.997 283.136 280.052 277.154 274.308 272.137 269.996 267.932 265.75 263.425 260.92 258.193 255.378 252.515 249.474 246.02 242.116 237.236 231.912 225.95 220.862 216.46 210.027 205.572 204.133 
302.43 300.89 300.222 299.321 298.567 298.559 298.429 297.441 295.699 293.642 291.336 288.783 286.06 283.199 280.114 277.216 274.371 272.2 269.934 267.87 265.687 263.363 260.795 258.131 255.315 252.39 249.349 246.02 242.053 237.361 232.037 226.137 221.049 216.585 209.964 205.385 204.508 
302.43 300.828 300.222 299.259 298.255 297.872 297.679 296.941 295.386 293.392 291.149 288.72 286.06 283.199 280.114 277.341 274.433 272.2 269.934 267.87 265.687 263.3 260.733 258.006 255.19 252.328 249.349 246.02 242.053 237.361 232.162 226.387 221.112 216.522 209.902 205.26 204.82 
302.492 300.828 300.347 299.259 298.067 297.309 297.054 296.503 295.136 293.204 290.961 288.533 285.935 283.136 280.052 277.279 274.433 272.262 269.996 267.932 265.75 263.3 260.67 257.881 255.065 252.328 249.349 245.958 242.053 237.423 232.287 226.637 221.174 216.46 209.902 205.26 205.008 
302.617 300.89 300.472 299.384 298.005 297.059 296.616 296.128 294.949 293.017 290.836 288.408 285.81 282.949 279.927 277.154 274.371 272.262 270.059 268.057 265.812 263.3 260.608 257.818 254.94 252.203 249.349 245.958 242.053 237.361 232.35 226.762 221.299 216.335 209.964 205.385 205.07 
302.805 301.078 300.722 299.634 298.067 296.934 296.366 295.941 294.824 292.954 290.774 288.345 285.685 282.886 279.864 277.029 274.308 272.2 270.121 268.057 265.875 263.238 260.545 257.756 254.878 252.14 249.412 246.083 242.116 237.361 232.35 226.887 221.362 216.21 209.964 205.572 205.07 
303.055 301.265 301.097 299.884 298.255 296.934 296.366 295.941 294.824 292.954 290.711 288.283 285.622 282.761 279.739 276.966 274.246 272.137 270.059 268.12 265.937 263.363 260.608 257.756 254.815 252.078 249.412 246.208 242.116 237.423 232.412 227.012 221.362 216.085 210.027 205.76 204.945 
303.242 301.39 301.535 300.196 298.442 297.059 296.491 296.066 294.886 292.954 290.711 288.158 285.497 282.699 279.677 276.904 274.183 272.137 270.059 268.182 266 263.425 260.67 257.818 254.815 252.015 249.474 246.27 242.241 237.486 232.475 227.075 221.362 215.96 210.027 205.947 204.758 
303.492 301.453 301.91 300.571 298.567 297.184 296.616 296.191 295.011 292.954 290.649 288.095 285.435 282.636 279.677 276.841 274.121 272.075 269.996 268.245 266.125 263.55 260.733 257.818 254.815 252.078 249.412 246.333 242.303 237.548 232.537 227.137 221.299 215.835 210.089 206.197 204.695 
303.617 301.515 302.222 300.759 298.692 297.184 296.741 296.316 295.074 292.892 290.524 287.97 285.31 282.574 279.677 276.904 274.121 272.012 269.934 268.307 266.25 263.675 260.858 257.881 254.878 252.14 249.412 246.333 242.366 237.548 232.537 227.137 221.112 215.71 210.089 206.447 204.508 
303.742 301.64 302.347 300.884 298.755 297.184 296.741 296.253 295.074 292.767 290.336 287.783 285.247 282.511 279.677 276.904 274.121 271.95 269.871 268.245 266.25 263.613 260.858 257.943 255.003 252.265 249.474 246.333 242.303 237.548 232.537 227.137 221.049 215.585 210.214 206.572 204.383 
303.867 301.89 302.347 300.884 298.692 297.122 296.554 296.128 294.949 292.579 290.086 287.595 285.122 282.511 279.677 276.904 274.121 271.887 269.809 268.182 266.187 263.613 260.795 257.943 255.19 252.453 249.599 246.333 242.366 237.548 232.475 227.012 220.924 215.397 210.277 206.635 204.258 
303.93 302.203 302.222 300.821 298.63 296.934 296.304 295.878 294.761 292.454 289.961 287.47 285.06 282.449 279.739 276.966 274.121 271.825 269.684 267.995 265.937 263.425 260.67 257.943 255.315 252.703 249.787 246.458 242.366 237.548 232.412 227.012 220.799 215.272 210.339 206.635 204.133 
303.992 302.39 302.035 300.696 298.505 296.809 296.116 295.628 294.574 292.454 289.961 287.408 285.06 282.511 279.864 277.029 274.183 271.825 269.559 267.745 265.687 263.175 260.545 257.881 255.378 252.89 249.912 246.458 242.366 237.548 232.475 226.95 220.799 215.272 210.339 206.572 204.008 
304.117 302.578 301.972 300.571 298.442 296.684 295.929 295.378 294.386 292.579 290.086 287.533 285.185 282.636 279.989 277.154 274.308 271.825 269.496 267.62 265.437 262.925 260.295 257.756 255.503 253.015 249.974 246.52 242.366 237.611 232.537 227.012 220.924 215.272 210.339 206.385 203.945 
304.117 302.64 301.91 300.446 298.442 296.747 295.866 295.191 294.199 292.579 290.211 287.72 285.31 282.761 280.052 277.216 274.371 271.887 269.496 267.495 265.25 262.738 260.108 257.631 255.44 253.078 250.037 246.583 242.366 237.673 232.537 227.012 221.112 215.46 210.339 206.072 203.82 
304.117 302.64 301.91 300.384 298.442 296.809 295.804 295.066 294.011 292.517 290.336 287.908 285.497 282.886 280.114 277.279 274.433 271.95 269.621 267.557 265.25 262.675 259.983 257.506 255.378 253.078 250.099 246.52 242.303 237.611 232.6 227.075 221.299 215.585 210.277 205.822 203.758 
304.117 302.64 301.91 300.384 298.505 296.872 295.804 294.941 293.886 292.454 290.399 288.095 285.685 283.011 280.177 277.341 274.496 272.075 269.809 267.807 265.437 262.675 259.92 257.381 255.253 252.953 250.037 246.458 242.241 237.548 232.6 227.137 221.549 215.835 210.277 205.572 203.633 
304.117 302.578 301.91 300.446 298.63 296.997 295.804 294.816 293.636 292.267 290.399 288.22 285.81 283.136 280.239 277.341 274.496 272.2 269.996 268.12 265.75 262.863 259.92 257.193 255.065 252.828 249.912 246.333 242.116 237.486 232.537 227.2 221.737 216.022 210.214 205.385 203.508 
304.117 302.515 301.91 300.384 298.63 296.997 295.804 294.691 293.511 292.142 290.336 288.283 285.935 283.261 280.302 277.341 274.496 272.262 270.121 268.37 266.062 263.113 260.045 257.131 254.815 252.64 249.787 246.208 241.991 237.423 232.537 227.262 221.987 216.272 210.152 205.26 203.445 
303.992 302.39 301.722 300.384 298.63 297.059 295.741 294.566 293.261 291.954 290.336 288.408 286.122 283.386 280.427 277.404 274.621 272.387 270.246 268.495 266.187 263.363 260.233 257.193 254.628 252.515 249.724 246.145 241.866 237.298 232.475 227.387 222.237 216.397 210.027 205.135 203.32 
303.867 302.265 301.597 300.321 298.63 297.122 295.741 294.441 293.136 291.829 290.336 288.533 286.247 283.511 280.489 277.529 274.683 272.512 270.371 268.495 266.312 263.55 260.42 257.318 254.628 252.39 249.662 246.083 241.803 237.173 232.475 227.45 222.424 216.585 209.964 205.072 203.133 
303.742 302.14 301.41 300.321 298.63 297.122 295.679 294.316 292.949 291.704 290.336 288.658 286.435 283.636 280.614 277.654 274.808 272.637 270.496 268.557 266.312 263.613 260.545 257.443 254.69 252.328 249.662 246.145 241.803 237.048 232.412 227.512 222.674 216.71 209.902 204.947 202.945 
303.555 302.015 301.347 300.321 298.692 297.122 295.616 294.253 292.824 291.642 290.336 288.783 286.56 283.761 280.677 277.779 274.933 272.762 270.559 268.557 266.25 263.613 260.608 257.506 254.753 252.328 249.599 246.145 241.741 236.986 232.287 227.637 222.862 216.835 209.839 204.822 202.82 
303.367 301.89 301.347 300.384 298.755 297.122 295.616 294.191 292.761 291.579 290.336 288.845 286.685 283.886 280.802 277.904 275.058 272.825 270.621 268.62 266.312 263.675 260.608 257.568 254.815 252.39 249.662 246.145 241.741 236.923 232.225 227.7 223.049 216.96 209.777 204.76 202.633 
303.18 301.765 301.535 300.509 298.817 297.122 295.554 294.128 292.636 291.454 290.336 288.845 286.747 283.949 280.927 278.029 275.246 272.95 270.746 268.682 266.375 263.675 260.608 257.568 254.878 252.453 249.724 246.208 241.803 236.923 232.162 227.7 223.174 217.022 209.777 204.697 202.383 
303.18 301.765 301.66 300.634 298.88 297.122 295.554 294.066 292.574 291.329 290.274 288.845 286.81 284.011 281.052 278.091 275.308 273.012 270.809 268.807 266.437 263.675 260.67 257.631 254.94 252.515 249.724 246.27 241.866 236.861 232.037 227.7 223.237 217.085 209.777 204.635 201.945 
303.18 301.89 301.847 300.759 298.942 297.059 295.491 293.941 292.449 291.204 290.211 288.783 286.81 284.011 281.052 278.154 275.371 273.075 270.871 268.87 266.437 263.738 260.733 257.756 255.065 252.64 249.787 246.27 241.866 236.861 231.975 227.637 223.299 217.085 209.777 204.51 201.508 
303.305 302.015 301.847 300.759 298.942 297.059 295.366 293.753 292.261 291.017 290.086 288.72 286.81 284.074 281.114 278.216 275.496 273.137 270.871 268.87 266.5 263.8 260.795 258.006 255.315 252.828 249.912 246.333 241.928 236.798 231.85 227.512 223.299 217.085 209.839 204.385 201.008 
301.68 300.203 299.285 299.071 299.38 299.934 299.366 297.566 295.324 293.017 290.836 288.47 285.935 283.199 280.177 277.279 274.496 272.262 269.996 267.932 265.812 263.738 261.358 258.631 255.503 252.203 248.599 244.645 240.803 236.486 231.85 226.7 220.799 215.522 209.402 205.822 205.945 
301.867 300.39 299.535 299.071 299.13 299.809 299.366 297.628 295.386 293.079 290.774 288.47 285.935 283.261 280.177 277.279 274.433 272.2 269.934 267.87 265.75 263.738 261.358 258.631 255.503 252.328 248.724 244.958 241.116 236.611 231.912 226.512 220.487 215.46 209.464 206.197 205.945 
302.055 300.578 299.722 299.071 298.88 299.622 299.366 297.691 295.449 293.142 290.774 288.47 285.935 283.261 280.177 277.279 274.371 272.137 269.934 267.807 265.625 263.675 261.358 258.631 255.503 252.39 248.912 245.208 241.303 236.736 231.912 226.325 220.237 215.46 209.527 206.572 205.633 
302.242 300.765 299.91 299.071 298.692 299.497 299.366 297.816 295.574 293.204 290.836 288.47 285.997 283.199 280.177 277.216 274.308 272.137 269.996 267.807 265.562 263.613 261.295 258.631 255.565 252.515 249.099 245.52 241.553 236.861 231.912 226.137 220.112 215.585 209.652 206.76 205.195 
302.492 300.953 300.097 299.134 298.63 299.309 299.366 297.816 295.636 293.329 290.899 288.533 285.997 283.261 280.177 277.216 274.308 272.2 270.059 267.807 265.5 263.55 261.295 258.631 255.565 252.578 249.287 245.77 241.741 236.986 231.912 226.012 220.112 215.71 209.777 206.76 204.695 
302.617 301.14 300.222 299.196 298.567 299.122 299.304 297.878 295.761 293.454 291.024 288.595 286.06 283.261 280.177 277.216 274.308 272.2 270.059 267.807 265.5 263.488 261.233 258.568 255.565 252.578 249.412 245.895 241.866 237.048 231.912 225.95 220.299 215.96 209.902 206.635 204.32 
302.68 301.14 300.285 299.196 298.505 298.997 299.179 297.878 295.824 293.517 291.086 288.658 286.122 283.324 280.177 277.279 274.371 272.2 269.996 267.745 265.5 263.488 261.17 258.506 255.565 252.578 249.412 246.02 241.991 237.048 231.85 225.95 220.549 216.147 209.964 206.322 204.195 
302.617 301.015 300.285 299.259 298.505 298.809 298.929 297.753 295.761 293.517 291.149 288.72 286.122 283.324 280.239 277.404 274.558 272.262 269.934 267.745 265.5 263.425 261.045 258.381 255.503 252.578 249.412 246.02 242.053 237.111 231.85 225.95 220.862 216.397 209.964 206.072 204.195 
302.555 300.89 300.285 299.259 298.38 298.434 298.491 297.566 295.699 293.517 291.149 288.658 286.122 283.324 280.239 277.466 274.683 272.325 269.934 267.745 265.5 263.3 260.92 258.256 255.44 252.515 249.412 246.02 242.053 237.173 231.912 226.075 221.049 216.585 209.902 205.822 204.383 
302.43 300.828 300.222 299.196 298.192 297.997 298.054 297.253 295.511 293.392 291.086 288.658 286.122 283.261 280.239 277.529 274.746 272.45 269.996 267.745 265.437 263.175 260.795 258.193 255.378 252.453 249.412 246.02 242.053 237.236 232.037 226.262 221.237 216.647 209.839 205.635 204.695 
302.43 300.765 300.285 299.259 298.067 297.559 297.491 296.941 295.386 293.267 290.961 288.533 285.997 283.199 280.114 277.466 274.746 272.45 270.121 267.807 265.5 263.113 260.67 258.006 255.253 252.453 249.474 246.02 242.053 237.298 232.1 226.45 221.362 216.647 209.839 205.51 204.883 
302.555 300.765 300.41 299.321 298.067 297.372 297.179 296.628 295.261 293.204 290.961 288.47 285.935 283.074 279.989 277.341 274.683 272.512 270.246 267.995 265.687 263.113 260.545 257.881 255.065 252.265 249.474 246.083 242.053 237.298 232.225 226.575 221.424 216.647 209.777 205.572 205.008 
302.68 300.828 300.66 299.509 298.13 297.184 296.929 296.441 295.136 293.204 290.961 288.47 285.81 282.949 279.864 277.216 274.558 272.45 270.309 268.182 265.812 263.175 260.545 257.756 254.878 252.14 249.412 246.145 242.116 237.361 232.287 226.762 221.549 216.522 209.839 205.697 205.008 
302.867 301.078 300.972 299.821 298.255 297.122 296.804 296.441 295.199 293.204 290.899 288.408 285.747 282.886 279.802 277.091 274.433 272.387 270.309 268.245 265.937 263.3 260.608 257.756 254.753 251.953 249.349 246.27 242.178 237.423 232.35 226.95 221.549 216.397 209.839 205.822 204.945 
303.18 301.203 301.347 300.071 298.38 297.122 296.804 296.441 295.199 293.204 290.899 288.345 285.685 282.824 279.739 276.966 274.308 272.325 270.246 268.307 266.125 263.488 260.733 257.818 254.753 251.89 249.349 246.27 242.303 237.486 232.412 227.012 221.487 216.272 209.902 206.01 204.883 
303.43 301.328 301.785 300.384 298.442 297.122 296.804 296.503 295.261 293.267 290.899 288.345 285.622 282.761 279.677 276.904 274.183 272.2 270.184 268.432 266.312 263.613 260.795 257.818 254.753 251.89 249.224 246.27 242.366 237.548 232.475 227.012 221.362 216.147 209.902 206.197 204.82 
303.617 301.453 302.035 300.571 298.567 297.122 296.804 296.503 295.324 293.204 290.836 288.22 285.56 282.699 279.677 276.904 274.121 272.075 270.059 268.432 266.375 263.738 260.858 257.881 254.815 251.953 249.287 246.333 242.366 237.548 232.412 227.012 221.174 216.022 209.964 206.447 204.758 
303.742 301.578 302.222 300.696 298.567 297.059 296.741 296.441 295.324 293.142 290.711 288.158 285.497 282.636 279.677 276.904 274.121 272.012 269.996 268.37 266.375 263.738 260.858 257.881 254.94 252.14 249.412 246.333 242.366 237.548 232.412 227.012 220.987 215.835 210.027 206.635 204.633 
303.867 301.765 302.222 300.696 298.505 296.997 296.616 296.316 295.199 293.017 290.586 288.033 285.435 282.636 279.739 276.904 274.121 271.887 269.871 268.245 266.25 263.613 260.795 257.881 255.065 252.328 249.537 246.395 242.428 237.611 232.412 226.95 220.862 215.71 210.089 206.76 204.508 
303.93 302.015 302.16 300.634 298.442 296.809 296.429 296.128 295.074 292.954 290.524 287.97 285.435 282.699 279.802 276.966 274.121 271.825 269.684 268.12 266.062 263.488 260.67 257.818 255.19 252.578 249.724 246.458 242.428 237.611 232.35 226.887 220.737 215.585 210.152 206.885 204.32 
303.992 302.265 301.972 300.446 298.38 296.684 296.179 295.878 294.886 292.954 290.524 287.97 285.435 282.761 279.927 277.029 274.183 271.825 269.559 267.87 265.812 263.3 260.545 257.756 255.19 252.765 249.912 246.583 242.491 237.611 232.35 226.825 220.674 215.522 210.214 206.822 204.195 
303.992 302.39 301.847 300.321 298.255 296.622 295.991 295.628 294.699 292.954 290.586 288.033 285.56 282.886 280.052 277.154 274.246 271.825 269.496 267.745 265.625 263.05 260.358 257.631 255.253 252.89 250.037 246.645 242.491 237.673 232.412 226.825 220.737 215.522 210.277 206.635 204.07 
303.992 302.453 301.785 300.196 298.192 296.622 295.866 295.378 294.449 292.892 290.649 288.158 285.685 283.011 280.177 277.216 274.308 271.825 269.496 267.682 265.5 262.925 260.17 257.506 255.19 252.89 250.099 246.645 242.491 237.673 232.412 226.887 220.987 215.647 210.277 206.385 203.945 
303.992 302.453 301.785 300.134 298.192 296.684 295.804 295.191 294.199 292.829 290.711 288.345 285.81 283.136 280.239 277.279 274.371 271.887 269.621 267.745 265.5 262.863 260.108 257.443 255.065 252.89 250.099 246.645 242.428 237.673 232.475 226.887 221.174 215.772 210.214 206.135 203.82 
303.93 302.328 301.722 300.071 298.255 296.747 295.804 295.066 294.011 292.642 290.649 288.408 285.997 283.261 280.364 277.341 274.371 271.95 269.746 267.932 265.625 262.925 260.045 257.318 255.003 252.828 250.037 246.52 242.366 237.611 232.475 226.95 221.424 215.96 210.214 205.885 203.695 
303.93 302.203 301.722 300.071 298.317 296.809 295.804 294.878 293.761 292.454 290.586 288.533 286.122 283.386 280.427 277.404 274.433 272.012 269.809 268.12 265.875 263.05 260.045 257.193 254.815 252.703 249.974 246.395 242.241 237.548 232.537 227.012 221.674 216.147 210.152 205.635 203.633 
303.805 302.078 301.597 300.071 298.38 296.872 295.804 294.753 293.574 292.267 290.524 288.533 286.185 283.511 280.552 277.466 274.496 272.137 269.996 268.245 266.062 263.238 260.17 257.193 254.69 252.578 249.849 246.333 242.116 237.423 232.537 227.137 221.924 216.335 210.152 205.51 203.508 
303.68 301.89 301.472 300.009 298.317 296.934 295.741 294.628 293.386 292.079 290.461 288.595 286.31 283.574 280.614 277.529 274.558 272.262 270.059 268.307 266.125 263.425 260.295 257.256 254.565 252.39 249.724 246.27 241.991 237.298 232.475 227.262 222.174 216.46 210.089 205.385 203.383 
303.492 301.828 301.222 299.946 298.317 296.934 295.741 294.503 293.199 291.954 290.461 288.658 286.435 283.699 280.677 277.654 274.683 272.387 270.184 268.307 266.187 263.488 260.42 257.381 254.565 252.328 249.662 246.145 241.928 237.173 232.475 227.325 222.424 216.585 209.964 205.26 203.258 
303.305 301.703 301.035 299.821 298.255 296.934 295.741 294.378 293.074 291.767 290.399 288.72 286.56 283.824 280.802 277.779 274.808 272.512 270.246 268.37 266.125 263.55 260.545 257.506 254.628 252.328 249.599 246.145 241.866 237.111 232.412 227.45 222.612 216.772 209.902 205.135 203.133 
303.117 301.515 300.91 299.821 298.317 296.997 295.679 294.316 292.949 291.704 290.399 288.783 286.622 283.949 280.927 277.904 274.996 272.637 270.371 268.37 266.125 263.613 260.608 257.568 254.753 252.328 249.599 246.145 241.803 237.048 232.287 227.512 222.799 216.897 209.839 205.072 203.008 
302.867 301.39 300.91 299.884 298.38 296.997 295.679 294.253 292.824 291.579 290.274 288.783 286.685 284.011 280.989 278.029 275.121 272.825 270.496 268.495 266.187 263.613 260.608 257.568 254.753 252.328 249.599 246.145 241.803 236.986 232.225 227.575 222.987 217.022 209.777 204.947 202.82 
302.68 301.265 301.035 300.009 298.442 296.997 295.679 294.253 292.699 291.392 290.211 288.783 286.81 284.074 281.114 278.154 275.308 272.95 270.621 268.62 266.25 263.613 260.608 257.631 254.815 252.328 249.599 246.145 241.803 236.923 232.162 227.575 223.112 217.085 209.777 204.822 202.57 
302.617 301.265 301.16 300.071 298.505 296.934 295.616 294.191 292.636 291.267 290.149 288.783 286.81 284.136 281.177 278.216 275.433 273.012 270.746 268.682 266.312 263.675 260.67 257.631 254.815 252.39 249.662 246.208 241.803 236.861 232.037 227.512 223.174 217.147 209.777 204.822 202.195 
302.617 301.328 301.285 300.196 298.505 296.872 295.491 294.066 292.511 291.142 290.086 288.72 286.81 284.136 281.239 278.341 275.496 273.075 270.809 268.807 266.437 263.738 260.733 257.756 254.94 252.515 249.724 246.208 241.866 236.861 231.975 227.45 223.174 217.147 209.777 204.76 201.758 
302.617 301.39 301.285 300.196 298.505 296.747 295.366 293.878 292.261 290.954 289.961 288.595 286.81 284.136 281.302 278.404 275.621 273.137 270.871 268.87 266.5 263.8 260.795 257.943 255.128 252.64 249.787 246.27 241.866 236.861 231.85 227.387 223.237 217.085 209.777 204.635 201.32 
301.617 300.14 299.16 299.134 299.63 299.934 299.241 297.378 295.074 292.829 290.649 288.408 285.997 283.386 280.364 277.529 274.746 272.262 269.809 267.62 265.375 263.488 261.295 258.818 255.753 252.39 248.599 244.583 240.616 236.298 231.725 226.95 221.174 215.647 209.339 205.697 205.758 
301.867 300.39 299.41 299.196 299.317 299.809 299.241 297.441 295.136 292.892 290.649 288.408 285.997 283.386 280.364 277.591 274.683 272.262 269.809 267.495 265.25 263.425 261.233 258.818 255.69 252.328 248.662 244.77 240.866 236.423 231.787 226.825 220.862 215.585 209.339 206.01 206.07 
302.055 300.64 299.597 299.134 299.067 299.622 299.304 297.503 295.261 292.892 290.649 288.408 285.997 283.386 280.427 277.529 274.683 272.262 269.871 267.495 265.187 263.363 261.233 258.756 255.628 252.39 248.787 245.02 241.116 236.611 231.912 226.637 220.487 215.585 209.339 206.322 206.07 
302.305 300.828 299.847 299.134 298.692 299.372 299.241 297.628 295.324 293.017 290.711 288.408 285.997 283.386 280.427 277.529 274.683 272.325 269.934 267.557 265.125 263.3 261.17 258.756 255.628 252.453 248.912 245.333 241.366 236.736 231.912 226.387 220.237 215.585 209.527 206.635 205.883 
302.555 301.078 300.035 299.071 298.442 298.997 299.179 297.628 295.386 293.017 290.711 288.408 285.997 283.386 280.427 277.529 274.683 272.325 270.059 267.557 265.125 263.238 261.17 258.756 255.628 252.515 249.162 245.583 241.553 236.861 231.912 226.262 220.112 215.71 209.589 206.822 205.445 
302.68 301.203 300.222 299.071 298.192 298.622 298.991 297.628 295.449 293.142 290.774 288.47 285.997 283.386 280.364 277.591 274.683 272.45 270.121 267.62 265.187 263.238 261.108 258.693 255.628 252.515 249.224 245.77 241.741 236.923 231.912 226.137 220.174 215.897 209.777 206.822 205.07 
302.742 301.203 300.285 299.071 298.067 298.372 298.866 297.566 295.511 293.142 290.774 288.408 286.06 283.386 280.427 277.591 274.808 272.512 270.121 267.62 265.187 263.238 261.045 258.631 255.628 252.578 249.349 245.895 241.866 236.986 231.912 226.137 220.487 216.147 209.902 206.76 204.695 
302.742 301.078 300.285 299.071 298.067 298.247 298.616 297.566 295.574 293.267 290.836 288.47 286.06 283.386 280.364 277.654 274.933 272.512 270.059 267.62 265.25 263.238 260.983 258.506 255.565 252.578 249.412 245.895 241.928 237.048 231.912 226.075 220.737 216.335 209.964 206.572 204.508 
302.617 300.89 300.285 299.134 298.067 298.184 298.429 297.503 295.511 293.204 290.899 288.47 286.06 283.324 280.302 277.654 275.058 272.575 270.121 267.62 265.25 263.113 260.92 258.381 255.503 252.578 249.412 245.958 241.928 237.048 231.912 226.137 221.049 216.522 209.902 206.26 204.508 
302.492 300.765 300.285 299.134 298.067 297.997 298.179 297.316 295.449 293.267 290.899 288.47 285.997 283.261 280.239 277.654 275.058 272.7 270.246 267.745 265.25 263.05 260.795 258.256 255.44 252.515 249.474 246.02 241.991 237.111 231.912 226.262 221.299 216.647 209.902 206.072 204.633 
302.43 300.64 300.285 299.196 298.13 297.809 297.929 297.191 295.449 293.204 290.899 288.408 285.997 283.199 280.114 277.529 274.933 272.7 270.371 267.87 265.437 262.988 260.67 258.131 255.315 252.453 249.474 246.083 241.991 237.173 231.975 226.387 221.487 216.71 209.839 205.947 204.82 
302.43 300.578 300.41 299.321 298.13 297.684 297.679 297.003 295.386 293.204 290.899 288.408 285.872 283.074 279.989 277.341 274.808 272.7 270.496 268.057 265.625 262.988 260.545 257.943 255.128 252.265 249.412 246.083 242.053 237.236 232.1 226.512 221.612 216.772 209.839 205.885 204.945 
302.492 300.64 300.597 299.446 298.192 297.559 297.491 296.878 295.324 293.267 290.899 288.408 285.872 282.949 279.864 277.216 274.621 272.637 270.559 268.307 265.812 263.113 260.545 257.818 254.94 252.14 249.349 246.145 242.116 237.298 232.162 226.7 221.674 216.71 209.839 205.885 204.945 
302.742 300.828 300.847 299.696 298.317 297.434 297.366 296.816 295.386 293.267 290.961 288.47 285.81 282.949 279.802 277.091 274.496 272.512 270.496 268.432 266.062 263.3 260.608 257.756 254.815 251.953 249.287 246.208 242.241 237.361 232.225 226.762 221.674 216.647 209.839 206.01 205.008 
302.992 301.14 301.222 299.946 298.38 297.309 297.179 296.816 295.386 293.329 290.961 288.47 285.81 282.886 279.802 277.029 274.308 272.45 270.434 268.495 266.25 263.55 260.67 257.818 254.753 251.828 249.162 246.208 242.241 237.423 232.287 226.887 221.674 216.585 209.839 206.135 205.008 
303.305 301.265 301.535 300.196 298.442 297.247 297.054 296.753 295.386 293.329 290.961 288.47 285.81 282.886 279.802 276.966 274.183 272.262 270.309 268.557 266.437 263.675 260.795 257.818 254.753 251.828 249.162 246.27 242.303 237.486 232.287 226.95 221.487 216.397 209.839 206.322 205.008 
303.492 301.328 301.785 300.384 298.442 297.122 296.929 296.691 295.449 293.329 291.024 288.408 285.747 282.824 279.802 276.966 274.121 272.137 270.184 268.557 266.437 263.8 260.858 257.818 254.815 251.89 249.162 246.27 242.366 237.486 232.287 226.95 221.299 216.272 209.839 206.51 205.008 
303.68 301.39 301.972 300.446 298.442 297.059 296.866 296.628 295.449 293.329 290.961 288.408 285.747 282.824 279.802 276.904 274.121 272.012 270.059 268.495 266.437 263.738 260.858 257.818 254.878 252.015 249.287 246.333 242.428 237.548 232.287 226.887 221.049 216.147 209.902 206.697 204.945 
303.805 301.578 302.035 300.509 298.442 296.997 296.741 296.503 295.386 293.329 290.961 288.408 285.747 282.886 279.802 276.904 274.058 271.95 269.934 268.37 266.312 263.613 260.733 257.818 254.94 252.203 249.537 246.458 242.491 237.611 232.287 226.887 220.862 216.022 209.964 206.885 204.82 
303.867 301.828 301.972 300.446 298.38 296.872 296.554 296.316 295.261 293.329 290.961 288.47 285.81 282.949 279.927 277.029 274.121 271.825 269.746 268.182 266.125 263.488 260.608 257.756 255.003 252.453 249.724 246.583 242.553 237.611 232.287 226.825 220.737 215.897 210.089 206.947 204.695 
303.93 302.078 301.847 300.259 298.255 296.747 296.366 296.128 295.136 293.267 290.961 288.47 285.872 283.074 280.052 277.091 274.121 271.762 269.621 267.995 265.937 263.3 260.483 257.631 255.003 252.578 249.912 246.645 242.553 237.673 232.287 226.762 220.674 215.772 210.089 207.01 204.57 
303.93 302.203 301.722 300.071 298.192 296.684 296.116 295.816 294.949 293.267 291.024 288.533 285.935 283.199 280.177 277.154 274.183 271.762 269.496 267.87 265.812 263.175 260.358 257.568 254.94 252.64 249.974 246.708 242.616 237.673 232.287 226.762 220.737 215.835 210.152 206.885 204.383 
303.867 302.265 301.597 299.946 298.067 296.622 295.929 295.566 294.636 293.142 291.024 288.595 286.06 283.261 280.302 277.216 274.246 271.762 269.496 267.807 265.687 263.05 260.233 257.443 254.94 252.703 250.037 246.708 242.616 237.736 232.35 226.762 220.924 215.897 210.152 206.697 204.195 
303.805 302.14 301.535 299.884 298.067 296.622 295.804 295.316 294.386 292.954 290.961 288.72 286.185 283.386 280.427 277.341 274.308 271.825 269.559 267.807 265.687 263.05 260.17 257.381 254.878 252.703 250.037 246.708 242.553 237.673 232.35 226.762 221.112 215.96 210.152 206.447 204.07 
303.742 302.078 301.472 299.821 298.067 296.684 295.804 295.066 294.074 292.829 290.961 288.783 286.31 283.574 280.552 277.404 274.371 271.887 269.621 267.932 265.75 263.113 260.17 257.318 254.753 252.64 249.974 246.583 242.491 237.673 232.412 226.825 221.299 216.085 210.152 206.135 203.945 
303.68 301.828 301.347 299.759 298.067 296.747 295.741 294.941 293.824 292.579 290.836 288.783 286.435 283.636 280.677 277.466 274.371 271.95 269.684 268.057 265.875 263.175 260.233 257.256 254.69 252.515 249.912 246.52 242.366 237.611 232.412 226.887 221.549 216.272 210.089 205.947 203.82 
303.555 301.64 301.222 299.696 298.067 296.747 295.741 294.753 293.574 292.392 290.711 288.845 286.497 283.699 280.802 277.591 274.496 272.075 269.809 268.12 265.937 263.3 260.233 257.256 254.628 252.39 249.787 246.395 242.241 237.486 232.475 227.012 221.862 216.397 210.089 205.76 203.695 
303.367 301.453 301.035 299.571 298.005 296.747 295.741 294.628 293.386 292.204 290.649 288.845 286.56 283.824 280.864 277.716 274.621 272.2 269.871 268.12 266 263.363 260.358 257.318 254.565 252.328 249.662 246.27 242.116 237.423 232.475 227.137 222.112 216.522 210.027 205.635 203.57 
303.18 301.39 300.847 299.446 297.942 296.747 295.679 294.503 293.261 292.017 290.586 288.845 286.685 283.949 280.927 277.779 274.746 272.262 269.996 268.12 266 263.425 260.42 257.443 254.628 252.265 249.599 246.208 242.053 237.298 232.412 227.262 222.299 216.647 209.964 205.51 203.445 
302.93 301.265 300.66 299.384 297.817 296.747 295.741 294.441 293.136 291.892 290.524 288.908 286.747 284.011 280.989 277.904 274.871 272.387 270.059 268.182 265.937 263.425 260.483 257.506 254.69 252.265 249.537 246.145 241.928 237.236 232.412 227.325 222.549 216.772 209.902 205.385 203.32 
302.742 301.203 300.535 299.259 297.817 296.747 295.741 294.378 293.011 291.767 290.461 288.908 286.81 284.136 281.114 278.029 275.058 272.512 270.184 268.182 265.937 263.425 260.545 257.568 254.753 252.328 249.537 246.083 241.866 237.111 232.35 227.387 222.674 216.897 209.839 205.26 203.133 
302.555 301.078 300.472 299.259 297.88 296.809 295.741 294.378 292.886 291.642 290.336 288.845 286.872 284.199 281.239 278.154 275.183 272.7 270.309 268.245 266 263.55 260.608 257.631 254.815 252.328 249.537 246.083 241.803 237.048 232.225 227.387 222.862 217.022 209.777 205.197 202.945 
302.43 300.953 300.472 299.384 297.942 296.809 295.741 294.378 292.761 291.454 290.274 288.783 286.872 284.261 281.302 278.279 275.371 272.887 270.496 268.432 266.062 263.55 260.67 257.693 254.815 252.328 249.537 246.083 241.803 236.986 232.162 227.387 222.987 217.085 209.777 205.135 202.758 
302.242 300.89 300.597 299.446 297.942 296.747 295.616 294.316 292.699 291.329 290.149 288.72 286.872 284.261 281.427 278.404 275.496 273.012 270.621 268.557 266.187 263.613 260.67 257.693 254.815 252.328 249.537 246.083 241.803 236.923 232.037 227.325 223.049 217.147 209.777 205.072 202.445 
302.18 300.89 300.722 299.509 297.942 296.559 295.491 294.191 292.574 291.142 290.024 288.658 286.872 284.261 281.489 278.466 275.621 273.075 270.746 268.62 266.312 263.738 260.795 257.756 254.878 252.39 249.599 246.145 241.803 236.923 231.975 227.325 223.049 217.21 209.777 205.01 202.008 
302.117 300.89 300.722 299.509 297.88 296.434 295.366 294.003 292.324 290.954 289.836 288.47 286.81 284.261 281.489 278.591 275.746 273.137 270.871 268.745 266.437 263.863 260.92 257.943 255.065 252.515 249.662 246.208 241.866 236.923 231.85 227.325 223.112 217.147 209.714 204.885 201.57 
301.555 300.14 299.035 299.384 300.005 300.059 299.116 297.191 294.949 292.767 290.649 288.408 285.997 283.386 280.427 277.654 274.933 272.387 269.809 267.37 265 263.113 261.045 258.756 255.815 252.453 248.662 244.708 240.616 236.173 231.475 226.95 221.674 215.71 209.339 205.76 205.445 
301.805 300.39 299.347 299.446 299.817 299.997 299.179 297.253 295.011 292.767 290.586 288.408 285.997 283.449 280.489 277.716 274.933 272.387 269.809 267.37 264.937 263.05 260.983 258.693 255.753 252.39 248.662 244.77 240.741 236.298 231.662 226.95 221.424 215.71 209.277 205.885 205.945 
302.055 300.64 299.597 299.446 299.442 299.809 299.241 297.378 295.074 292.829 290.586 288.345 285.997 283.449 280.552 277.779 274.996 272.45 269.871 267.37 264.875 262.988 260.983 258.693 255.69 252.39 248.724 244.895 240.928 236.486 231.725 226.825 221.049 215.647 209.339 206.135 206.195 
302.367 300.89 299.847 299.384 299.067 299.497 299.179 297.441 295.136 292.829 290.586 288.345 285.997 283.449 280.552 277.779 274.996 272.512 269.996 267.37 264.875 262.925 260.92 258.693 255.628 252.39 248.849 245.145 241.178 236.611 231.787 226.7 220.674 215.647 209.402 206.385 206.258 
302.555 301.078 300.035 299.259 298.63 299.059 299.054 297.441 295.199 292.892 290.586 288.345 285.997 283.449 280.552 277.779 275.058 272.637 270.121 267.432 264.875 262.863 260.858 258.693 255.628 252.453 248.974 245.395 241.366 236.736 231.85 226.575 220.362 215.71 209.527 206.697 206.07 
302.742 301.203 300.285 299.134 298.255 298.559 298.866 297.441 295.199 292.954 290.586 288.345 285.935 283.386 280.489 277.841 275.183 272.7 270.246 267.557 264.937 262.863 260.858 258.631 255.565 252.515 249.162 245.583 241.553 236.798 231.85 226.387 220.299 215.835 209.652 206.885 205.758 
302.742 301.203 300.347 299.071 298.005 298.247 298.679 297.378 295.261 292.954 290.586 288.283 285.935 283.324 280.427 277.841 275.246 272.825 270.309 267.62 264.937 262.925 260.858 258.568 255.565 252.515 249.287 245.708 241.678 236.861 231.85 226.325 220.424 215.96 209.777 206.947 205.32 
302.742 301.078 300.347 299.009 297.88 298.059 298.491 297.378 295.324 292.954 290.586 288.22 285.872 283.261 280.364 277.841 275.371 272.95 270.371 267.62 265 262.925 260.858 258.506 255.503 252.515 249.349 245.77 241.803 236.923 231.85 226.262 220.674 216.21 209.902 206.947 205.008 
302.617 300.953 300.347 299.009 297.942 298.059 298.366 297.378 295.324 292.954 290.586 288.22 285.872 283.261 280.302 277.779 275.308 273.012 270.496 267.682 265.125 262.925 260.795 258.443 255.503 252.515 249.349 245.895 241.803 236.986 231.85 226.262 220.987 216.397 209.964 206.76 204.82 
302.492 300.765 300.347 299.071 298.005 298.059 298.241 297.316 295.324 293.017 290.649 288.22 285.872 283.199 280.177 277.716 275.183 273.012 270.559 267.807 265.187 262.863 260.733 258.318 255.44 252.453 249.349 245.895 241.866 237.048 231.85 226.325 221.299 216.522 209.964 206.572 204.82 
302.367 300.578 300.285 299.134 298.13 298.059 298.179 297.316 295.386 293.079 290.711 288.283 285.872 283.136 280.052 277.529 274.996 272.95 270.684 267.995 265.375 262.863 260.608 258.193 255.315 252.328 249.349 245.958 241.928 237.111 231.912 226.45 221.487 216.647 209.964 206.385 204.883 
302.367 300.453 300.347 299.259 298.192 298.059 298.116 297.253 295.324 293.142 290.711 288.283 285.81 283.011 279.989 277.341 274.808 272.825 270.746 268.245 265.625 262.925 260.545 258.006 255.19 252.203 249.349 246.02 241.991 237.173 231.975 226.575 221.674 216.71 209.902 206.322 205.008 
302.43 300.453 300.535 299.384 298.317 297.997 297.991 297.191 295.386 293.142 290.774 288.345 285.81 283.011 279.927 277.216 274.621 272.7 270.746 268.432 265.875 263.113 260.545 257.881 255.065 252.078 249.224 246.083 242.053 237.236 232.037 226.637 221.799 216.772 209.902 206.197 205.07 
302.555 300.703 300.722 299.571 298.38 297.872 297.866 297.128 295.386 293.204 290.836 288.408 285.872 283.011 279.864 277.154 274.433 272.575 270.684 268.557 266.125 263.3 260.608 257.818 254.94 251.953 249.162 246.083 242.116 237.298 232.1 226.762 221.862 216.772 209.839 206.26 205.07 
302.805 301.015 300.972 299.759 298.38 297.684 297.679 297.066 295.386 293.204 290.899 288.47 285.872 283.011 279.864 277.029 274.308 272.45 270.496 268.62 266.375 263.55 260.67 257.818 254.878 251.828 249.099 246.145 242.241 237.361 232.162 226.762 221.799 216.71 209.839 206.322 205.195 
303.117 301.203 301.222 299.946 298.442 297.559 297.429 297.003 295.386 293.267 290.961 288.47 285.872 283.011 279.927 277.029 274.183 272.262 270.371 268.62 266.437 263.675 260.795 257.818 254.815 251.828 249.099 246.208 242.303 237.423 232.225 226.825 221.674 216.585 209.839 206.447 205.258 
303.305 301.203 301.472 300.134 298.442 297.372 297.304 296.878 295.386 293.329 291.024 288.533 285.935 283.011 279.927 276.966 274.121 272.137 270.184 268.557 266.5 263.738 260.795 257.818 254.815 251.89 249.162 246.27 242.366 237.486 232.225 226.887 221.487 216.46 209.839 206.635 205.258 
303.492 301.203 301.66 300.259 298.442 297.247 297.116 296.816 295.386 293.329 291.086 288.595 285.935 283.074 279.989 276.966 274.058 272.012 269.996 268.495 266.437 263.675 260.733 257.756 254.878 252.015 249.224 246.333 242.491 237.548 232.162 226.887 221.237 216.335 209.839 206.822 205.258 
303.68 301.328 301.785 300.321 298.442 297.122 296.929 296.628 295.386 293.392 291.086 288.658 285.997 283.136 279.989 277.029 274.058 271.95 269.871 268.37 266.312 263.55 260.67 257.693 254.878 252.078 249.412 246.458 242.553 237.611 232.162 226.887 221.049 216.21 209.902 206.947 205.258 
303.805 301.578 301.722 300.259 298.38 297.059 296.679 296.441 295.324 293.392 291.149 288.72 286.122 283.261 280.114 277.091 274.058 271.825 269.746 268.245 266.187 263.425 260.483 257.631 254.878 252.203 249.599 246.583 242.616 237.673 232.225 226.825 220.924 216.085 209.964 207.072 205.133 
303.805 301.828 301.66 300.134 298.317 296.934 296.429 296.253 295.199 293.392 291.211 288.783 286.185 283.324 280.239 277.091 274.058 271.762 269.621 268.12 266.062 263.3 260.42 257.568 254.878 252.328 249.724 246.645 242.678 237.673 232.162 226.762 220.862 215.96 210.027 207.135 205.008 
303.805 302.015 301.472 299.946 298.192 296.747 296.179 295.941 295.011 293.329 291.211 288.845 286.31 283.449 280.364 277.216 274.121 271.7 269.496 267.932 265.875 263.175 260.295 257.443 254.815 252.39 249.849 246.77 242.741 237.736 232.225 226.7 220.862 215.96 210.027 207.01 204.82 
303.742 302.015 301.347 299.821 298.067 296.684 295.991 295.628 294.761 293.204 291.211 288.908 286.435 283.574 280.489 277.279 274.183 271.7 269.496 267.87 265.75 263.113 260.295 257.443 254.815 252.453 249.849 246.77 242.741 237.736 232.225 226.7 220.924 215.96 210.027 206.885 204.633 
303.617 301.89 301.222 299.634 298.005 296.622 295.804 295.316 294.449 293.017 291.149 288.97 286.497 283.699 280.614 277.404 274.246 271.762 269.496 267.87 265.75 263.113 260.233 257.443 254.753 252.453 249.912 246.708 242.678 237.736 232.287 226.7 221.049 216.022 210.089 206.635 204.445 
303.492 301.765 301.097 299.571 297.942 296.622 295.679 295.066 294.136 292.829 291.086 289.033 286.622 283.824 280.739 277.529 274.308 271.825 269.559 267.87 265.75 263.113 260.295 257.381 254.69 252.39 249.849 246.645 242.616 237.736 232.35 226.762 221.237 216.147 210.089 206.447 204.32 
303.367 301.515 300.91 299.509 297.942 296.622 295.616 294.816 293.886 292.642 290.961 289.033 286.685 283.886 280.864 277.591 274.433 271.887 269.621 267.87 265.812 263.175 260.295 257.381 254.628 252.328 249.787 246.52 242.491 237.673 232.35 226.825 221.487 216.272 210.089 206.197 204.133 
303.18 301.265 300.785 299.384 297.88 296.622 295.616 294.691 293.636 292.392 290.836 289.033 286.747 284.011 280.927 277.716 274.558 272.012 269.684 267.932 265.812 263.238 260.358 257.381 254.565 252.265 249.724 246.458 242.366 237.611 232.412 226.887 221.737 216.397 210.027 206.01 204.008 
303.055 301.078 300.66 299.259 297.755 296.622 295.616 294.566 293.386 292.204 290.774 289.033 286.747 284.074 281.052 277.841 274.683 272.137 269.746 267.932 265.812 263.3 260.358 257.381 254.565 252.265 249.599 246.333 242.241 237.486 232.412 227.012 221.987 216.522 210.027 205.885 203.883 
302.867 301.015 300.472 299.071 297.63 296.559 295.616 294.441 293.261 292.079 290.649 289.033 286.872 284.136 281.114 277.904 274.808 272.2 269.871 267.932 265.812 263.238 260.42 257.506 254.628 252.265 249.537 246.208 242.178 237.361 232.412 227.137 222.174 216.585 209.964 205.822 203.758 
302.68 300.953 300.285 298.884 297.442 296.559 295.616 294.441 293.136 291.954 290.586 289.033 286.872 284.199 281.239 278.091 274.933 272.325 269.934 267.995 265.75 263.3 260.483 257.568 254.753 252.265 249.537 246.145 242.053 237.298 232.412 227.2 222.424 216.71 209.964 205.635 203.57 
302.492 300.89 300.097 298.759 297.38 296.559 295.679 294.378 293.074 291.829 290.524 288.97 286.935 284.261 281.302 278.216 275.121 272.45 269.996 267.932 265.75 263.238 260.545 257.631 254.815 252.265 249.474 246.083 241.928 237.173 232.287 227.262 222.549 216.835 209.902 205.51 203.383 
302.367 300.89 300.035 298.696 297.38 296.559 295.679 294.441 292.949 291.704 290.399 288.97 286.997 284.324 281.427 278.341 275.246 272.637 270.121 268.057 265.812 263.363 260.545 257.693 254.878 252.328 249.474 246.02 241.866 237.111 232.225 227.262 222.737 216.96 209.839 205.447 203.195 
302.242 300.828 300.035 298.696 297.38 296.559 295.679 294.441 292.949 291.579 290.336 288.845 286.997 284.386 281.489 278.404 275.433 272.762 270.309 268.182 265.875 263.425 260.608 257.756 254.878 252.265 249.474 246.02 241.803 237.048 232.162 227.262 222.799 217.085 209.839 205.385 202.883 
302.055 300.765 300.035 298.759 297.38 296.434 295.679 294.441 292.824 291.392 290.211 288.783 286.935 284.386 281.552 278.529 275.558 272.95 270.496 268.37 266.062 263.55 260.733 257.818 254.878 252.265 249.474 246.02 241.803 236.923 232.037 227.262 222.924 217.147 209.777 205.322 202.633 
301.93 300.64 300.16 298.821 297.38 296.247 295.554 294.316 292.699 291.204 290.024 288.658 286.935 284.449 281.677 278.654 275.683 273.075 270.621 268.432 266.125 263.613 260.795 257.881 254.94 252.265 249.412 246.02 241.803 236.923 231.912 227.2 222.987 217.147 209.777 205.197 202.258 
301.742 300.578 300.16 298.821 297.317 296.122 295.366 294.191 292.511 291.017 289.836 288.47 286.872 284.386 281.677 278.716 275.871 273.137 270.746 268.62 266.312 263.8 260.983 258.068 255.065 252.39 249.537 246.083 241.803 236.923 231.85 227.2 223.049 217.147 209.714 205.072 201.82 
301.492 300.078 299.035 299.759 300.505 300.247 299.054 297.003 294.886 292.767 290.711 288.47 285.997 283.386 280.427 277.654 274.996 272.45 269.809 267.307 264.812 262.863 260.733 258.443 255.628 252.39 248.662 244.708 240.678 236.236 231.412 226.7 222.049 215.71 209.402 206.01 205.258 
301.805 300.39 299.347 299.884 300.38 300.184 299.116 297.128 294.949 292.767 290.711 288.47 286.06 283.449 280.489 277.716 275.058 272.512 269.871 267.307 264.75 262.8 260.733 258.443 255.565 252.328 248.724 244.77 240.741 236.298 231.475 226.825 221.924 215.772 209.402 206.01 205.695 
302.055 300.64 299.66 299.821 300.067 300.059 299.179 297.253 295.011 292.767 290.711 288.47 285.997 283.449 280.552 277.841 275.121 272.575 269.934 267.307 264.75 262.738 260.67 258.443 255.503 252.265 248.724 244.895 240.866 236.423 231.6 226.825 221.612 215.71 209.402 206.072 206.07 
302.367 300.89 299.91 299.759 299.63 299.809 299.116 297.316 295.011 292.829 290.649 288.408 285.997 283.449 280.552 277.841 275.183 272.637 270.059 267.37 264.75 262.675 260.608 258.443 255.503 252.328 248.787 245.02 241.053 236.548 231.662 226.762 221.237 215.71 209.402 206.26 206.32 
302.555 301.078 300.097 299.571 299.192 299.372 299.054 297.316 295.074 292.829 290.586 288.345 285.997 283.449 280.552 277.904 275.308 272.762 270.184 267.432 264.75 262.675 260.608 258.443 255.44 252.328 248.912 245.208 241.241 236.673 231.725 226.7 220.862 215.71 209.464 206.572 206.383 
302.742 301.203 300.285 299.446 298.692 298.934 298.929 297.316 295.074 292.829 290.524 288.283 285.935 283.386 280.489 277.966 275.433 272.887 270.309 267.495 264.812 262.675 260.608 258.443 255.44 252.39 249.037 245.395 241.366 236.736 231.787 226.575 220.612 215.772 209.589 206.822 206.195 
302.742 301.265 300.41 299.259 298.317 298.622 298.741 297.316 295.074 292.767 290.524 288.22 285.872 283.261 280.427 277.966 275.496 273.075 270.496 267.62 264.875 262.675 260.608 258.443 255.44 252.39 249.162 245.52 241.553 236.861 231.787 226.45 220.487 215.897 209.777 207.072 205.945 
302.742 301.14 300.41 299.071 298.067 298.372 298.554 297.253 295.136 292.829 290.461 288.158 285.81 283.199 280.302 277.904 275.496 273.137 270.621 267.682 264.937 262.675 260.67 258.443 255.44 252.39 249.224 245.645 241.616 236.923 231.787 226.387 220.612 216.085 209.902 207.135 205.57 
302.617 300.953 300.41 299.009 298.005 298.247 298.429 297.253 295.136 292.829 290.461 288.158 285.81 283.136 280.239 277.841 275.433 273.2 270.746 267.807 265.062 262.675 260.67 258.381 255.44 252.39 249.224 245.708 241.741 236.986 231.787 226.387 220.862 216.21 210.027 207.072 205.32 
302.492 300.765 300.347 298.946 298.067 298.247 298.429 297.253 295.199 292.892 290.524 288.158 285.81 283.074 280.114 277.716 275.246 273.137 270.809 267.932 265.187 262.738 260.608 258.318 255.378 252.328 249.224 245.708 241.803 237.048 231.85 226.45 221.174 216.397 210.089 206.947 205.195 
302.367 300.578 300.285 299.009 298.13 298.247 298.429 297.316 295.199 292.892 290.586 288.158 285.81 283.074 280.052 277.529 274.996 273.075 270.871 268.12 265.375 262.738 260.545 258.193 255.315 252.265 249.162 245.77 241.866 237.111 231.85 226.512 221.487 216.522 210.089 206.76 205.133 
302.305 300.453 300.347 299.134 298.255 298.309 298.429 297.316 295.199 292.954 290.586 288.22 285.81 283.074 280.052 277.341 274.746 272.887 270.871 268.307 265.625 262.863 260.483 258.068 255.253 252.14 249.099 245.833 241.928 237.111 231.912 226.575 221.674 216.585 210.089 206.697 205.195 
302.305 300.39 300.472 299.321 298.38 298.372 298.429 297.378 295.261 293.017 290.649 288.22 285.81 283.074 279.989 277.279 274.558 272.762 270.746 268.432 265.875 262.988 260.483 257.943 255.128 252.078 249.037 245.895 241.991 237.173 231.975 226.637 221.862 216.647 210.027 206.572 205.258 
302.43 300.578 300.597 299.509 298.505 298.309 298.304 297.316 295.261 293.079 290.711 288.283 285.81 283.074 279.989 277.154 274.371 272.575 270.621 268.557 266.062 263.238 260.545 257.818 255.065 251.953 248.974 245.958 242.053 237.236 232.037 226.7 221.924 216.71 209.964 206.51 205.32 
302.617 300.89 300.785 299.634 298.505 298.122 298.116 297.253 295.261 293.079 290.774 288.345 285.872 283.074 279.989 277.154 274.246 272.387 270.496 268.557 266.25 263.425 260.608 257.818 255.003 251.953 248.974 246.02 242.178 237.298 232.1 226.762 221.924 216.71 209.902 206.572 205.383 
302.867 301.078 301.035 299.759 298.505 297.934 297.929 297.191 295.324 293.142 290.836 288.47 285.935 283.136 280.052 277.091 274.183 272.2 270.246 268.557 266.375 263.55 260.67 257.818 254.94 251.89 249.037 246.145 242.241 237.361 232.1 226.825 221.799 216.647 209.902 206.635 205.508 
303.117 301.078 301.222 299.884 298.505 297.747 297.679 297.066 295.324 293.142 290.899 288.533 285.997 283.199 280.114 277.091 274.121 272.075 270.121 268.495 266.375 263.613 260.67 257.756 254.878 251.89 249.099 246.145 242.366 237.486 232.1 226.887 221.612 216.522 209.839 206.697 205.57 
303.305 301.078 301.347 300.009 298.505 297.559 297.429 296.878 295.324 293.204 290.961 288.595 286.06 283.261 280.177 277.091 274.058 271.95 269.934 268.432 266.375 263.55 260.67 257.693 254.878 251.953 249.162 246.27 242.428 237.548 232.1 226.887 221.424 216.397 209.839 206.822 205.633 
303.492 301.203 301.472 300.134 298.505 297.372 297.179 296.753 295.261 293.267 291.024 288.72 286.185 283.324 280.239 277.154 274.058 271.887 269.809 268.307 266.312 263.488 260.545 257.568 254.878 252.015 249.287 246.395 242.553 237.611 232.1 226.887 221.299 216.272 209.839 207.01 205.633 
303.617 301.39 301.41 300.071 298.505 297.184 296.866 296.503 295.199 293.267 291.149 288.783 286.31 283.449 280.364 277.216 274.058 271.825 269.684 268.245 266.187 263.363 260.42 257.506 254.815 252.078 249.412 246.52 242.678 237.673 232.1 226.825 221.112 216.147 209.839 207.072 205.633 
303.68 301.64 301.285 300.009 298.38 297.059 296.616 296.253 295.074 293.267 291.211 288.908 286.372 283.574 280.489 277.279 274.121 271.762 269.559 268.057 266 263.238 260.358 257.443 254.753 252.078 249.537 246.645 242.741 237.736 232.1 226.825 221.049 216.085 209.902 207.135 205.508 
303.617 301.828 301.222 299.884 298.317 296.934 296.304 295.941 294.949 293.204 291.274 288.97 286.497 283.636 280.614 277.341 274.121 271.7 269.496 267.932 265.812 263.175 260.295 257.443 254.753 252.14 249.599 246.708 242.803 237.736 232.1 226.762 220.987 216.022 209.902 207.135 205.32 
303.555 301.828 301.035 299.696 298.192 296.809 295.991 295.566 294.699 293.142 291.211 289.033 286.622 283.761 280.677 277.404 274.183 271.7 269.434 267.807 265.687 263.113 260.295 257.443 254.753 252.203 249.662 246.708 242.803 237.736 232.162 226.7 221.049 215.96 209.902 207.01 205.133 
303.367 301.64 300.847 299.509 298.067 296.747 295.804 295.253 294.449 293.017 291.211 289.095 286.685 283.824 280.739 277.466 274.308 271.762 269.434 267.745 265.625 263.113 260.295 257.443 254.69 252.203 249.724 246.708 242.741 237.798 232.225 226.7 221.112 216.022 209.964 206.822 204.945 
303.242 301.453 300.722 299.384 298.005 296.684 295.679 295.003 294.136 292.829 291.149 289.158 286.747 283.949 280.864 277.591 274.371 271.825 269.434 267.682 265.625 263.05 260.295 257.443 254.628 252.203 249.724 246.645 242.678 237.736 232.225 226.7 221.237 216.085 209.964 206.635 204.758 
303.055 301.14 300.535 299.259 297.942 296.622 295.554 294.753 293.886 292.642 291.024 289.158 286.81 284.074 280.989 277.716 274.433 271.887 269.496 267.745 265.625 263.113 260.295 257.443 254.628 252.203 249.662 246.52 242.553 237.673 232.287 226.7 221.424 216.21 210.027 206.51 204.57 
302.867 300.89 300.41 299.134 297.817 296.559 295.491 294.566 293.574 292.392 290.961 289.158 286.872 284.136 281.052 277.779 274.558 272.012 269.559 267.745 265.625 263.113 260.295 257.443 254.628 252.14 249.599 246.458 242.428 237.611 232.287 226.762 221.612 216.335 210.027 206.322 204.445 
302.68 300.765 300.285 299.009 297.63 296.497 295.491 294.441 293.386 292.204 290.836 289.095 286.872 284.199 281.177 277.904 274.683 272.075 269.621 267.807 265.625 263.113 260.358 257.443 254.628 252.14 249.537 246.333 242.366 237.548 232.287 226.887 221.799 216.46 210.027 206.197 204.258 
302.492 300.703 300.097 298.821 297.442 296.372 295.429 294.316 293.199 292.079 290.711 289.095 286.935 284.261 281.239 278.091 274.933 272.2 269.746 267.807 265.562 263.113 260.358 257.506 254.69 252.14 249.474 246.27 242.241 237.423 232.35 226.95 222.049 216.522 209.964 206.072 204.07 
302.367 300.703 299.91 298.571 297.255 296.372 295.429 294.316 293.074 291.954 290.649 289.095 286.997 284.324 281.364 278.216 275.058 272.325 269.871 267.807 265.562 263.113 260.358 257.568 254.753 252.203 249.474 246.208 242.116 237.423 232.35 227.075 222.237 216.647 209.964 205.947 203.883 
302.242 300.703 299.722 298.384 297.067 296.309 295.491 294.316 293.074 291.892 290.586 289.095 287.06 284.386 281.427 278.279 275.183 272.45 269.871 267.807 265.5 263.05 260.42 257.631 254.878 252.203 249.412 246.145 241.991 237.298 232.287 227.137 222.424 216.772 209.902 205.76 203.633 
302.18 300.703 299.597 298.259 296.942 296.309 295.554 294.316 293.011 291.767 290.524 289.033 287.06 284.449 281.552 278.404 275.308 272.575 269.996 267.87 265.562 263.175 260.483 257.693 254.94 252.265 249.412 246.083 241.928 237.236 232.225 227.137 222.549 216.835 209.902 205.697 203.383 
302.117 300.703 299.597 298.196 296.88 296.184 295.554 294.441 293.011 291.642 290.399 288.908 287.122 284.511 281.614 278.529 275.496 272.7 270.121 267.932 265.625 263.238 260.608 257.818 254.94 252.265 249.412 245.958 241.866 237.111 232.162 227.137 222.674 216.96 209.839 205.572 203.133 
301.93 300.64 299.597 298.134 296.88 296.059 295.554 294.441 292.949 291.517 290.274 288.783 287.06 284.511 281.677 278.654 275.621 272.887 270.309 268.057 265.75 263.363 260.733 257.881 254.94 252.203 249.349 245.895 241.741 237.048 232.037 227.137 222.799 217.085 209.777 205.51 202.883 
301.805 300.515 299.597 298.134 296.817 295.934 295.429 294.441 292.824 291.392 290.149 288.72 287.06 284.511 281.739 278.716 275.746 272.95 270.434 268.245 265.937 263.488 260.795 258.006 255.003 252.265 249.287 245.895 241.741 236.986 231.975 227.137 222.862 217.085 209.777 205.385 202.508 
301.617 300.39 299.597 298.134 296.817 295.809 295.366 294.316 292.636 291.142 289.961 288.533 286.997 284.511 281.802 278.841 275.871 273.075 270.621 268.37 266.062 263.675 260.983 258.131 255.128 252.265 249.349 245.895 241.741 236.923 231.912 227.137 222.924 217.147 209.714 205.197 202.133 
301.492 300.015 298.972 299.946 300.817 300.309 298.929 296.878 294.824 292.892 290.899 288.533 286.06 283.324 280.427 277.654 274.996 272.45 269.809 267.307 264.812 262.8 260.545 258.131 255.253 252.14 248.537 244.645 240.741 236.423 231.412 226.45 222.237 215.647 209.527 206.447 205.195 
301.742 300.328 299.347 300.134 300.817 300.309 299.054 297.066 294.886 292.892 290.836 288.533 286.06 283.386 280.489 277.716 275.058 272.512 269.809 267.307 264.812 262.675 260.483 258.131 255.253 252.14 248.537 244.708 240.741 236.423 231.475 226.575 222.299 215.71 209.527 206.322 205.57 
302.055 300.64 299.66 300.259 300.63 300.247 299.116 297.128 294.949 292.892 290.774 288.533 286.06 283.449 280.489 277.779 275.121 272.512 269.871 267.307 264.75 262.675 260.483 258.131 255.253 252.14 248.599 244.77 240.803 236.486 231.537 226.7 222.112 215.772 209.527 206.26 205.883 
302.367 300.89 299.91 300.196 300.255 300.059 299.116 297.253 295.011 292.829 290.711 288.47 285.997 283.449 280.552 277.841 275.246 272.637 269.934 267.37 264.75 262.613 260.42 258.131 255.253 252.14 248.662 244.833 240.928 236.611 231.6 226.7 221.862 215.772 209.527 206.322 206.195 
302.555 301.078 300.16 300.009 299.817 299.809 299.054 297.316 295.011 292.767 290.649 288.345 285.935 283.386 280.552 277.966 275.371 272.762 270.059 267.432 264.75 262.613 260.483 258.131 255.253 252.203 248.724 245.02 241.116 236.673 231.6 226.637 221.487 215.772 209.527 206.51 206.383 
302.68 301.203 300.347 299.821 299.317 299.434 298.991 297.253 295.011 292.767 290.524 288.283 285.872 283.324 280.552 277.966 275.433 272.887 270.246 267.495 264.812 262.613 260.483 258.193 255.315 252.265 248.849 245.145 241.241 236.736 231.662 226.575 221.174 215.772 209.652 206.822 206.383 
302.742 301.265 300.472 299.571 298.88 299.059 298.804 297.191 295.011 292.767 290.524 288.22 285.81 283.261 280.427 277.966 275.496 273.012 270.434 267.557 264.875 262.613 260.483 258.256 255.315 252.265 248.912 245.27 241.366 236.861 231.662 226.512 220.862 215.835 209.777 207.01 206.258 
302.742 301.203 300.472 299.321 298.505 298.809 298.679 297.191 295.011 292.767 290.461 288.22 285.81 283.199 280.364 277.966 275.558 273.137 270.559 267.682 264.937 262.613 260.545 258.318 255.378 252.265 248.974 245.395 241.491 236.923 231.725 226.45 220.799 215.897 209.902 207.197 206.008 
302.68 301.015 300.41 299.071 298.255 298.559 298.554 297.128 294.949 292.704 290.461 288.158 285.747 283.136 280.239 277.841 275.433 273.2 270.746 267.87 265.062 262.613 260.545 258.318 255.378 252.265 248.974 245.458 241.553 236.986 231.787 226.45 220.924 216.085 210.089 207.26 205.82 
302.555 300.828 300.347 298.946 298.13 298.434 298.491 297.191 295.011 292.767 290.461 288.095 285.747 283.074 280.177 277.716 275.246 273.137 270.809 267.995 265.187 262.675 260.545 258.256 255.378 252.203 248.974 245.52 241.678 237.048 231.85 226.45 221.112 216.21 210.152 207.197 205.633 
302.43 300.64 300.285 298.884 298.192 298.434 298.554 297.253 295.074 292.767 290.461 288.158 285.747 283.074 280.114 277.591 274.996 273.075 270.871 268.12 265.375 262.675 260.483 258.193 255.315 252.14 248.912 245.52 241.741 237.111 231.85 226.512 221.362 216.335 210.152 207.072 205.508 
302.305 300.515 300.285 299.009 298.317 298.497 298.554 297.316 295.074 292.829 290.524 288.158 285.81 283.074 280.114 277.466 274.808 272.887 270.809 268.245 265.562 262.8 260.42 258.068 255.253 252.078 248.849 245.583 241.803 237.111 231.912 226.637 221.612 216.397 210.152 206.947 205.508 
302.305 300.453 300.347 299.134 298.38 298.497 298.554 297.378 295.136 292.892 290.586 288.158 285.81 283.136 280.114 277.341 274.558 272.7 270.684 268.307 265.75 262.863 260.42 258.006 255.19 252.015 248.849 245.645 241.866 237.173 231.975 226.7 221.862 216.46 210.152 206.822 205.508 
302.367 300.578 300.472 299.321 298.505 298.497 298.491 297.378 295.136 292.892 290.586 288.22 285.872 283.136 280.177 277.279 274.371 272.512 270.559 268.37 265.937 263.05 260.483 257.943 255.128 251.953 248.849 245.708 241.928 237.173 231.975 226.762 221.924 216.585 210.089 206.76 205.57 
302.555 300.828 300.66 299.446 298.567 298.434 298.429 297.378 295.136 292.892 290.649 288.283 285.872 283.199 280.239 277.216 274.246 272.325 270.309 268.37 266.062 263.238 260.483 257.881 255.065 251.953 248.849 245.833 241.991 237.298 232.037 226.762 221.987 216.585 209.964 206.76 205.633 
302.742 301.015 300.847 299.571 298.567 298.247 298.241 297.253 295.199 292.954 290.711 288.345 285.935 283.261 280.239 277.216 274.183 272.137 270.121 268.37 266.187 263.363 260.545 257.818 255.003 251.953 248.912 245.958 242.116 237.361 232.037 226.825 221.987 216.522 209.964 206.76 205.758 
302.93 301.078 300.972 299.696 298.567 297.997 297.929 297.128 295.199 292.954 290.711 288.408 285.997 283.324 280.302 277.279 274.121 272.012 269.934 268.307 266.187 263.363 260.545 257.756 254.94 251.89 248.974 246.083 242.303 237.423 232.037 226.887 221.862 216.46 209.902 206.76 205.82 
303.117 301.078 301.097 299.821 298.567 297.809 297.679 296.941 295.199 293.017 290.774 288.533 286.06 283.386 280.364 277.279 274.121 271.887 269.809 268.245 266.187 263.425 260.545 257.631 254.94 251.89 249.037 246.145 242.366 237.486 232.037 226.887 221.674 216.397 209.839 206.822 205.945 
303.242 301.203 301.097 299.884 298.567 297.622 297.366 296.753 295.136 293.079 290.836 288.595 286.185 283.449 280.489 277.341 274.121 271.825 269.684 268.182 266.125 263.363 260.483 257.568 254.878 251.89 249.099 246.27 242.553 237.611 232.037 226.887 221.549 216.21 209.839 206.947 206.008 
303.367 301.328 301.097 299.946 298.567 297.434 297.054 296.566 295.011 293.079 290.961 288.783 286.31 283.574 280.552 277.341 274.183 271.825 269.559 268.057 266.062 263.238 260.358 257.506 254.815 251.953 249.162 246.395 242.616 237.673 232.037 226.825 221.424 216.147 209.777 207.072 206.008 
303.43 301.515 301.035 299.884 298.505 297.247 296.679 296.253 294.949 293.079 291.024 288.845 286.435 283.699 280.677 277.404 274.183 271.762 269.496 267.932 265.875 263.175 260.295 257.443 254.753 251.89 249.287 246.52 242.741 237.736 232.037 226.825 221.299 216.022 209.777 207.135 205.945 
303.367 301.64 300.91 299.821 298.442 297.122 296.429 295.878 294.761 293.079 291.086 288.97 286.56 283.761 280.739 277.466 274.183 271.7 269.434 267.807 265.75 263.113 260.295 257.443 254.69 251.953 249.349 246.583 242.803 237.736 232.037 226.762 221.237 215.96 209.777 207.135 205.758 
303.305 301.578 300.722 299.696 298.317 296.934 296.054 295.566 294.574 292.954 291.086 289.033 286.622 283.824 280.739 277.466 274.246 271.7 269.371 267.682 265.562 263.05 260.295 257.443 254.69 251.953 249.412 246.645 242.866 237.798 232.1 226.7 221.237 215.897 209.777 207.072 205.57 
303.117 301.39 300.535 299.446 298.255 296.872 295.866 295.253 294.386 292.892 291.086 289.033 286.685 283.886 280.802 277.591 274.308 271.762 269.371 267.557 265.5 262.988 260.295 257.443 254.69 252.015 249.474 246.645 242.803 237.798 232.162 226.7 221.174 215.897 209.839 206.947 205.445 
302.93 301.14 300.347 299.259 298.067 296.809 295.741 295.003 294.136 292.767 291.024 289.033 286.747 283.949 280.927 277.654 274.433 271.825 269.371 267.557 265.437 262.988 260.233 257.443 254.628 252.015 249.474 246.583 242.741 237.736 232.162 226.7 221.237 215.96 209.902 206.822 205.195 
302.68 300.828 300.16 299.071 298.005 296.684 295.554 294.691 293.824 292.579 290.961 289.095 286.747 284.074 281.052 277.779 274.496 271.887 269.434 267.557 265.437 262.988 260.233 257.443 254.628 252.078 249.537 246.52 242.678 237.736 232.225 226.7 221.299 216.085 209.964 206.697 205.07 
302.43 300.578 299.972 299.009 297.817 296.622 295.429 294.503 293.574 292.329 290.836 289.033 286.81 284.136 281.114 277.904 274.683 272.012 269.496 267.557 265.437 262.925 260.233 257.443 254.628 252.015 249.474 246.458 242.553 237.673 232.225 226.762 221.487 216.21 209.964 206.572 204.883 
302.242 300.453 299.847 298.821 297.63 296.434 295.366 294.316 293.324 292.142 290.774 289.095 286.872 284.199 281.239 278.029 274.808 272.137 269.621 267.62 265.437 262.988 260.295 257.443 254.628 252.078 249.412 246.333 242.428 237.548 232.225 226.825 221.674 216.335 210.027 206.447 204.758 
302.117 300.39 299.66 298.634 297.38 296.309 295.304 294.191 293.199 292.017 290.711 289.095 286.935 284.261 281.302 278.154 274.996 272.262 269.684 267.682 265.437 262.988 260.295 257.506 254.69 252.078 249.412 246.27 242.303 237.548 232.287 226.887 221.862 216.397 209.964 206.322 204.508 
301.992 300.39 299.535 298.384 297.13 296.184 295.241 294.128 293.011 291.892 290.649 289.095 286.997 284.386 281.427 278.279 275.121 272.387 269.746 267.682 265.375 262.925 260.295 257.506 254.69 252.078 249.412 246.145 242.178 237.423 232.287 226.95 222.112 216.522 209.964 206.197 204.258 
301.93 300.328 299.41 298.196 296.942 296.122 295.304 294.128 292.949 291.829 290.586 289.033 287.06 284.449 281.489 278.341 275.246 272.45 269.809 267.682 265.375 262.925 260.295 257.568 254.815 252.14 249.349 246.083 242.116 237.361 232.287 227.012 222.237 216.647 209.902 206.072 203.945 
301.867 300.39 299.222 297.946 296.755 295.997 295.241 294.191 292.886 291.767 290.524 289.033 287.122 284.511 281.614 278.466 275.371 272.575 269.934 267.682 265.375 262.988 260.358 257.631 254.878 252.203 249.349 246.02 241.991 237.298 232.225 227.075 222.424 216.772 209.902 205.947 203.633 
301.805 300.39 299.16 297.821 296.567 295.934 295.241 294.253 292.949 291.642 290.399 288.97 287.185 284.574 281.677 278.591 275.496 272.7 269.996 267.745 265.437 263.05 260.483 257.756 254.94 252.203 249.287 245.895 241.866 237.236 232.225 227.075 222.549 216.897 209.839 205.822 203.383 
301.742 300.39 299.16 297.696 296.505 295.747 295.304 294.316 292.886 291.517 290.336 288.908 287.185 284.636 281.739 278.716 275.621 272.762 270.121 267.87 265.562 263.175 260.608 257.818 255.003 252.203 249.287 245.833 241.741 237.173 232.1 227.075 222.612 216.96 209.839 205.76 203.133 
301.68 300.328 299.16 297.634 296.442 295.622 295.304 294.378 292.824 291.392 290.211 288.845 287.185 284.636 281.864 278.779 275.746 272.887 270.309 267.995 265.687 263.363 260.733 258.006 255.065 252.203 249.224 245.77 241.678 237.048 232.037 227.075 222.737 217.022 209.777 205.572 202.758 
301.555 300.203 299.097 297.634 296.38 295.559 295.241 294.316 292.699 291.204 290.024 288.658 287.122 284.636 281.864 278.841 275.871 273.012 270.434 268.182 265.875 263.488 260.92 258.131 255.128 252.265 249.224 245.77 241.678 236.986 231.975 227.137 222.862 217.085 209.714 205.385 202.445 
301.43 299.953 298.972 299.946 301.005 300.247 298.741 296.691 294.699 292.829 290.961 288.533 285.935 283.261 280.364 277.654 274.996 272.387 269.746 267.37 264.937 262.8 260.42 257.943 255.065 251.89 248.349 244.52 240.678 236.548 231.475 226.262 222.237 215.585 209.652 206.822 205.445 
301.742 300.265 299.347 300.321 301.13 300.372 298.866 296.878 294.824 292.892 290.899 288.533 285.997 283.324 280.364 277.654 274.996 272.387 269.684 267.307 264.937 262.738 260.42 257.881 255.003 251.89 248.349 244.52 240.678 236.548 231.475 226.387 222.362 215.647 209.714 206.76 205.57 
302.055 300.578 299.722 300.509 301.067 300.372 299.054 297.066 294.886 292.892 290.836 288.533 286.06 283.386 280.427 277.716 275.121 272.45 269.746 267.307 264.875 262.675 260.358 257.881 255.065 251.953 248.412 244.583 240.741 236.611 231.537 226.45 222.424 215.71 209.714 206.635 205.82 
302.305 300.828 299.972 300.571 300.817 300.309 299.116 297.128 294.949 292.829 290.711 288.47 285.997 283.449 280.489 277.779 275.183 272.512 269.809 267.307 264.812 262.675 260.358 257.881 255.128 252.015 248.474 244.645 240.866 236.673 231.537 226.575 222.299 215.772 209.652 206.635 206.008 
302.492 301.078 300.222 300.446 300.442 300.122 299.054 297.191 294.949 292.767 290.586 288.345 285.935 283.386 280.552 277.904 275.246 272.575 269.871 267.37 264.875 262.675 260.358 257.943 255.128 252.015 248.537 244.77 240.991 236.736 231.6 226.575 222.049 215.772 209.714 206.697 206.258 
302.617 301.203 300.41 300.259 300.005 299.809 298.991 297.191 294.949 292.767 290.524 288.283 285.872 283.324 280.489 277.904 275.308 272.7 269.996 267.432 264.875 262.675 260.42 258.006 255.128 252.078 248.599 244.895 241.053 236.798 231.6 226.512 221.737 215.772 209.714 206.822 206.32 
302.68 301.203 300.472 299.946 299.442 299.434 298.866 297.128 294.949 292.704 290.524 288.22 285.81 283.261 280.427 277.904 275.371 272.825 270.184 267.495 264.937 262.675 260.483 258.006 255.19 252.078 248.662 244.958 241.178 236.861 231.6 226.45 221.424 215.772 209.839 207.01 206.32 
302.68 301.14 300.472 299.571 298.942 299.122 298.741 297.066 294.886 292.704 290.461 288.158 285.81 283.199 280.364 277.904 275.371 272.887 270.309 267.62 265 262.738 260.483 258.131 255.253 252.078 248.724 245.083 241.303 236.861 231.662 226.387 221.237 215.835 209.964 207.197 206.195 
302.617 300.953 300.41 299.196 298.567 298.809 298.616 297.066 294.886 292.704 290.461 288.158 285.81 283.136 280.302 277.779 275.308 272.95 270.496 267.745 265.125 262.738 260.545 258.131 255.253 252.078 248.724 245.145 241.366 236.923 231.787 226.387 221.174 215.897 210.027 207.26 206.07 
302.555 300.828 300.347 298.946 298.317 298.622 298.554 297.066 294.886 292.704 290.461 288.158 285.81 283.136 280.239 277.716 275.183 272.95 270.621 267.87 265.187 262.675 260.545 258.193 255.315 252.078 248.662 245.208 241.491 236.986 231.85 226.45 221.237 216.022 210.152 207.26 205.945 
302.43 300.765 300.285 298.821 298.192 298.497 298.554 297.191 294.886 292.704 290.461 288.158 285.81 283.136 280.239 277.591 274.933 272.887 270.621 267.932 265.312 262.738 260.483 258.193 255.315 252.015 248.662 245.208 241.553 237.048 231.912 226.512 221.424 216.085 210.214 207.197 205.82 
302.305 300.64 300.222 298.884 298.255 298.434 298.554 297.253 294.949 292.767 290.524 288.158 285.81 283.136 280.239 277.529 274.746 272.762 270.559 267.995 265.437 262.8 260.42 258.131 255.315 252.015 248.599 245.27 241.616 237.111 231.912 226.637 221.674 216.21 210.214 207.072 205.82 
302.305 300.578 300.222 298.946 298.317 298.372 298.491 297.253 294.949 292.767 290.524 288.22 285.872 283.199 280.302 277.404 274.558 272.575 270.496 268.057 265.562 262.8 260.483 258.006 255.253 251.953 248.599 245.333 241.678 237.173 231.975 226.637 221.799 216.272 210.214 207.01 205.758 
302.367 300.64 300.285 299.134 298.38 298.372 298.429 297.253 295.011 292.767 290.524 288.22 285.872 283.261 280.302 277.341 274.433 272.387 270.309 268.12 265.687 262.925 260.42 257.943 255.19 251.89 248.662 245.458 241.803 237.173 231.975 226.7 221.987 216.397 210.152 206.885 205.758 
302.492 300.828 300.472 299.259 298.442 298.309 298.304 297.253 295.011 292.767 290.524 288.283 285.935 283.324 280.427 277.404 274.308 272.262 270.121 268.12 265.812 263.05 260.483 257.881 255.128 251.953 248.662 245.583 241.866 237.236 232.037 226.762 222.049 216.397 210.089 206.885 205.883 
302.68 301.015 300.597 299.384 298.505 298.184 298.116 297.191 295.074 292.829 290.586 288.283 285.935 283.324 280.427 277.404 274.246 272.075 269.934 268.12 265.875 263.175 260.483 257.818 255.065 251.953 248.787 245.77 242.053 237.361 232.037 226.825 222.112 216.397 210.027 206.822 205.945 
302.805 301.14 300.722 299.446 298.505 298.059 297.991 297.066 295.011 292.829 290.586 288.345 285.997 283.386 280.489 277.404 274.183 271.95 269.746 268.057 265.937 263.238 260.483 257.756 255.065 251.89 248.849 245.895 242.116 237.423 232.037 226.825 222.049 216.335 209.964 206.822 206.07 
302.93 301.203 300.785 299.571 298.505 297.872 297.741 296.941 295.011 292.829 290.586 288.408 286.06 283.449 280.552 277.404 274.246 271.887 269.621 267.995 265.937 263.238 260.483 257.631 255.003 251.89 248.849 246.02 242.241 237.486 232.037 226.825 221.924 216.272 209.839 206.822 206.195 
303.055 301.265 300.785 299.634 298.505 297.684 297.429 296.753 294.949 292.829 290.649 288.47 286.122 283.511 280.614 277.466 274.246 271.825 269.496 267.87 265.875 263.175 260.42 257.631 254.94 251.828 248.912 246.083 242.366 237.548 232.037 226.825 221.799 216.147 209.839 206.885 206.258 
303.117 301.39 300.785 299.696 298.505 297.497 297.116 296.503 294.886 292.829 290.711 288.595 286.247 283.574 280.677 277.466 274.246 271.825 269.434 267.807 265.812 263.113 260.358 257.568 254.878 251.828 248.974 246.208 242.491 237.611 232.037 226.825 221.674 216.085 209.777 206.947 206.32 
303.117 301.453 300.722 299.759 298.505 297.372 296.804 296.191 294.761 292.829 290.774 288.658 286.31 283.699 280.739 277.529 274.308 271.762 269.371 267.745 265.687 263.05 260.295 257.506 254.753 251.765 249.037 246.333 242.616 237.673 232.037 226.825 221.612 215.96 209.714 207.01 206.258 
303.117 301.39 300.597 299.696 298.505 297.247 296.491 295.878 294.636 292.829 290.836 288.783 286.435 283.761 280.802 277.529 274.308 271.762 269.371 267.62 265.5 262.988 260.233 257.443 254.69 251.765 249.162 246.395 242.741 237.736 232.037 226.762 221.487 215.897 209.714 207.072 206.195 
303.055 301.328 300.472 299.571 298.38 297.122 296.241 295.628 294.511 292.767 290.899 288.845 286.497 283.824 280.802 277.591 274.308 271.762 269.309 267.557 265.437 262.925 260.233 257.443 254.628 251.828 249.162 246.458 242.741 237.736 232.037 226.762 221.424 215.835 209.714 207.072 206.008 
302.867 301.14 300.285 299.384 298.317 296.997 296.054 295.316 294.324 292.704 290.899 288.908 286.56 283.824 280.864 277.654 274.433 271.762 269.309 267.432 265.312 262.863 260.233 257.443 254.628 251.828 249.287 246.52 242.741 237.736 232.1 226.7 221.362 215.835 209.714 207.01 205.82 
302.68 300.89 300.035 299.134 298.13 296.934 295.866 295.066 294.074 292.642 290.836 288.845 286.56 283.886 280.927 277.716 274.496 271.825 269.309 267.432 265.312 262.863 260.233 257.443 254.565 251.828 249.287 246.52 242.678 237.736 232.162 226.7 221.362 215.835 209.777 206.947 205.633 
302.43 300.64 299.785 298.946 298.005 296.809 295.741 294.816 293.886 292.454 290.774 288.845 286.622 283.949 281.052 277.841 274.621 271.887 269.371 267.432 265.312 262.863 260.17 257.381 254.565 251.89 249.349 246.458 242.616 237.736 232.162 226.762 221.362 215.897 209.839 206.885 205.508 
302.117 300.328 299.597 298.759 297.817 296.684 295.554 294.566 293.636 292.329 290.711 288.845 286.685 284.074 281.114 277.966 274.746 272.012 269.496 267.495 265.25 262.8 260.17 257.381 254.503 251.89 249.349 246.395 242.553 237.673 232.162 226.762 221.424 216.022 209.902 206.76 205.32 
301.93 300.14 299.472 298.634 297.63 296.497 295.429 294.316 293.324 292.142 290.649 288.908 286.747 284.136 281.239 278.029 274.871 272.137 269.559 267.557 265.312 262.863 260.17 257.381 254.565 251.89 249.287 246.27 242.428 237.611 232.162 226.762 221.549 216.147 209.964 206.697 205.133 
301.742 300.015 299.347 298.446 297.38 296.309 295.241 294.191 293.136 291.954 290.586 288.908 286.81 284.199 281.302 278.216 275.058 272.262 269.684 267.62 265.312 262.863 260.17 257.381 254.565 251.89 249.287 246.208 242.303 237.548 232.162 226.825 221.737 216.272 209.964 206.51 204.883 
301.617 300.015 299.222 298.259 297.067 296.122 295.116 294.066 292.949 291.829 290.524 288.97 286.872 284.324 281.427 278.279 275.183 272.387 269.746 267.62 265.312 262.863 260.17 257.381 254.628 252.015 249.287 246.145 242.241 237.486 232.225 226.887 221.924 216.397 209.964 206.447 204.57 
301.492 300.015 299.097 298.009 296.817 295.997 295.116 294.003 292.824 291.704 290.461 288.97 286.997 284.386 281.489 278.404 275.308 272.45 269.809 267.62 265.312 262.863 260.17 257.443 254.69 252.078 249.287 246.02 242.116 237.423 232.225 226.95 222.112 216.522 209.964 206.26 204.258 
301.492 300.015 298.91 297.759 296.63 295.872 295.054 294.003 292.824 291.579 290.461 288.97 287.06 284.449 281.614 278.466 275.433 272.575 269.871 267.62 265.312 262.863 260.233 257.568 254.753 252.078 249.287 245.958 242.053 237.361 232.225 227.012 222.299 216.647 209.902 206.135 203.945 
301.43 300.015 298.785 297.571 296.442 295.684 295.054 294.066 292.761 291.517 290.399 288.97 287.122 284.574 281.677 278.591 275.558 272.637 269.996 267.682 265.312 262.925 260.358 257.631 254.815 252.14 249.224 245.895 241.928 237.298 232.162 227.012 222.424 216.71 209.839 206.01 203.633 
301.43 300.015 298.722 297.446 296.255 295.497 295.054 294.128 292.761 291.454 290.274 288.908 287.247 284.574 281.739 278.716 275.683 272.762 270.059 267.745 265.375 263.05 260.483 257.756 254.94 252.14 249.162 245.77 241.803 237.236 232.162 227.012 222.549 216.835 209.839 205.885 203.383 
301.43 300.015 298.722 297.321 296.13 295.372 295.054 294.253 292.699 291.329 290.211 288.845 287.247 284.636 281.802 278.841 275.746 272.887 270.184 267.87 265.5 263.175 260.608 257.881 255.003 252.14 249.162 245.708 241.678 237.111 232.1 227.012 222.674 216.897 209.777 205.76 203.07 
301.43 300.015 298.722 297.196 296.005 295.309 295.116 294.253 292.636 291.204 290.024 288.72 287.247 284.699 281.864 278.841 275.871 273.012 270.309 267.995 265.687 263.363 260.795 258.006 255.128 252.203 249.162 245.645 241.616 237.048 232.037 227.075 222.737 216.96 209.714 205.572 202.758 
301.305 299.89 298.91 299.946 301.067 300.122 298.491 296.441 294.511 292.704 290.836 288.408 285.81 283.074 280.302 277.654 275.058 272.45 269.746 267.37 265 262.8 260.358 257.756 254.94 251.703 248.162 244.333 240.616 236.611 231.537 226.2 222.049 215.46 209.714 207.197 205.82 
301.617 300.203 299.285 300.384 301.255 300.309 298.679 296.691 294.699 292.767 290.836 288.408 285.872 283.199 280.302 277.654 275.058 272.387 269.684 267.37 265 262.738 260.358 257.756 254.94 251.765 248.162 244.333 240.616 236.611 231.475 226.262 222.237 215.585 209.839 207.135 205.82 
301.992 300.515 299.66 300.696 301.38 300.372 298.866 296.878 294.761 292.767 290.711 288.408 285.935 283.261 280.364 277.654 275.058 272.387 269.684 267.307 264.937 262.675 260.295 257.756 255.003 251.828 248.224 244.395 240.678 236.611 231.537 226.325 222.362 215.647 209.902 207.01 205.883 
302.242 300.765 300.035 300.884 301.255 300.434 298.991 297.003 294.824 292.767 290.586 288.345 285.935 283.324 280.427 277.716 275.058 272.387 269.684 267.307 264.875 262.675 260.295 257.818 255.003 251.89 248.287 244.395 240.741 236.673 231.537 226.45 222.424 215.71 209.839 206.947 205.945 
302.43 300.953 300.222 300.821 300.942 300.309 298.991 297.066 294.886 292.704 290.524 288.22 285.872 283.324 280.489 277.779 275.058 272.45 269.684 267.307 264.937 262.738 260.358 257.818 255.065 251.89 248.287 244.52 240.803 236.736 231.537 226.45 222.362 215.71 209.902 206.947 206.07 
302.555 301.078 300.41 300.571 300.567 300.059 298.929 297.066 294.886 292.704 290.461 288.158 285.81 283.261 280.489 277.841 275.121 272.45 269.746 267.37 265 262.8 260.42 257.818 255.065 251.89 248.349 244.583 240.928 236.736 231.537 226.387 222.237 215.71 209.902 206.947 206.07 
302.617 301.078 300.41 300.196 299.942 299.747 298.804 297.003 294.824 292.642 290.399 288.095 285.747 283.199 280.427 277.841 275.183 272.512 269.871 267.432 265.062 262.8 260.483 257.943 255.065 251.953 248.412 244.708 240.991 236.798 231.6 226.387 221.987 215.71 209.964 207.072 206.133 
302.617 301.015 300.41 299.759 299.317 299.309 298.679 296.941 294.761 292.642 290.399 288.095 285.747 283.199 280.427 277.779 275.183 272.575 269.996 267.495 265.125 262.863 260.545 258.006 255.128 251.953 248.412 244.77 241.116 236.861 231.6 226.387 221.799 215.772 210.089 207.135 206.133 
302.492 300.89 300.285 299.321 298.88 298.934 298.616 296.941 294.761 292.642 290.399 288.158 285.81 283.199 280.364 277.779 275.121 272.637 270.121 267.62 265.187 262.925 260.545 258.068 255.19 251.953 248.412 244.833 241.116 236.923 231.725 226.387 221.612 215.772 210.152 207.197 206.133 
302.43 300.828 300.222 299.009 298.505 298.747 298.554 297.003 294.761 292.642 290.461 288.22 285.872 283.199 280.364 277.654 274.933 272.575 270.184 267.745 265.25 262.863 260.608 258.131 255.253 251.953 248.412 244.833 241.178 236.986 231.787 226.45 221.612 215.835 210.214 207.26 206.07 
302.367 300.703 300.16 298.884 298.317 298.497 298.491 297.066 294.824 292.704 290.524 288.22 285.872 283.199 280.302 277.529 274.746 272.512 270.184 267.745 265.25 262.863 260.545 258.193 255.315 251.89 248.412 244.895 241.303 237.048 231.85 226.512 221.612 215.96 210.277 207.197 206.008 
302.305 300.64 300.097 298.821 298.192 298.309 298.429 297.128 294.824 292.704 290.461 288.22 285.872 283.199 280.302 277.466 274.621 272.45 270.184 267.745 265.312 262.863 260.545 258.131 255.315 251.89 248.349 244.958 241.366 237.111 231.912 226.575 221.737 216.022 210.277 207.135 205.945 
302.242 300.578 300.097 298.821 298.192 298.122 298.241 297.066 294.824 292.642 290.461 288.22 285.872 283.261 280.427 277.466 274.496 272.325 270.121 267.745 265.375 262.863 260.545 258.068 255.19 251.89 248.349 245.02 241.491 237.173 231.975 226.637 221.924 216.147 210.277 207.072 205.945 
302.305 300.703 300.097 298.884 298.255 297.934 298.054 297.066 294.824 292.704 290.461 288.22 285.872 283.324 280.489 277.466 274.371 272.2 269.996 267.807 265.437 262.863 260.483 258.006 255.19 251.828 248.412 245.145 241.553 237.173 232.037 226.762 222.049 216.21 210.214 207.01 205.945 
302.367 300.828 300.222 299.009 298.255 297.872 297.866 297.066 294.824 292.642 290.461 288.22 285.872 283.386 280.552 277.529 274.371 272.137 269.871 267.807 265.5 262.925 260.483 257.943 255.128 251.828 248.474 245.333 241.678 237.236 232.037 226.762 222.112 216.21 210.214 206.885 206.008 
302.555 301.078 300.347 299.071 298.317 297.872 297.804 297.003 294.886 292.642 290.461 288.22 285.935 283.386 280.614 277.529 274.308 272.012 269.684 267.745 265.562 263.05 260.483 257.881 255.065 251.828 248.599 245.458 241.866 237.298 232.037 226.825 222.174 216.272 210.089 206.822 206.07 
302.68 301.203 300.472 299.196 298.317 297.809 297.679 296.878 294.824 292.642 290.461 288.283 285.997 283.449 280.614 277.529 274.308 271.95 269.559 267.682 265.625 263.113 260.483 257.818 255.065 251.828 248.662 245.645 241.991 237.361 232.037 226.825 222.174 216.272 210.027 206.76 206.133 
302.805 301.265 300.535 299.259 298.317 297.684 297.554 296.816 294.824 292.642 290.461 288.283 285.997 283.449 280.614 277.529 274.371 271.887 269.434 267.682 265.625 263.05 260.483 257.756 255.003 251.828 248.724 245.77 242.116 237.423 232.1 226.825 222.112 216.21 209.964 206.76 206.258 
302.867 301.328 300.535 299.321 298.38 297.622 297.304 296.691 294.761 292.642 290.461 288.345 286.06 283.511 280.677 277.529 274.371 271.825 269.371 267.62 265.562 263.05 260.42 257.693 255.003 251.828 248.787 245.895 242.178 237.486 232.037 226.825 222.049 216.147 209.839 206.76 206.383 
302.93 301.39 300.535 299.446 298.38 297.497 297.054 296.441 294.761 292.642 290.524 288.408 286.06 283.511 280.677 277.591 274.371 271.825 269.309 267.557 265.5 262.988 260.358 257.631 254.878 251.765 248.849 245.958 242.303 237.548 232.037 226.825 221.924 216.022 209.777 206.822 206.445 
302.992 301.328 300.472 299.509 298.38 297.372 296.866 296.253 294.636 292.642 290.524 288.47 286.185 283.574 280.739 277.591 274.371 271.762 269.246 267.495 265.375 262.925 260.295 257.568 254.753 251.703 248.849 246.083 242.428 237.548 232.037 226.762 221.862 215.96 209.714 206.822 206.445 
302.93 301.265 300.41 299.446 298.38 297.247 296.616 296.003 294.511 292.579 290.586 288.533 286.31 283.636 280.739 277.591 274.433 271.762 269.246 267.37 265.25 262.863 260.233 257.506 254.69 251.64 248.974 246.145 242.491 237.611 231.975 226.762 221.737 215.835 209.714 206.885 206.445 
302.805 301.14 300.285 299.384 298.317 297.122 296.429 295.753 294.449 292.579 290.586 288.595 286.31 283.699 280.802 277.654 274.433 271.762 269.246 267.37 265.25 262.8 260.233 257.443 254.565 251.703 248.974 246.27 242.616 237.673 232.037 226.762 221.674 215.772 209.652 206.947 206.32 
302.68 300.953 300.035 299.196 298.192 297.059 296.241 295.503 294.261 292.517 290.649 288.658 286.372 283.761 280.802 277.716 274.496 271.825 269.246 267.307 265.187 262.8 260.17 257.443 254.565 251.64 249.099 246.333 242.616 237.673 232.037 226.762 221.612 215.772 209.714 206.947 206.195 
302.43 300.703 299.785 299.009 298.067 296.934 296.054 295.253 294.136 292.454 290.649 288.658 286.372 283.824 280.927 277.779 274.558 271.887 269.246 267.245 265.125 262.8 260.17 257.381 254.503 251.703 249.099 246.395 242.616 237.673 232.1 226.762 221.549 215.772 209.714 206.947 206.008 
302.18 300.39 299.472 298.759 297.88 296.809 295.866 295.003 293.886 292.329 290.586 288.658 286.435 283.824 280.989 277.841 274.683 271.95 269.309 267.307 265.125 262.738 260.17 257.381 254.44 251.703 249.162 246.333 242.553 237.673 232.1 226.762 221.487 215.772 209.777 206.947 205.883 
301.867 300.078 299.222 298.509 297.692 296.684 295.741 294.691 293.636 292.204 290.524 288.658 286.435 283.949 281.114 277.966 274.808 272.012 269.371 267.37 265.187 262.8 260.108 257.318 254.378 251.703 249.162 246.27 242.491 237.611 232.1 226.825 221.487 215.897 209.839 206.885 205.695 
301.617 299.828 299.035 298.321 297.505 296.497 295.554 294.503 293.449 292.017 290.461 288.658 286.497 284.011 281.177 278.091 274.996 272.137 269.496 267.432 265.25 262.8 260.108 257.318 254.378 251.765 249.162 246.208 242.428 237.611 232.1 226.825 221.549 215.96 209.902 206.822 205.508 
301.43 299.765 298.91 298.134 297.255 296.309 295.366 294.253 293.199 291.892 290.399 288.72 286.622 284.074 281.302 278.216 275.121 272.262 269.621 267.495 265.25 262.8 260.108 257.256 254.378 251.765 249.162 246.145 242.366 237.548 232.162 226.825 221.674 216.085 209.964 206.76 205.258 
301.242 299.703 298.847 297.946 297.005 296.059 295.179 294.128 292.949 291.704 290.336 288.72 286.685 284.136 281.364 278.341 275.246 272.387 269.746 267.62 265.25 262.8 260.108 257.256 254.44 251.828 249.162 246.083 242.241 237.486 232.162 226.887 221.862 216.272 210.027 206.635 204.945 
301.117 299.64 298.722 297.759 296.692 295.872 295.054 294.003 292.824 291.579 290.336 288.783 286.81 284.261 281.489 278.404 275.371 272.512 269.809 267.62 265.25 262.8 260.108 257.318 254.503 251.89 249.162 246.02 242.178 237.423 232.162 226.887 222.049 216.397 209.964 206.447 204.57 
301.055 299.578 298.597 297.571 296.505 295.747 294.991 293.941 292.699 291.454 290.274 288.845 286.935 284.386 281.552 278.466 275.496 272.575 269.871 267.62 265.25 262.8 260.17 257.381 254.565 251.953 249.162 245.958 242.053 237.423 232.162 226.95 222.174 216.522 209.964 206.322 204.258 
300.992 299.578 298.535 297.384 296.255 295.497 294.929 293.941 292.636 291.329 290.211 288.845 286.997 284.449 281.614 278.591 275.558 272.637 269.996 267.62 265.25 262.925 260.233 257.443 254.628 252.015 249.162 245.895 241.991 237.361 232.162 226.95 222.299 216.585 209.902 206.135 203.945 
301.055 299.578 298.41 297.259 296.067 295.309 294.866 294.003 292.636 291.267 290.149 288.783 287.122 284.511 281.677 278.716 275.683 272.762 270.059 267.682 265.375 262.988 260.358 257.568 254.753 252.015 249.162 245.77 241.866 237.298 232.162 227.012 222.424 216.647 209.839 206.01 203.633 
301.055 299.64 298.347 297.071 295.88 295.184 294.866 294.066 292.636 291.142 290.086 288.783 287.185 284.574 281.802 278.779 275.808 272.887 270.184 267.807 265.5 263.113 260.483 257.693 254.878 252.078 249.099 245.708 241.741 237.173 232.1 227.012 222.487 216.71 209.777 205.947 203.383 
301.117 299.703 298.347 296.946 295.755 295.059 294.929 294.128 292.574 291.017 289.961 288.72 287.185 284.636 281.864 278.841 275.933 273.012 270.309 267.995 265.625 263.238 260.608 257.818 255.003 252.14 249.099 245.645 241.616 237.111 232.037 227.012 222.612 216.835 209.714 205.822 203.07 
301.242 299.765 298.785 299.946 301.067 299.934 298.241 296.191 294.261 292.454 290.586 288.095 285.56 282.886 280.177 277.591 275.121 272.512 269.871 267.495 265.125 262.8 260.295 257.693 254.878 251.64 248.037 244.208 240.553 236.611 231.475 226.262 221.737 215.335 209.777 207.447 206.133 
301.492 300.078 299.285 300.446 301.317 300.184 298.429 296.441 294.449 292.579 290.586 288.158 285.622 283.011 280.177 277.654 275.121 272.512 269.809 267.432 265 262.738 260.295 257.693 254.94 251.703 248.037 244.145 240.553 236.611 231.475 226.325 221.924 215.397 209.902 207.385 206.07 
301.867 300.39 299.66 300.884 301.505 300.309 298.616 296.628 294.574 292.579 290.524 288.158 285.685 283.074 280.239 277.654 274.996 272.45 269.746 267.37 264.937 262.675 260.295 257.756 255.003 251.765 248.037 244.208 240.616 236.611 231.475 226.325 222.112 215.522 210.027 207.385 206.008 
302.117 300.703 300.035 301.009 301.505 300.434 298.804 296.878 294.699 292.579 290.399 288.095 285.747 283.136 280.302 277.654 274.933 272.325 269.684 267.307 264.937 262.675 260.295 257.756 255.003 251.828 248.099 244.208 240.678 236.673 231.475 226.387 222.299 215.585 210.027 207.322 205.945 
302.305 300.89 300.222 301.009 301.317 300.372 298.866 296.878 294.761 292.579 290.336 287.97 285.685 283.199 280.364 277.654 274.871 272.262 269.621 267.307 265 262.738 260.358 257.756 255.003 251.828 248.099 244.27 240.741 236.673 231.475 226.387 222.362 215.647 210.089 207.26 205.945 
302.492 301.015 300.347 300.821 300.942 300.247 298.866 296.941 294.761 292.579 290.274 287.908 285.622 283.136 280.427 277.716 274.871 272.262 269.559 267.37 265.125 262.863 260.42 257.756 255.003 251.828 248.162 244.333 240.741 236.736 231.475 226.387 222.424 215.647 210.152 207.197 205.883 
302.492 301.015 300.347 300.446 300.38 299.934 298.741 296.878 294.761 292.579 290.274 287.908 285.622 283.136 280.427 277.716 274.933 272.262 269.621 267.432 265.187 262.925 260.483 257.818 254.94 251.828 248.162 244.458 240.803 236.736 231.537 226.387 222.362 215.71 210.152 207.26 205.945 
302.492 300.89 300.285 300.071 299.755 299.497 298.679 296.816 294.699 292.517 290.274 287.908 285.622 283.074 280.364 277.654 274.871 272.262 269.684 267.495 265.312 263.05 260.608 257.881 255.003 251.765 248.224 244.52 240.866 236.798 231.6 226.45 222.237 215.71 210.214 207.26 205.945 
302.43 300.765 300.285 299.696 299.317 299.184 298.616 296.816 294.699 292.579 290.336 288.033 285.747 283.136 280.302 277.529 274.808 272.325 269.746 267.557 265.375 263.05 260.67 258.006 255.128 251.828 248.162 244.52 240.866 236.798 231.6 226.45 222.112 215.772 210.277 207.26 205.945 
302.305 300.64 300.097 299.321 298.88 298.872 298.554 296.941 294.761 292.642 290.461 288.158 285.81 283.199 280.302 277.466 274.621 272.262 269.809 267.62 265.375 263.05 260.67 258.131 255.19 251.828 248.224 244.52 240.866 236.861 231.725 226.512 221.987 215.835 210.339 207.26 206.008 
302.242 300.515 300.035 299.071 298.567 298.622 298.491 297.003 294.761 292.642 290.524 288.22 285.81 283.136 280.239 277.341 274.433 272.137 269.809 267.62 265.312 262.988 260.67 258.131 255.253 251.828 248.162 244.583 240.991 236.923 231.85 226.575 221.924 215.897 210.339 207.26 206.008 
302.18 300.515 299.972 298.946 298.38 298.309 298.304 296.941 294.699 292.642 290.461 288.22 285.81 283.199 280.302 277.341 274.308 272.012 269.684 267.557 265.312 262.988 260.67 258.131 255.253 251.828 248.162 244.645 241.053 236.986 231.912 226.637 221.924 215.897 210.339 207.197 205.945 
302.117 300.515 299.91 298.821 298.255 297.934 297.991 296.878 294.636 292.579 290.399 288.158 285.81 283.199 280.427 277.404 274.308 271.95 269.621 267.495 265.25 262.925 260.608 258.131 255.19 251.765 248.162 244.708 241.178 237.048 231.975 226.7 222.049 216.022 210.339 207.072 205.945 
302.18 300.64 299.91 298.759 298.13 297.622 297.616 296.816 294.636 292.517 290.399 288.158 285.81 283.199 280.552 277.529 274.308 271.95 269.559 267.432 265.25 262.925 260.545 258.068 255.128 251.765 248.224 244.833 241.303 237.111 232.037 226.762 222.112 216.022 210.339 207.01 206.008 
302.242 300.765 299.972 298.759 298.13 297.434 297.366 296.691 294.636 292.517 290.336 288.158 285.81 283.324 280.614 277.591 274.371 271.95 269.496 267.432 265.25 262.925 260.545 257.943 255.065 251.765 248.287 245.02 241.491 237.173 232.037 226.825 222.174 216.085 210.277 206.885 206.07 
302.43 300.953 300.035 298.821 298.067 297.372 297.241 296.628 294.636 292.517 290.336 288.158 285.872 283.386 280.677 277.654 274.433 271.95 269.434 267.432 265.25 262.988 260.545 257.881 255.065 251.765 248.412 245.208 241.616 237.236 232.1 226.825 222.237 216.147 210.214 206.822 206.133 
302.555 301.14 300.16 298.884 298.067 297.372 297.241 296.566 294.636 292.517 290.336 288.22 285.872 283.386 280.677 277.654 274.433 271.887 269.371 267.37 265.312 262.988 260.483 257.881 255.065 251.765 248.474 245.333 241.803 237.298 232.1 226.825 222.237 216.147 210.152 206.76 206.195 
302.742 301.265 300.285 298.946 298.067 297.372 297.179 296.503 294.636 292.454 290.336 288.22 285.935 283.449 280.677 277.591 274.496 271.825 269.246 267.37 265.312 262.988 260.483 257.818 255.003 251.765 248.537 245.52 241.866 237.298 232.1 226.825 222.174 216.147 210.089 206.697 206.258 
302.805 301.328 300.285 299.071 298.13 297.372 297.054 296.441 294.636 292.454 290.336 288.22 285.935 283.449 280.677 277.591 274.496 271.825 269.184 267.307 265.25 262.925 260.483 257.818 255.003 251.765 248.662 245.645 241.991 237.361 232.037 226.825 222.174 216.085 209.964 206.697 206.383 
302.805 301.328 300.285 299.134 298.13 297.309 296.866 296.316 294.574 292.454 290.336 288.22 285.997 283.449 280.614 277.591 274.496 271.825 269.184 267.245 265.187 262.863 260.42 257.756 254.878 251.703 248.662 245.77 242.116 237.423 232.037 226.762 222.112 216.022 209.902 206.697 206.445 
302.867 301.328 300.222 299.196 298.13 297.184 296.741 296.128 294.511 292.454 290.336 288.283 286.06 283.511 280.614 277.591 274.433 271.762 269.184 267.182 265.062 262.8 260.358 257.693 254.815 251.703 248.724 245.895 242.241 237.423 231.975 226.762 221.987 215.96 209.839 206.697 206.508 
302.805 301.203 300.16 299.259 298.13 297.122 296.554 295.941 294.449 292.392 290.399 288.345 286.122 283.574 280.677 277.591 274.496 271.762 269.184 267.182 265 262.8 260.295 257.631 254.69 251.64 248.787 246.02 242.303 237.486 231.975 226.762 221.924 215.897 209.777 206.76 206.57 
302.742 301.078 300.097 299.196 298.067 297.059 296.429 295.816 294.386 292.392 290.399 288.408 286.122 283.574 280.677 277.591 274.496 271.825 269.184 267.182 265 262.738 260.233 257.506 254.565 251.578 248.849 246.145 242.366 237.548 231.975 226.762 221.862 215.835 209.714 206.76 206.508 
302.555 300.89 299.91 299.071 297.942 296.934 296.304 295.628 294.261 292.392 290.461 288.408 286.185 283.636 280.739 277.654 274.496 271.825 269.184 267.12 265 262.738 260.17 257.443 254.44 251.578 248.912 246.208 242.428 237.548 231.975 226.762 221.799 215.835 209.714 206.822 206.383 
302.367 300.578 299.597 298.821 297.817 296.872 296.179 295.441 294.136 292.329 290.461 288.47 286.247 283.699 280.864 277.779 274.558 271.825 269.184 267.12 265 262.738 260.17 257.381 254.44 251.578 248.974 246.208 242.491 237.548 231.975 226.762 221.737 215.772 209.714 206.885 206.258 
302.055 300.265 299.285 298.634 297.692 296.747 295.991 295.191 293.949 292.204 290.399 288.408 286.247 283.761 280.927 277.841 274.683 271.887 269.246 267.182 265 262.738 260.108 257.318 254.378 251.578 248.974 246.27 242.491 237.548 231.975 226.825 221.674 215.772 209.777 206.885 206.133 
301.68 299.953 298.972 298.321 297.505 296.622 295.804 294.941 293.699 292.142 290.336 288.408 286.31 283.824 281.052 277.966 274.808 272.012 269.309 267.245 265.062 262.738 260.108 257.256 254.315 251.578 249.037 246.208 242.428 237.548 232.037 226.825 221.612 215.835 209.777 206.947 206.008 
301.367 299.703 298.722 298.071 297.255 296.434 295.679 294.691 293.511 291.954 290.274 288.47 286.372 283.886 281.177 278.091 274.996 272.137 269.434 267.37 265.125 262.738 260.045 257.193 254.253 251.578 249.037 246.145 242.366 237.486 232.037 226.887 221.612 215.897 209.839 206.947 205.82 
301.18 299.515 298.597 297.884 297.005 296.247 295.429 294.441 293.199 291.829 290.211 288.47 286.435 283.949 281.239 278.216 275.121 272.262 269.621 267.495 265.187 262.8 260.045 257.193 254.19 251.578 249.037 246.083 242.303 237.486 232.1 226.887 221.674 216.022 209.902 206.885 205.57 
300.992 299.453 298.472 297.634 296.755 295.997 295.241 294.253 293.011 291.642 290.149 288.533 286.497 284.011 281.302 278.279 275.246 272.387 269.746 267.557 265.25 262.8 260.045 257.131 254.253 251.64 249.037 246.02 242.178 237.423 232.1 226.887 221.799 216.147 209.964 206.76 205.258 
300.805 299.39 298.41 297.509 296.505 295.809 295.116 294.128 292.824 291.517 290.149 288.533 286.622 284.136 281.364 278.404 275.371 272.512 269.871 267.62 265.312 262.863 260.045 257.193 254.253 251.703 249.099 245.958 242.116 237.423 232.1 226.887 221.924 216.272 210.027 206.635 204.945 
300.742 299.265 298.347 297.321 296.255 295.622 294.991 294.066 292.699 291.329 290.086 288.595 286.685 284.199 281.427 278.466 275.496 272.637 269.934 267.682 265.312 262.863 260.108 257.193 254.315 251.765 249.099 245.895 242.053 237.423 232.1 226.95 222.049 216.397 209.964 206.447 204.633 
300.617 299.203 298.285 297.196 296.067 295.434 294.929 294.003 292.636 291.204 290.024 288.595 286.81 284.261 281.552 278.529 275.558 272.7 270.059 267.745 265.375 262.925 260.17 257.256 254.44 251.828 249.099 245.895 241.991 237.361 232.162 226.95 222.174 216.46 209.964 206.322 204.258 
300.617 299.203 298.222 297.071 295.88 295.247 294.866 294.003 292.574 291.079 289.961 288.595 286.935 284.386 281.614 278.654 275.683 272.825 270.121 267.807 265.437 262.988 260.233 257.381 254.565 251.89 249.099 245.77 241.866 237.298 232.1 226.95 222.299 216.522 209.902 206.197 204.008 
300.68 299.265 298.097 296.946 295.692 294.997 294.804 294.003 292.511 291.017 289.899 288.595 286.997 284.449 281.677 278.716 275.808 272.95 270.309 267.932 265.5 263.05 260.295 257.506 254.628 251.953 249.037 245.645 241.741 237.236 232.037 226.95 222.362 216.585 209.839 206.135 203.695 
300.805 299.328 298.035 296.759 295.567 294.872 294.741 294.066 292.449 290.892 289.836 288.595 287.06 284.511 281.739 278.841 275.933 273.075 270.434 268.057 265.625 263.175 260.42 257.631 254.69 251.953 249.037 245.583 241.678 237.111 232.037 226.95 222.487 216.71 209.777 206.01 203.445 
300.992 299.453 298.285 297.571 296.755 295.997 295.429 294.566 293.324 291.829 290.149 288.283 286.247 283.761 281.114 278.154 275.121 272.2 269.559 267.37 265.125 262.8 260.045 257.068 254.128 251.453 248.912 246.02 242.303 237.361 231.975 226.887 221.737 216.022 209.964 206.947 205.82 
300.805 299.328 298.16 297.321 296.442 295.809 295.241 294.441 293.136 291.642 290.086 288.345 286.31 283.886 281.239 278.216 275.246 272.387 269.746 267.495 265.25 262.863 260.045 257.068 254.065 251.453 248.912 245.958 242.178 237.361 231.975 226.887 221.799 216.085 209.964 206.885 205.508 
300.617 299.203 298.097 297.134 296.192 295.622 295.116 294.253 292.949 291.517 290.024 288.345 286.372 283.949 281.239 278.341 275.371 272.512 269.871 267.62 265.312 262.925 260.045 257.068 254.128 251.515 248.912 245.895 242.116 237.361 232.037 226.95 221.862 216.21 210.027 206.76 205.195 
300.492 299.078 298.035 297.071 296.005 295.434 294.991 294.128 292.761 291.329 289.961 288.408 286.497 284.011 281.302 278.466 275.496 272.637 270.059 267.745 265.437 262.988 260.108 257.131 254.128 251.64 248.974 245.895 242.053 237.298 232.037 226.95 221.987 216.335 210.027 206.635 204.883 
300.367 298.953 298.035 296.946 295.755 295.247 294.929 294.066 292.636 291.142 289.899 288.345 286.56 284.074 281.427 278.529 275.621 272.762 270.121 267.807 265.437 262.988 260.108 257.131 254.19 251.703 249.037 245.833 241.991 237.298 232.037 226.95 222.049 216.397 209.964 206.447 204.57 
300.305 298.953 297.972 296.884 295.63 295.059 294.866 294.066 292.574 290.954 289.774 288.408 286.685 284.136 281.427 278.591 275.746 272.95 270.309 267.995 265.562 263.113 260.17 257.193 254.315 251.765 248.974 245.77 241.928 237.236 232.037 226.887 222.174 216.46 209.964 206.385 204.32 
300.367 299.015 297.91 296.759 295.505 294.934 294.804 294.066 292.511 290.829 289.711 288.345 286.747 284.261 281.489 278.716 275.871 273.075 270.434 268.057 265.625 263.113 260.233 257.318 254.378 251.765 248.974 245.708 241.803 237.173 231.975 226.887 222.299 216.522 209.902 206.26 204.07 
300.492 299.078 297.847 296.696 295.38 294.684 294.679 294.003 292.449 290.767 289.649 288.345 286.81 284.324 281.614 278.841 275.996 273.2 270.559 268.182 265.75 263.175 260.358 257.381 254.44 251.765 248.912 245.583 241.678 237.111 231.912 226.887 222.362 216.585 209.777 206.26 203.758 
-0.212356 0.00169486 0.220237 0.443486 0.671676 0.905057 1.1439 1.3885 1.63918 1.89629 2.1602 2.43134 2.71015 2.99715 3.29289 3.59798 3.91313 4.23909 4.57674 4.92705 5.29114 5.67029 6.06595 6.47984 6.91393 7.37057 7.85258 8.36331 8.90693 9.48855 10.1147 10.7938 11.537 12.3597 13.2837 14.3423 15.5889 
-0.229757 -0.0156234 0.203003 0.42634 0.654619 0.888092 1.12703 1.37173 1.62251 1.87971 2.14373 2.41497 2.69389 2.981 3.27685 3.58207 3.89734 4.22343 4.56121 4.91166 5.27589 5.65518 6.051 6.46505 6.89931 7.35613 7.83833 8.34926 8.89309 9.47493 10.1013 10.7807 11.5242 12.3472 13.2716 14.3306 15.5776 
-0.212356 0.00169486 0.220237 0.443486 0.671676 0.905057 1.1439 1.3885 1.63918 1.89629 2.1602 2.43134 2.71015 2.99715 3.29289 3.59798 3.91313 4.23909 4.57674 4.92705 5.29114 5.67029 6.06595 6.47984 6.91393 7.37057 7.85258 8.36331 8.90693 9.48855 10.1147 10.7938 11.537 12.3597 13.2837 14.3423 15.5889 
-0.22105 -0.00695855 0.211626 0.434919 0.663153 0.89658 1.13547 1.38012 1.63085 1.88801 2.15197 2.42316 2.70203 2.98908 3.28488 3.59003 3.90524 4.23126 4.56898 4.91936 5.28352 5.66274 6.05848 6.47245 6.90662 7.36336 7.84546 8.35629 8.90001 9.48175 10.108 10.7872 11.5306 12.3534 13.2777 14.3364 15.5832 
-0.212356 0.00169486 0.220237 0.443486 0.671676 0.905057 1.1439 1.3885 1.63918 1.89629 2.1602 2.43134 2.71015 2.99715 3.29289 3.59798 3.91313 4.23909 4.57674 4.92705 5.29114 5.67029 6.06595 6.47984 6.91393 7.37057 7.85258 8.36331 8.90693 9.48855 10.1147 10.7938 11.537 12.3597 13.2837 14.3423 15.5889 
-0.186331 0.0275945 0.246008 0.469127 0.697183 0.930429 1.16913 1.41359 1.66413 1.92108 2.18484 2.45582 2.73447 3.0213 3.31686 3.62178 3.93674 4.26251 4.59996 4.95007 5.31395 5.69288 6.08831 6.50195 6.93579 7.39217 7.87389 8.38433 8.92762 9.5089 10.1347 10.8134 11.5561 12.3783 13.3019 14.3598 15.6056 
-0.177678 0.0362055 0.254577 0.477652 0.705665 0.938864 1.17752 1.42194 1.67242 1.92933 2.19303 2.46396 2.74255 3.02933 3.32483 3.62969 3.94459 4.2703 4.60769 4.95773 5.32154 5.70039 6.09574 6.5093 6.94306 7.39935 7.88098 8.39132 8.9345 9.51567 10.1413 10.8199 11.5625 12.3845 13.3079 14.3656 15.6112 
-0.160402 0.0533985 0.271685 0.494674 0.722598 0.955707 1.19427 1.43859 1.68898 1.94578 2.20939 2.48021 2.7587 3.04536 3.34075 3.64549 3.96027 4.28585 4.62311 4.97301 5.33668 5.71538 6.11058 6.52398 6.95757 7.41368 7.89512 8.40527 8.94824 9.52919 10.1546 10.8329 11.5752 12.3969 13.32 14.3773 15.6224 
-0.125977 0.0876586 0.305776 0.528593 0.756339 0.989268 1.22765 1.47178 1.72197 1.97858 2.24198 2.51259 2.79086 3.0773 3.37247 3.67697 3.99151 4.31684 4.65383 5.00346 5.36685 5.74526 6.14016 6.55324 6.98649 7.44225 7.92332 8.43306 8.97562 9.55611 10.181 10.8588 11.6006 12.4217 13.344 14.4004 15.6446 
-0.134568 0.0791087 0.297269 0.520128 0.747919 0.980894 1.21932 1.4635 1.71374 1.9704 2.23385 2.50451 2.78284 3.06933 3.36455 3.66912 3.98371 4.3091 4.64616 4.99586 5.35932 5.7378 6.13278 6.54594 6.97927 7.43512 7.91628 8.42613 8.96879 9.54939 10.1744 10.8523 11.5942 12.4155 13.338 14.3947 15.6391 
-0.125977 0.0876586 0.305776 0.528593 0.756339 0.989268 1.22765 1.47178 1.72197 1.97858 2.24198 2.51259 2.79086 3.0773 3.37247 3.67697 3.99151 4.31684 4.65383 5.00346 5.36685 5.74526 6.14016 6.55324 6.98649 7.44225 7.92332 8.43306 8.97562 9.55611 10.181 10.8588 11.6006 12.4217 13.344 14.4004 15.6446 
-0.143168 0.0705491 0.288751 0.511654 0.739489 0.972508 1.21098 1.4552 1.7055 1.9622 2.2257 2.49642 2.7748 3.06135 3.35663 3.66125 3.97591 4.30136 4.63849 4.98826 5.35178 5.73034 6.12539 6.53863 6.97205 7.42798 7.90924 8.41918 8.96195 9.54267 10.1678 10.8459 11.5879 12.4093 13.332 14.3889 15.6335 
-0.15178 0.0619789 0.280224 0.503169 0.731048 0.964112 1.20263 1.4469 1.69724 1.954 2.21755 2.48832 2.76675 3.05336 3.34869 3.65338 3.96809 4.29361 4.6308 4.98064 5.34423 5.72286 6.11799 6.53131 6.96481 7.42084 7.90218 8.41223 8.9551 9.53593 10.1612 10.8394 11.5816 12.4031 13.326 14.3831 15.6279 
-0.125977 0.0876586 0.305776 0.528593 0.756339 0.989268 1.22765 1.47178 1.72197 1.97858 2.24198 2.51259 2.79086 3.0773 3.37247 3.67697 3.99151 4.31684 4.65383 5.00346 5.36685 5.74526 6.14016 6.55324 6.98649 7.44225 7.92332 8.43306 8.97562 9.55611 10.181 10.8588 11.6006 12.4217 13.344 14.4004 15.6446 
-0.134568 0.0791087 0.297269 0.520128 0.747919 0.980894 1.21932 1.4635 1.71374 1.9704 2.23385 2.50451 2.78284 3.06933 3.36455 3.66912 3.98371 4.3091 4.64616 4.99586 5.35932 5.7378 6.13278 6.54594 6.97927 7.43512 7.91628 8.42613 8.96879 9.54939 10.1744 10.8523 11.5942 12.4155 13.338 14.3947 15.6391 
-0.143168 0.0705491 0.288751 0.511654 0.739489 0.972508 1.21098 1.4552 1.7055 1.9622 2.2257 2.49642 2.7748 3.06135 3.35663 3.66125 3.97591 4.30136 4.63849 4.98826 5.35178 5.73034 6.12539 6.53863 6.97205 7.42798 7.90924 8.41918 8.96195 9.54267 10.1678 10.8459 11.5879 12.4093 13.332 14.3889 15.6335 
-0.160402 0.0533985 0.271685 0.494674 0.722598 0.955707 1.19427 1.43859 1.68898 1.94578 2.20939 2.48021 2.7587 3.04536 3.34075 3.64549 3.96027 4.28585 4.62311 4.97301 5.33668 5.71538 6.11058 6.52398 6.95757 7.41368 7.89512 8.40527 8.94824 9.52919 10.1546 10.8329 11.5752 12.3969 13.32 14.3773 15.6224 
-0.212356 0.00169486 0.220237 0.443486 0.671676 0.905057 1.1439 1.3885 1.63918 1.89629 2.1602 2.43134 2.71015 2.99715 3.29289 3.59798 3.91313 4.23909 4.57674 4.92705 5.29114 5.67029 6.06595 6.47984 6.91393 7.37057 7.85258 8.36331 8.90693 9.48855 10.1147 10.7938 11.537 12.3597 13.2837 14.3423 15.5889 
-0.238475 -0.024299 0.194371 0.417751 0.646075 0.879593 1.11858 1.36332 1.61415 1.87141 2.13548 2.40677 2.68575 2.97291 3.26882 3.5741 3.88943 4.21558 4.55343 4.90395 5.26825 5.64762 6.04352 6.45764 6.89199 7.3489 7.83119 8.34222 8.88615 9.46812 10.0946 10.7741 11.5177 12.3409 13.2655 14.3247 15.572 
-0.255941 -0.0416808 0.177075 0.400542 0.628955 0.862565 1.10164 1.34649 1.59741 1.85477 2.11894 2.39034 2.66943 2.9567 3.25273 3.55813 3.87358 4.19986 4.53784 4.88849 5.25294 5.63246 6.02851 6.4428 6.87732 7.33441 7.81688 8.32812 8.87226 9.45445 10.0812 10.761 11.5049 12.3284 13.2534 14.3129 15.5607 
-0.28222 -0.0678341 0.15105 0.37465 0.603197 0.836945 1.07616 1.32115 1.57222 1.82973 2.09406 2.36562 2.64487 2.93232 3.22852 3.53409 3.84973 4.17621 4.51438 4.86525 5.22991 5.60965 6.00594 6.42047 6.85524 7.3126 7.79536 8.3069 8.85136 9.4339 10.061 10.7412 11.4855 12.3095 13.235 14.2953 15.5438 
-0.308596 -0.0940844 0.12493 0.348661 0.577344 0.81123 1.05059 1.29572 1.54694 1.80461 2.06909 2.34081 2.62022 2.90784 3.20422 3.50997 3.8258 4.15247 4.49084 4.84191 5.20679 5.58676 5.98328 6.39805 6.83308 7.29072 7.77376 8.2856 8.83039 9.41327 10.0408 10.7213 11.4661 12.2906 13.2167 14.2775 15.5268 
-0.299794 -0.085323 0.133647 0.357334 0.585972 0.819812 1.05913 1.30421 1.55538 1.81299 2.07742 2.34909 2.62845 2.91601 3.21233 3.51802 3.83379 4.16039 4.4987 4.8497 5.21451 5.5944 5.99084 6.40553 6.84048 7.29802 7.78097 8.29271 8.83739 9.42015 10.0475 10.7279 11.4726 12.2969 13.2228 14.2834 15.5324 
-0.247201 -0.0329835 0.185729 0.409152 0.637521 0.871085 1.11012 1.35491 1.60579 1.86309 2.12721 2.39856 2.67759 2.96481 3.26078 3.56612 3.88151 4.20773 4.54564 4.89623 5.2606 5.64004 6.03602 6.45022 6.88466 7.34166 7.82404 8.33518 8.87921 9.46129 10.0879 10.7675 11.5113 12.3346 13.2595 14.3188 15.5664 
-0.229757 -0.0156234 0.203003 0.42634 0.654619 0.888092 1.12703 1.37173 1.62251 1.87971 2.14373 2.41497 2.69389 2.981 3.27685 3.58207 3.89734 4.22343 4.56121 4.91166 5.27589 5.65518 6.051 6.46505 6.89931 7.35613 7.83833 8.34926 8.89309 9.47493 10.1013 10.7807 11.5242 12.3472 13.2716 14.3306 15.5776 
-0.22105 -0.00695855 0.211626 0.434919 0.663153 0.89658 1.13547 1.38012 1.63085 1.88801 2.15197 2.42316 2.70203 2.98908 3.28488 3.59003 3.90524 4.23126 4.56898 4.91936 5.28352 5.66274 6.05848 6.47245 6.90662 7.36336 7.84546 8.35629 8.90001 9.48175 10.108 10.7872 11.5306 12.3534 13.2777 14.3364 15.5832 
-0.186331 0.0275945 0.246008 0.469127 0.697183 0.930429 1.16913 1.41359 1.66413 1.92108 2.18484 2.45582 2.73447 3.0213 3.31686 3.62178 3.93674 4.26251 4.59996 4.95007 5.31395 5.69288 6.08831 6.50195 6.93579 7.39217 7.87389 8.38433 8.92762 9.5089 10.1347 10.8134 11.5561 12.3783 13.3019 14.3598 15.6056 
-0.177678 0.0362055 0.254577 0.477652 0.705665 0.938864 1.17752 1.42194 1.67242 1.92933 2.19303 2.46396 2.74255 3.02933 3.32483 3.62969 3.94459 4.2703 4.60769 4.95773 5.32154 5.70039 6.09574 6.5093 6.94306 7.39935 7.88098 8.39132 8.9345 9.51567 10.1413 10.8199 11.5625 12.3845 13.3079 14.3656 15.6112 
-0.194995 0.0189714 0.237428 0.46059 0.688691 0.921981 1.16073 1.40524 1.65582 1.91283 2.17664 2.44767 2.72637 3.01326 3.30888 3.61386 3.92888 4.25471 4.59223 4.94241 5.30636 5.68536 6.08087 6.49459 6.92851 7.38498 7.86679 8.37733 8.92073 9.50213 10.128 10.8068 11.5498 12.3721 13.2958 14.354 15.6001 
-0.20367 0.0103384 0.228837 0.452043 0.680188 0.913524 1.15232 1.39688 1.64751 1.90457 2.16843 2.43951 2.71827 3.00521 3.30089 3.60592 3.92101 4.24691 4.58449 4.93473 5.29876 5.67783 6.07341 6.48722 6.92122 7.37778 7.85969 8.37033 8.91383 9.49534 10.1214 10.8003 11.5434 12.3659 13.2898 14.3481 15.5945 
-0.177678 0.0362055 0.254577 0.477652 0.705665 0.938864 1.17752 1.42194 1.67242 1.92933 2.19303 2.46396 2.74255 3.02933 3.32483 3.62969 3.94459 4.2703 4.60769 4.95773 5.32154 5.70039 6.09574 6.5093 6.94306 7.39935 7.88098 8.39132 8.9345 9.51567 10.1413 10.8199 11.5625 12.3845 13.3079 14.3656 15.6112 
-0.186331 0.0275945 0.246008 0.469127 0.697183 0.930429 1.16913 1.41359 1.66413 1.92108 2.18484 2.45582 2.73447 3.0213 3.31686 3.62178 3.93674 4.26251 4.59996 4.95007 5.31395 5.69288 6.08831 6.50195 6.93579 7.39217 7.87389 8.38433 8.92762 9.5089 10.1347 10.8134 11.5561 12.3783 13.3019 14.3598 15.6056 
-0.160402 0.0533985 0.271685 0.494674 0.722598 0.955707 1.19427 1.43859 1.68898 1.94578 2.20939 2.48021 2.7587 3.04536 3.34075 3.64549 3.96027 4.28585 4.62311 4.97301 5.33668 5.71538 6.11058 6.52398 6.95757 7.41368 7.89512 8.40527 8.94824 9.52919 10.1546 10.8329 11.5752 12.3969 13.32 14.3773 15.6224 
-0.169035 0.0448071 0.263136 0.486168 0.714136 0.947291 1.1859 1.43027 1.6807 1.93756 2.20122 2.47209 2.75063 3.03735 3.3328 3.6376 3.95244 4.27808 4.6154 4.96537 5.32911 5.70789 6.10317 6.51665 6.95032 7.40652 7.88805 8.3983 8.94138 9.52243 10.148 10.8264 11.5689 12.3908 13.3139 14.3715 15.6168 
-0.212356 0.00169486 0.220237 0.443486 0.671676 0.905057 1.1439 1.3885 1.63918 1.89629 2.1602 2.43134 2.71015 2.99715 3.29289 3.59798 3.91313 4.23909 4.57674 4.92705 5.29114 5.67029 6.06595 6.47984 6.91393 7.37057 7.85258 8.36331 8.90693 9.48855 10.1147 10.7938 11.537 12.3597 13.2837 14.3423 15.5889 
-0.20367 0.0103384 0.228837 0.452043 0.680188 0.913524 1.15232 1.39688 1.64751 1.90457 2.16843 2.43951 2.71827 3.00521 3.30089 3.60592 3.92101 4.24691 4.58449 4.93473 5.29876 5.67783 6.07341 6.48722 6.92122 7.37778 7.85969 8.37033 8.91383 9.49534 10.1214 10.8003 11.5434 12.3659 13.2898 14.3481 15.5945 
-0.177678 0.0362055 0.254577 0.477652 0.705665 0.938864 1.17752 1.42194 1.67242 1.92933 2.19303 2.46396 2.74255 3.02933 3.32483 3.62969 3.94459 4.2703 4.60769 4.95773 5.32154 5.70039 6.09574 6.5093 6.94306 7.39935 7.88098 8.39132 8.9345 9.51567 10.1413 10.8199 11.5625 12.3845 13.3079 14.3656 15.6112 
-0.15178 0.0619789 0.280224 0.503169 0.731048 0.964112 1.20263 1.4469 1.69724 1.954 2.21755 2.48832 2.76675 3.05336 3.34869 3.65338 3.96809 4.29361 4.6308 4.98064 5.34423 5.72286 6.11799 6.53131 6.96481 7.42084 7.90218 8.41223 8.9551 9.53593 10.1612 10.8394 11.5816 12.4031 13.326 14.3831 15.6279 
-0.238475 -0.024299 0.194371 0.417751 0.646075 0.879593 1.11858 1.36332 1.61415 1.87141 2.13548 2.40677 2.68575 2.97291 3.26882 3.5741 3.88943 4.21558 4.55343 4.90395 5.26825 5.64762 6.04352 6.45764 6.89199 7.3489 7.83119 8.34222 8.88615 9.46812 10.0946 10.7741 11.5177 12.3409 13.2655 14.3247 15.572 
-0.247201 -0.0329835 0.185729 0.409152 0.637521 0.871085 1.11012 1.35491 1.60579 1.86309 2.12721 2.39856 2.67759 2.96481 3.26078 3.56612 3.88151 4.20773 4.54564 4.89623 5.2606 5.64004 6.03602 6.45022 6.88466 7.34166 7.82404 8.33518 8.87921 9.46129 10.0879 10.7675 11.5113 12.3346 13.2595 14.3188 15.5664 
-0.229757 -0.0156234 0.203003 0.42634 0.654619 0.888092 1.12703 1.37173 1.62251 1.87971 2.14373 2.41497 2.69389 2.981 3.27685 3.58207 3.89734 4.22343 4.56121 4.91166 5.27589 5.65518 6.051 6.46505 6.89931 7.35613 7.83833 8.34926 8.89309 9.47493 10.1013 10.7807 11.5242 12.3472 13.2716 14.3306 15.5776 
-0.247201 -0.0329835 0.185729 0.409152 0.637521 0.871085 1.11012 1.35491 1.60579 1.86309 2.12721 2.39856 2.67759 2.96481 3.26078 3.56612 3.88151 4.20773 4.54564 4.89623 5.2606 5.64004 6.03602 6.45022 6.88466 7.34166 7.82404 8.33518 8.87921 9.46129 10.0879 10.7675 11.5113 12.3346 13.2595 14.3188 15.5664 
-0.238475 -0.024299 0.194371 0.417751 0.646075 0.879593 1.11858 1.36332 1.61415 1.87141 2.13548 2.40677 2.68575 2.97291 3.26882 3.5741 3.88943 4.21558 4.55343 4.90395 5.26825 5.64762 6.04352 6.45764 6.89199 7.3489 7.83119 8.34222 8.88615 9.46812 10.0946 10.7741 11.5177 12.3409 13.2655 14.3247 15.572 
-0.20367 0.0103384 0.228837 0.452043 0.680188 0.913524 1.15232 1.39688 1.64751 1.90457 2.16843 2.43951 2.71827 3.00521 3.30089 3.60592 3.92101 4.24691 4.58449 4.93473 5.29876 5.67783 6.07341 6.48722 6.92122 7.37778 7.85969 8.37033 8.91383 9.49534 10.1214 10.8003 11.5434 12.3659 13.2898 14.3481 15.5945 
-0.194995 0.0189714 0.237428 0.46059 0.688691 0.921981 1.16073 1.40524 1.65582 1.91283 2.17664 2.44767 2.72637 3.01326 3.30888 3.61386 3.92888 4.25471 4.59223 4.94241 5.30636 5.68536 6.08087 6.49459 6.92851 7.38498 7.86679 8.37733 8.92073 9.50213 10.128 10.8068 11.5498 12.3721 13.2958 14.354 15.6001 
-0.169035 0.0448071 0.263136 0.486168 0.714136 0.947291 1.1859 1.43027 1.6807 1.93756 2.20122 2.47209 2.75063 3.03735 3.3328 3.6376 3.95244 4.27808 4.6154 4.96537 5.32911 5.70789 6.10317 6.51665 6.95032 7.40652 7.88805 8.3983 8.94138 9.52243 10.148 10.8264 11.5689 12.3908 13.3139 14.3715 15.6168 
-0.134568 0.0791087 0.297269 0.520128 0.747919 0.980894 1.21932 1.4635 1.71374 1.9704 2.23385 2.50451 2.78284 3.06933 3.36455 3.66912 3.98371 4.3091 4.64616 4.99586 5.35932 5.7378 6.13278 6.54594 6.97927 7.43512 7.91628 8.42613 8.96879 9.54939 10.1744 10.8523 11.5942 12.4155 13.338 14.3947 15.6391 
-0.160402 0.0533985 0.271685 0.494674 0.722598 0.955707 1.19427 1.43859 1.68898 1.94578 2.20939 2.48021 2.7587 3.04536 3.34075 3.64549 3.96027 4.28585 4.62311 4.97301 5.33668 5.71538 6.11058 6.52398 6.95757 7.41368 7.89512 8.40527 8.94824 9.52919 10.1546 10.8329 11.5752 12.3969 13.32 14.3773 15.6224 
-0.134568 0.0791087 0.297269 0.520128 0.747919 0.980894 1.21932 1.4635 1.71374 1.9704 2.23385 2.50451 2.78284 3.06933 3.36455 3.66912 3.98371 4.3091 4.64616 4.99586 5.35932 5.7378 6.13278 6.54594 6.97927 7.43512 7.91628 8.42613 8.96879 9.54939 10.1744 10.8523 11.5942 12.4155 13.338 14.3947 15.6391 
-0.15178 0.0619789 0.280224 0.503169 0.731048 0.964112 1.20263 1.4469 1.69724 1.954 2.21755 2.48832 2.76675 3.05336 3.34869 3.65338 3.96809 4.29361 4.6308 4.98064 5.34423 5.72286 6.11799 6.53131 6.96481 7.42084 7.90218 8.41223 8.9551 9.53593 10.1612 10.8394 11.5816 12.4031 13.326 14.3831 15.6279 
-0.160402 0.0533985 0.271685 0.494674 0.722598 0.955707 1.19427 1.43859 1.68898 1.94578 2.20939 2.48021 2.7587 3.04536 3.34075 3.64549 3.96027 4.28585 4.62311 4.97301 5.33668 5.71538 6.11058 6.52398 6.95757 7.41368 7.89512 8.40527 8.94824 9.52919 10.1546 10.8329 11.5752 12.3969 13.32 14.3773 15.6224 
-0.143168 0.0705491 0.288751 0.511654 0.739489 0.972508 1.21098 1.4552 1.7055 1.9622 2.2257 2.49642 2.7748 3.06135 3.35663 3.66125 3.97591 4.30136 4.63849 4.98826 5.35178 5.73034 6.12539 6.53863 6.97205 7.42798 7.90924 8.41918 8.96195 9.54267 10.1678 10.8459 11.5879 12.4093 13.332 14.3889 15.6335 
-0.143168 0.0705491 0.288751 0.511654 0.739489 0.972508 1.21098 1.4552 1.7055 1.9622 2.2257 2.49642 2.7748 3.06135 3.35663 3.66125 3.97591 4.30136 4.63849 4.98826 5.35178 5.73034 6.12539 6.53863 6.97205 7.42798 7.90924 8.41918 8.96195 9.54267 10.1678 10.8459 11.5879 12.4093 13.332 14.3889 15.6335 
-0.15178 0.0619789 0.280224 0.503169 0.731048 0.964112 1.20263 1.4469 1.69724 1.954 2.21755 2.48832 2.76675 3.05336 3.34869 3.65338 3.96809 4.29361 4.6308 4.98064 5.34423 5.72286 6.11799 6.53131 6.96481 7.42084 7.90218 8.41223 8.9551 9.53593 10.1612 10.8394 11.5816 12.4031 13.326 14.3831 15.6279 
-0.169035 0.0448071 0.263136 0.486168 0.714136 0.947291 1.1859 1.43027 1.6807 1.93756 2.20122 2.47209 2.75063 3.03735 3.3328 3.6376 3.95244 4.27808 4.6154 4.96537 5.32911 5.70789 6.10317 6.51665 6.95032 7.40652 7.88805 8.3983 8.94138 9.52243 10.148 10.8264 11.5689 12.3908 13.3139 14.3715 15.6168 
-0.22105 -0.00695855 0.211626 0.434919 0.663153 0.89658 1.13547 1.38012 1.63085 1.88801 2.15197 2.42316 2.70203 2.98908 3.28488 3.59003 3.90524 4.23126 4.56898 4.91936 5.28352 5.66274 6.05848 6.47245 6.90662 7.36336 7.84546 8.35629 8.90001 9.48175 10.108 10.7872 11.5306 12.3534 13.2777 14.3364 15.5832 
-0.255941 -0.0416808 0.177075 0.400542 0.628955 0.862565 1.10164 1.34649 1.59741 1.85477 2.11894 2.39034 2.66943 2.9567 3.25273 3.55813 3.87358 4.19986 4.53784 4.88849 5.25294 5.63246 6.02851 6.4428 6.87732 7.33441 7.81688 8.32812 8.87226 9.45445 10.0812 10.761 11.5049 12.3284 13.2534 14.3129 15.5607 
-0.273449 -0.0591056 0.159736 0.383291 0.611794 0.845496 1.08467 1.32961 1.58063 1.83809 2.10236 2.37387 2.65307 2.94046 3.2366 3.54211 3.85769 4.1841 4.52221 4.87301 5.2376 5.61726 6.01347 6.42792 6.86261 7.31988 7.80254 8.31398 8.85834 9.44076 10.0678 10.7478 11.492 12.3158 13.2412 14.3012 15.5494 
-0.28222 -0.0678341 0.15105 0.37465 0.603197 0.836945 1.07616 1.32115 1.57222 1.82973 2.09406 2.36562 2.64487 2.93232 3.22852 3.53409 3.84973 4.17621 4.51438 4.86525 5.22991 5.60965 6.00594 6.42047 6.85524 7.3126 7.79536 8.3069 8.85136 9.4339 10.061 10.7412 11.4855 12.3095 13.235 14.2953 15.5438 
-0.308596 -0.0940844 0.12493 0.348661 0.577344 0.81123 1.05059 1.29572 1.54694 1.80461 2.06909 2.34081 2.62022 2.90784 3.20422 3.50997 3.8258 4.15247 4.49084 4.84191 5.20679 5.58676 5.98328 6.39805 6.83308 7.29072 7.77376 8.2856 8.83039 9.41327 10.0408 10.7213 11.4661 12.2906 13.2167 14.2775 15.5268 
-0.308596 -0.0940844 0.12493 0.348661 0.577344 0.81123 1.05059 1.29572 1.54694 1.80461 2.06909 2.34081 2.62022 2.90784 3.20422 3.50997 3.8258 4.15247 4.49084 4.84191 5.20679 5.58676 5.98328 6.39805 6.83308 7.29072 7.77376 8.2856 8.83039 9.41327 10.0408 10.7213 11.4661 12.2906 13.2167 14.2775 15.5268 
-0.28222 -0.0678341 0.15105 0.37465 0.603197 0.836945 1.07616 1.32115 1.57222 1.82973 2.09406 2.36562 2.64487 2.93232 3.22852 3.53409 3.84973 4.17621 4.51438 4.86525 5.22991 5.60965 6.00594 6.42047 6.85524 7.3126 7.79536 8.3069 8.85136 9.4339 10.061 10.7412 11.4855 12.3095 13.235 14.2953 15.5438 
-0.255941 -0.0416808 0.177075 0.400542 0.628955 0.862565 1.10164 1.34649 1.59741 1.85477 2.11894 2.39034 2.66943 2.9567 3.25273 3.55813 3.87358 4.19986 4.53784 4.88849 5.25294 5.63246 6.02851 6.4428 6.87732 7.33441 7.81688 8.32812 8.87226 9.45445 10.0812 10.761 11.5049 12.3284 13.2534 14.3129 15.5607 
-0.238475 -0.024299 0.194371 0.417751 0.646075 0.879593 1.11858 1.36332 1.61415 1.87141 2.13548 2.40677 2.68575 2.97291 3.26882 3.5741 3.88943 4.21558 4.55343 4.90395 5.26825 5.64762 6.04352 6.45764 6.89199 7.3489 7.83119 8.34222 8.88615 9.46812 10.0946 10.7741 11.5177 12.3409 13.2655 14.3247 15.572 
-0.212356 0.00169486 0.220237 0.443486 0.671676 0.905057 1.1439 1.3885 1.63918 1.89629 2.1602 2.43134 2.71015 2.99715 3.29289 3.59798 3.91313 4.23909 4.57674 4.92705 5.29114 5.67029 6.06595 6.47984 6.91393 7.37057 7.85258 8.36331 8.90693 9.48855 10.1147 10.7938 11.537 12.3597 13.2837 14.3423 15.5889 
-0.212356 0.00169486 0.220237 0.443486 0.671676 0.905057 1.1439 1.3885 1.63918 1.89629 2.1602 2.43134 2.71015 2.99715 3.29289 3.59798 3.91313 4.23909 4.57674 4.92705 5.29114 5.67029 6.06595 6.47984 6.91393 7.37057 7.85258 8.36331 8.90693 9.48855 10.1147 10.7938 11.537 12.3597 13.2837 14.3423 15.5889 
-0.22105 -0.00695855 0.211626 0.434919 0.663153 0.89658 1.13547 1.38012 1.63085 1.88801 2.15197 2.42316 2.70203 2.98908 3.28488 3.59003 3.90524 4.23126 4.56898 4.91936 5.28352 5.66274 6.05848 6.47245 6.90662 7.36336 7.84546 8.35629 8.90001 9.48175 10.108 10.7872 11.5306 12.3534 13.2777 14.3364 15.5832 
-0.22105 -0.00695855 0.211626 0.434919 0.663153 0.89658 1.13547 1.38012 1.63085 1.88801 2.15197 2.42316 2.70203 2.98908 3.28488 3.59003 3.90524 4.23126 4.56898 4.91936 5.28352 5.66274 6.05848 6.47245 6.90662 7.36336 7.84546 8.35629 8.90001 9.48175 10.108 10.7872 11.5306 12.3534 13.2777 14.3364 15.5832 
-0.229757 -0.0156234 0.203003 0.42634 0.654619 0.888092 1.12703 1.37173 1.62251 1.87971 2.14373 2.41497 2.69389 2.981 3.27685 3.58207 3.89734 4.22343 4.56121 4.91166 5.27589 5.65518 6.051 6.46505 6.89931 7.35613 7.83833 8.34926 8.89309 9.47493 10.1013 10.7807 11.5242 12.3472 13.2716 14.3306 15.5776 
-0.20367 0.0103384 0.228837 0.452043 0.680188 0.913524 1.15232 1.39688 1.64751 1.90457 2.16843 2.43951 2.71827 3.00521 3.30089 3.60592 3.92101 4.24691 4.58449 4.93473 5.29876 5.67783 6.07341 6.48722 6.92122 7.37778 7.85969 8.37033 8.91383 9.49534 10.1214 10.8003 11.5434 12.3659 13.2898 14.3481 15.5945 
-0.177678 0.0362055 0.254577 0.477652 0.705665 0.938864 1.17752 1.42194 1.67242 1.92933 2.19303 2.46396 2.74255 3.02933 3.32483 3.62969 3.94459 4.2703 4.60769 4.95773 5.32154 5.70039 6.09574 6.5093 6.94306 7.39935 7.88098 8.39132 8.9345 9.51567 10.1413 10.8199 11.5625 12.3845 13.3079 14.3656 15.6112 
-0.194995 0.0189714 0.237428 0.46059 0.688691 0.921981 1.16073 1.40524 1.65582 1.91283 2.17664 2.44767 2.72637 3.01326 3.30888 3.61386 3.92888 4.25471 4.59223 4.94241 5.30636 5.68536 6.08087 6.49459 6.92851 7.38498 7.86679 8.37733 8.92073 9.50213 10.128 10.8068 11.5498 12.3721 13.2958 14.354 15.6001 
-0.22105 -0.00695855 0.211626 0.434919 0.663153 0.89658 1.13547 1.38012 1.63085 1.88801 2.15197 2.42316 2.70203 2.98908 3.28488 3.59003 3.90524 4.23126 4.56898 4.91936 5.28352 5.66274 6.05848 6.47245 6.90662 7.36336 7.84546 8.35629 8.90001 9.48175 10.108 10.7872 11.5306 12.3534 13.2777 14.3364 15.5832 
-0.229757 -0.0156234 0.203003 0.42634 0.654619 0.888092 1.12703 1.37173 1.62251 1.87971 2.14373 2.41497 2.69389 2.981 3.27685 3.58207 3.89734 4.22343 4.56121 4.91166 5.27589 5.65518 6.051 6.46505 6.89931 7.35613 7.83833 8.34926 8.89309 9.47493 10.1013 10.7807 11.5242 12.3472 13.2716 14.3306 15.5776 
-0.194995 0.0189714 0.237428 0.46059 0.688691 0.921981 1.16073 1.40524 1.65582 1.91283 2.17664 2.44767 2.72637 3.01326 3.30888 3.61386 3.92888 4.25471 4.59223 4.94241 5.30636 5.68536 6.08087 6.49459 6.92851 7.38498 7.86679 8.37733 8.92073 9.50213 10.128 10.8068 11.5498 12.3721 13.2958 14.354 15.6001 
-0.177678 0.0362055 0.254577 0.477652 0.705665 0.938864 1.17752 1.42194 1.67242 1.92933 2.19303 2.46396 2.74255 3.02933 3.32483 3.62969 3.94459 4.2703 4.60769 4.95773 5.32154 5.70039 6.09574 6.5093 6.94306 7.39935 7.88098 8.39132 8.9345 9.51567 10.1413 10.8199 11.5625 12.3845 13.3079 14.3656 15.6112 
-0.255941 -0.0416808 0.177075 0.400542 0.628955 0.862565 1.10164 1.34649 1.59741 1.85477 2.11894 2.39034 2.66943 2.9567 3.25273 3.55813 3.87358 4.19986 4.53784 4.88849 5.25294 5.63246 6.02851 6.4428 6.87732 7.33441 7.81688 8.32812 8.87226 9.45445 10.0812 10.761 11.5049 12.3284 13.2534 14.3129 15.5607 
-0.238475 -0.024299 0.194371 0.417751 0.646075 0.879593 1.11858 1.36332 1.61415 1.87141 2.13548 2.40677 2.68575 2.97291 3.26882 3.5741 3.88943 4.21558 4.55343 4.90395 5.26825 5.64762 6.04352 6.45764 6.89199 7.3489 7.83119 8.34222 8.88615 9.46812 10.0946 10.7741 11.5177 12.3409 13.2655 14.3247 15.572 
-0.255941 -0.0416808 0.177075 0.400542 0.628955 0.862565 1.10164 1.34649 1.59741 1.85477 2.11894 2.39034 2.66943 2.9567 3.25273 3.55813 3.87358 4.19986 4.53784 4.88849 5.25294 5.63246 6.02851 6.4428 6.87732 7.33441 7.81688 8.32812 8.87226 9.45445 10.0812 10.761 11.5049 12.3284 13.2534 14.3129 15.5607 
-0.26469 -0.0503878 0.16841 0.391922 0.62038 0.854036 1.09316 1.33805 1.58903 1.84643 2.11066 2.38211 2.66125 2.94858 3.24467 3.55012 3.86564 4.19198 4.53003 4.88075 5.24528 5.62487 6.02099 6.43536 6.86997 7.32715 7.80972 8.32106 8.8653 9.44761 10.0745 10.7544 11.4984 12.3221 13.2473 14.3071 15.5551 
-0.247201 -0.0329835 0.185729 0.409152 0.637521 0.871085 1.11012 1.35491 1.60579 1.86309 2.12721 2.39856 2.67759 2.96481 3.26078 3.56612 3.88151 4.20773 4.54564 4.89623 5.2606 5.64004 6.03602 6.45022 6.88466 7.34166 7.82404 8.33518 8.87921 9.46129 10.0879 10.7675 11.5113 12.3346 13.2595 14.3188 15.5664 
-0.20367 0.0103384 0.228837 0.452043 0.680188 0.913524 1.15232 1.39688 1.64751 1.90457 2.16843 2.43951 2.71827 3.00521 3.30089 3.60592 3.92101 4.24691 4.58449 4.93473 5.29876 5.67783 6.07341 6.48722 6.92122 7.37778 7.85969 8.37033 8.91383 9.49534 10.1214 10.8003 11.5434 12.3659 13.2898 14.3481 15.5945 
-0.160402 0.0533985 0.271685 0.494674 0.722598 0.955707 1.19427 1.43859 1.68898 1.94578 2.20939 2.48021 2.7587 3.04536 3.34075 3.64549 3.96027 4.28585 4.62311 4.97301 5.33668 5.71538 6.11058 6.52398 6.95757 7.41368 7.89512 8.40527 8.94824 9.52919 10.1546 10.8329 11.5752 12.3969 13.32 14.3773 15.6224 
-0.143168 0.0705491 0.288751 0.511654 0.739489 0.972508 1.21098 1.4552 1.7055 1.9622 2.2257 2.49642 2.7748 3.06135 3.35663 3.66125 3.97591 4.30136 4.63849 4.98826 5.35178 5.73034 6.12539 6.53863 6.97205 7.42798 7.90924 8.41918 8.96195 9.54267 10.1678 10.8459 11.5879 12.4093 13.332 14.3889 15.6335 
-0.15178 0.0619789 0.280224 0.503169 0.731048 0.964112 1.20263 1.4469 1.69724 1.954 2.21755 2.48832 2.76675 3.05336 3.34869 3.65338 3.96809 4.29361 4.6308 4.98064 5.34423 5.72286 6.11799 6.53131 6.96481 7.42084 7.90218 8.41223 8.9551 9.53593 10.1612 10.8394 11.5816 12.4031 13.326 14.3831 15.6279 
-0.177678 0.0362055 0.254577 0.477652 0.705665 0.938864 1.17752 1.42194 1.67242 1.92933 2.19303 2.46396 2.74255 3.02933 3.32483 3.62969 3.94459 4.2703 4.60769 4.95773 5.32154 5.70039 6.09574 6.5093 6.94306 7.39935 7.88098 8.39132 8.9345 9.51567 10.1413 10.8199 11.5625 12.3845 13.3079 14.3656 15.6112 
-0.134568 0.0791087 0.297269 0.520128 0.747919 0.980894 1.21932 1.4635 1.71374 1.9704 2.23385 2.50451 2.78284 3.06933 3.36455 3.66912 3.98371 4.3091 4.64616 4.99586 5.35932 5.7378 6.13278 6.54594 6.97927 7.43512 7.91628 8.42613 8.96879 9.54939 10.1744 10.8523 11.5942 12.4155 13.338 14.3947 15.6391 
-0.169035 0.0448071 0.263136 0.486168 0.714136 0.947291 1.1859 1.43027 1.6807 1.93756 2.20122 2.47209 2.75063 3.03735 3.3328 3.6376 3.95244 4.27808 4.6154 4.96537 5.32911 5.70789 6.10317 6.51665 6.95032 7.40652 7.88805 8.3983 8.94138 9.52243 10.148 10.8264 11.5689 12.3908 13.3139 14.3715 15.6168 
-0.186331 0.0275945 0.246008 0.469127 0.697183 0.930429 1.16913 1.41359 1.66413 1.92108 2.18484 2.45582 2.73447 3.0213 3.31686 3.62178 3.93674 4.26251 4.59996 4.95007 5.31395 5.69288 6.08831 6.50195 6.93579 7.39217 7.87389 8.38433 8.92762 9.5089 10.1347 10.8134 11.5561 12.3783 13.3019 14.3598 15.6056 
-0.169035 0.0448071 0.263136 0.486168 0.714136 0.947291 1.1859 1.43027 1.6807 1.93756 2.20122 2.47209 2.75063 3.03735 3.3328 3.6376 3.95244 4.27808 4.6154 4.96537 5.32911 5.70789 6.10317 6.51665 6.95032 7.40652 7.88805 8.3983 8.94138 9.52243 10.148 10.8264 11.5689 12.3908 13.3139 14.3715 15.6168 
-0.160402 0.0533985 0.271685 0.494674 0.722598 0.955707 1.19427 1.43859 1.68898 1.94578 2.20939 2.48021 2.7587 3.04536 3.34075 3.64549 3.96027 4.28585 4.62311 4.97301 5.33668 5.71538 6.11058 6.52398 6.95757 7.41368 7.89512 8.40527 8.94824 9.52919 10.1546 10.8329 11.5752 12.3969 13.32 14.3773 15.6224 
-0.15178 0.0619789 0.280224 0.503169 0.731048 0.964112 1.20263 1.4469 1.69724 1.954 2.21755 2.48832 2.76675 3.05336 3.34869 3.65338 3.96809 4.29361 4.6308 4.98064 5.34423 5.72286 6.11799 6.53131 6.96481 7.42084 7.90218 8.41223 8.9551 9.53593 10.1612 10.8394 11.5816 12.4031 13.326 14.3831 15.6279 
-0.160402 0.0533985 0.271685 0.494674 0.722598 0.955707 1.19427 1.43859 1.68898 1.94578 2.20939 2.48021 2.7587 3.04536 3.34075 3.64549 3.96027 4.28585 4.62311 4.97301 5.33668 5.71538 6.11058 6.52398 6.95757 7.41368 7.89512 8.40527 8.94824 9.52919 10.1546 10.8329 11.5752 12.3969 13.32 14.3773 15.6224 
-0.22105 -0.00695855 0.211626 0.434919 0.663153 0.89658 1.13547 1.38012 1.63085 1.88801 2.15197 2.42316 2.70203 2.98908 3.28488 3.59003 3.90524 4.23126 4.56898 4.91936 5.28352 5.66274 6.05848 6.47245 6.90662 7.36336 7.84546 8.35629 8.90001 9.48175 10.108 10.7872 11.5306 12.3534 13.2777 14.3364 15.5832 
-0.229757 -0.0156234 0.203003 0.42634 0.654619 0.888092 1.12703 1.37173 1.62251 1.87971 2.14373 2.41497 2.69389 2.981 3.27685 3.58207 3.89734 4.22343 4.56121 4.91166 5.27589 5.65518 6.051 6.46505 6.89931 7.35613 7.83833 8.34926 8.89309 9.47493 10.1013 10.7807 11.5242 12.3472 13.2716 14.3306 15.5776 
-0.247201 -0.0329835 0.185729 0.409152 0.637521 0.871085 1.11012 1.35491 1.60579 1.86309 2.12721 2.39856 2.67759 2.96481 3.26078 3.56612 3.88151 4.20773 4.54564 4.89623 5.2606 5.64004 6.03602 6.45022 6.88466 7.34166 7.82404 8.33518 8.87921 9.46129 10.0879 10.7675 11.5113 12.3346 13.2595 14.3188 15.5664 
-0.26469 -0.0503878 0.16841 0.391922 0.62038 0.854036 1.09316 1.33805 1.58903 1.84643 2.11066 2.38211 2.66125 2.94858 3.24467 3.55012 3.86564 4.19198 4.53003 4.88075 5.24528 5.62487 6.02099 6.43536 6.86997 7.32715 7.80972 8.32106 8.8653 9.44761 10.0745 10.7544 11.4984 12.3221 13.2473 14.3071 15.5551 
-0.291002 -0.0765732 0.142354 0.365997 0.59459 0.828384 1.06765 1.31268 1.56381 1.82137 2.08575 2.35736 2.63666 2.92417 3.22043 3.52606 3.84176 4.1683 4.50655 4.85748 5.22221 5.60203 5.99839 6.41301 6.84786 7.30532 7.78817 8.29981 8.84438 9.42703 10.0543 10.7346 11.4791 12.3032 13.2289 14.2893 15.5381 
-0.308596 -0.0940844 0.12493 0.348661 0.577344 0.81123 1.05059 1.29572 1.54694 1.80461 2.06909 2.34081 2.62022 2.90784 3.20422 3.50997 3.8258 4.15247 4.49084 4.84191 5.20679 5.58676 5.98328 6.39805 6.83308 7.29072 7.77376 8.2856 8.83039 9.41327 10.0408 10.7213 11.4661 12.2906 13.2167 14.2775 15.5268 
-0.308596 -0.0940844 0.12493 0.348661 0.577344 0.81123 1.05059 1.29572 1.54694 1.80461 2.06909 2.34081 2.62022 2.90784 3.20422 3.50997 3.8258 4.15247 4.49084 4.84191 5.20679 5.58676 5.98328 6.39805 6.83308 7.29072 7.77376 8.2856 8.83039 9.41327 10.0408 10.7213 11.4661 12.2906 13.2167 14.2775 15.5268 
-0.26469 -0.0503878 0.16841 0.391922 0.62038 0.854036 1.09316 1.33805 1.58903 1.84643 2.11066 2.38211 2.66125 2.94858 3.24467 3.55012 3.86564 4.19198 4.53003 4.88075 5.24528 5.62487 6.02099 6.43536 6.86997 7.32715 7.80972 8.32106 8.8653 9.44761 10.0745 10.7544 11.4984 12.3221 13.2473 14.3071 15.5551 
-0.247201 -0.0329835 0.185729 0.409152 0.637521 0.871085 1.11012 1.35491 1.60579 1.86309 2.12721 2.39856 2.67759 2.96481 3.26078 3.56612 3.88151 4.20773 4.54564 4.89623 5.2606 5.64004 6.03602 6.45022 6.88466 7.34166 7.82404 8.33518 8.87921 9.46129 10.0879 10.7675 11.5113 12.3346 13.2595 14.3188 15.5664 
-0.255941 -0.0416808 0.177075 0.400542 0.628955 0.862565 1.10164 1.34649 1.59741 1.85477 2.11894 2.39034 2.66943 2.9567 3.25273 3.55813 3.87358 4.19986 4.53784 4.88849 5.25294 5.63246 6.02851 6.4428 6.87732 7.33441 7.81688 8.32812 8.87226 9.45445 10.0812 10.761 11.5049 12.3284 13.2534 14.3129 15.5607 
-0.273449 -0.0591056 0.159736 0.383291 0.611794 0.845496 1.08467 1.32961 1.58063 1.83809 2.10236 2.37387 2.65307 2.94046 3.2366 3.54211 3.85769 4.1841 4.52221 4.87301 5.2376 5.61726 6.01347 6.42792 6.86261 7.31988 7.80254 8.31398 8.85834 9.44076 10.0678 10.7478 11.492 12.3158 13.2412 14.3012 15.5494 
-0.26469 -0.0503878 0.16841 0.391922 0.62038 0.854036 1.09316 1.33805 1.58903 1.84643 2.11066 2.38211 2.66125 2.94858 3.24467 3.55012 3.86564 4.19198 4.53003 4.88075 5.24528 5.62487 6.02099 6.43536 6.86997 7.32715 7.80972 8.32106 8.8653 9.44761 10.0745 10.7544 11.4984 12.3221 13.2473 14.3071 15.5551 
-0.247201 -0.0329835 0.185729 0.409152 0.637521 0.871085 1.11012 1.35491 1.60579 1.86309 2.12721 2.39856 2.67759 2.96481 3.26078 3.56612 3.88151 4.20773 4.54564 4.89623 5.2606 5.64004 6.03602 6.45022 6.88466 7.34166 7.82404 8.33518 8.87921 9.46129 10.0879 10.7675 11.5113 12.3346 13.2595 14.3188 15.5664 
-0.247201 -0.0329835 0.185729 0.409152 0.637521 0.871085 1.11012 1.35491 1.60579 1.86309 2.12721 2.39856 2.67759 2.96481 3.26078 3.56612 3.88151 4.20773 4.54564 4.89623 5.2606 5.64004 6.03602 6.45022 6.88466 7.34166 7.82404 8.33518 8.87921 9.46129 10.0879 10.7675 11.5113 12.3346 13.2595 14.3188 15.5664 
-0.20367 0.0103384 0.228837 0.452043 0.680188 0.913524 1.15232 1.39688 1.64751 1.90457 2.16843 2.43951 2.71827 3.00521 3.30089 3.60592 3.92101 4.24691 4.58449 4.93473 5.29876 5.67783 6.07341 6.48722 6.92122 7.37778 7.85969 8.37033 8.91383 9.49534 10.1214 10.8003 11.5434 12.3659 13.2898 14.3481 15.5945 
-0.20367 0.0103384 0.228837 0.452043 0.680188 0.913524 1.15232 1.39688 1.64751 1.90457 2.16843 2.43951 2.71827 3.00521 3.30089 3.60592 3.92101 4.24691 4.58449 4.93473 5.29876 5.67783 6.07341 6.48722 6.92122 7.37778 7.85969 8.37033 8.91383 9.49534 10.1214 10.8003 11.5434 12.3659 13.2898 14.3481 15.5945 
-0.194995 0.0189714 0.237428 0.46059 0.688691 0.921981 1.16073 1.40524 1.65582 1.91283 2.17664 2.44767 2.72637 3.01326 3.30888 3.61386 3.92888 4.25471 4.59223 4.94241 5.30636 5.68536 6.08087 6.49459 6.92851 7.38498 7.86679 8.37733 8.92073 9.50213 10.128 10.8068 11.5498 12.3721 13.2958 14.354 15.6001 
-0.238475 -0.024299 0.194371 0.417751 0.646075 0.879593 1.11858 1.36332 1.61415 1.87141 2.13548 2.40677 2.68575 2.97291 3.26882 3.5741 3.88943 4.21558 4.55343 4.90395 5.26825 5.64762 6.04352 6.45764 6.89199 7.3489 7.83119 8.34222 8.88615 9.46812 10.0946 10.7741 11.5177 12.3409 13.2655 14.3247 15.572 
-0.247201 -0.0329835 0.185729 0.409152 0.637521 0.871085 1.11012 1.35491 1.60579 1.86309 2.12721 2.39856 2.67759 2.96481 3.26078 3.56612 3.88151 4.20773 4.54564 4.89623 5.2606 5.64004 6.03602 6.45022 6.88466 7.34166 7.82404 8.33518 8.87921 9.46129 10.0879 10.7675 11.5113 12.3346 13.2595 14.3188 15.5664 
-0.212356 0.00169486 0.220237 0.443486 0.671676 0.905057 1.1439 1.3885 1.63918 1.89629 2.1602 2.43134 2.71015 2.99715 3.29289 3.59798 3.91313 4.23909 4.57674 4.92705 5.29114 5.67029 6.06595 6.47984 6.91393 7.37057 7.85258 8.36331 8.90693 9.48855 10.1147 10.7938 11.537 12.3597 13.2837 14.3423 15.5889 
-0.194995 0.0189714 0.237428 0.46059 0.688691 0.921981 1.16073 1.40524 1.65582 1.91283 2.17664 2.44767 2.72637 3.01326 3.30888 3.61386 3.92888 4.25471 4.59223 4.94241 5.30636 5.68536 6.08087 6.49459 6.92851 7.38498 7.86679 8.37733 8.92073 9.50213 10.128 10.8068 11.5498 12.3721 13.2958 14.354 15.6001 
-0.26469 -0.0503878 0.16841 0.391922 0.62038 0.854036 1.09316 1.33805 1.58903 1.84643 2.11066 2.38211 2.66125 2.94858 3.24467 3.55012 3.86564 4.19198 4.53003 4.88075 5.24528 5.62487 6.02099 6.43536 6.86997 7.32715 7.80972 8.32106 8.8653 9.44761 10.0745 10.7544 11.4984 12.3221 13.2473 14.3071 15.5551 
-0.255941 -0.0416808 0.177075 0.400542 0.628955 0.862565 1.10164 1.34649 1.59741 1.85477 2.11894 2.39034 2.66943 2.9567 3.25273 3.55813 3.87358 4.19986 4.53784 4.88849 5.25294 5.63246 6.02851 6.4428 6.87732 7.33441 7.81688 8.32812 8.87226 9.45445 10.0812 10.761 11.5049 12.3284 13.2534 14.3129 15.5607 
-0.28222 -0.0678341 0.15105 0.37465 0.603197 0.836945 1.07616 1.32115 1.57222 1.82973 2.09406 2.36562 2.64487 2.93232 3.22852 3.53409 3.84973 4.17621 4.51438 4.86525 5.22991 5.60965 6.00594 6.42047 6.85524 7.3126 7.79536 8.3069 8.85136 9.4339 10.061 10.7412 11.4855 12.3095 13.235 14.2953 15.5438 
-0.28222 -0.0678341 0.15105 0.37465 0.603197 0.836945 1.07616 1.32115 1.57222 1.82973 2.09406 2.36562 2.64487 2.93232 3.22852 3.53409 3.84973 4.17621 4.51438 4.86525 5.22991 5.60965 6.00594 6.42047 6.85524 7.3126 7.79536 8.3069 8.85136 9.4339 10.061 10.7412 11.4855 12.3095 13.235 14.2953 15.5438 
-0.22105 -0.00695855 0.211626 0.434919 0.663153 0.89658 1.13547 1.38012 1.63085 1.88801 2.15197 2.42316 2.70203 2.98908 3.28488 3.59003 3.90524 4.23126 4.56898 4.91936 5.28352 5.66274 6.05848 6.47245 6.90662 7.36336 7.84546 8.35629 8.90001 9.48175 10.108 10.7872 11.5306 12.3534 13.2777 14.3364 15.5832 
-0.212356 0.00169486 0.220237 0.443486 0.671676 0.905057 1.1439 1.3885 1.63918 1.89629 2.1602 2.43134 2.71015 2.99715 3.29289 3.59798 3.91313 4.23909 4.57674 4.92705 5.29114 5.67029 6.06595 6.47984 6.91393 7.37057 7.85258 8.36331 8.90693 9.48855 10.1147 10.7938 11.537 12.3597 13.2837 14.3423 15.5889 
-0.194995 0.0189714 0.237428 0.46059 0.688691 0.921981 1.16073 1.40524 1.65582 1.91283 2.17664 2.44767 2.72637 3.01326 3.30888 3.61386 3.92888 4.25471 4.59223 4.94241 5.30636 5.68536 6.08087 6.49459 6.92851 7.38498 7.86679 8.37733 8.92073 9.50213 10.128 10.8068 11.5498 12.3721 13.2958 14.354 15.6001 
-0.177678 0.0362055 0.254577 0.477652 0.705665 0.938864 1.17752 1.42194 1.67242 1.92933 2.19303 2.46396 2.74255 3.02933 3.32483 3.62969 3.94459 4.2703 4.60769 4.95773 5.32154 5.70039 6.09574 6.5093 6.94306 7.39935 7.88098 8.39132 8.9345 9.51567 10.1413 10.8199 11.5625 12.3845 13.3079 14.3656 15.6112 
-0.169035 0.0448071 0.263136 0.486168 0.714136 0.947291 1.1859 1.43027 1.6807 1.93756 2.20122 2.47209 2.75063 3.03735 3.3328 3.6376 3.95244 4.27808 4.6154 4.96537 5.32911 5.70789 6.10317 6.51665 6.95032 7.40652 7.88805 8.3983 8.94138 9.52243 10.148 10.8264 11.5689 12.3908 13.3139 14.3715 15.6168 
-0.169035 0.0448071 0.263136 0.486168 0.714136 0.947291 1.1859 1.43027 1.6807 1.93756 2.20122 2.47209 2.75063 3.03735 3.3328 3.6376 3.95244 4.27808 4.6154 4.96537 5.32911 5.70789 6.10317 6.51665 6.95032 7.40652 7.88805 8.3983 8.94138 9.52243 10.148 10.8264 11.5689 12.3908 13.3139 14.3715 15.6168 
-0.143168 0.0705491 0.288751 0.511654 0.739489 0.972508 1.21098 1.4552 1.7055 1.9622 2.2257 2.49642 2.7748 3.06135 3.35663 3.66125 3.97591 4.30136 4.63849 4.98826 5.35178 5.73034 6.12539 6.53863 6.97205 7.42798 7.90924 8.41918 8.96195 9.54267 10.1678 10.8459 11.5879 12.4093 13.332 14.3889 15.6335 
-0.169035 0.0448071 0.263136 0.486168 0.714136 0.947291 1.1859 1.43027 1.6807 1.93756 2.20122 2.47209 2.75063 3.03735 3.3328 3.6376 3.95244 4.27808 4.6154 4.96537 5.32911 5.70789 6.10317 6.51665 6.95032 7.40652 7.88805 8.3983 8.94138 9.52243 10.148 10.8264 11.5689 12.3908 13.3139 14.3715 15.6168 
-0.186331 0.0275945 0.246008 0.469127 0.697183 0.930429 1.16913 1.41359 1.66413 1.92108 2.18484 2.45582 2.73447 3.0213 3.31686 3.62178 3.93674 4.26251 4.59996 4.95007 5.31395 5.69288 6.08831 6.50195 6.93579 7.39217 7.87389 8.38433 8.92762 9.5089 10.1347 10.8134 11.5561 12.3783 13.3019 14.3598 15.6056 
-0.169035 0.0448071 0.263136 0.486168 0.714136 0.947291 1.1859 1.43027 1.6807 1.93756 2.20122 2.47209 2.75063 3.03735 3.3328 3.6376 3.95244 4.27808 4.6154 4.96537 5.32911 5.70789 6.10317 6.51665 6.95032 7.40652 7.88805 8.3983 8.94138 9.52243 10.148 10.8264 11.5689 12.3908 13.3139 14.3715 15.6168 
-0.160402 0.0533985 0.271685 0.494674 0.722598 0.955707 1.19427 1.43859 1.68898 1.94578 2.20939 2.48021 2.7587 3.04536 3.34075 3.64549 3.96027 4.28585 4.62311 4.97301 5.33668 5.71538 6.11058 6.52398 6.95757 7.41368 7.89512 8.40527 8.94824 9.52919 10.1546 10.8329 11.5752 12.3969 13.32 14.3773 15.6224 
-0.169035 0.0448071 0.263136 0.486168 0.714136 0.947291 1.1859 1.43027 1.6807 1.93756 2.20122 2.47209 2.75063 3.03735 3.3328 3.6376 3.95244 4.27808 4.6154 4.96537 5.32911 5.70789 6.10317 6.51665 6.95032 7.40652 7.88805 8.3983 8.94138 9.52243 10.148 10.8264 11.5689 12.3908 13.3139 14.3715 15.6168 
-0.160402 0.0533985 0.271685 0.494674 0.722598 0.955707 1.19427 1.43859 1.68898 1.94578 2.20939 2.48021 2.7587 3.04536 3.34075 3.64549 3.96027 4.28585 4.62311 4.97301 5.33668 5.71538 6.11058 6.52398 6.95757 7.41368 7.89512 8.40527 8.94824 9.52919 10.1546 10.8329 11.5752 12.3969 13.32 14.3773 15.6224 
-0.22105 -0.00695855 0.211626 0.434919 0.663153 0.89658 1.13547 1.38012 1.63085 1.88801 2.15197 2.42316 2.70203 2.98908 3.28488 3.59003 3.90524 4.23126 4.56898 4.91936 5.28352 5.66274 6.05848 6.47245 6.90662 7.36336 7.84546 8.35629 8.90001 9.48175 10.108 10.7872 11.5306 12.3534 13.2777 14.3364 15.5832 
-0.229757 -0.0156234 0.203003 0.42634 0.654619 0.888092 1.12703 1.37173 1.62251 1.87971 2.14373 2.41497 2.69389 2.981 3.27685 3.58207 3.89734 4.22343 4.56121 4.91166 5.27589 5.65518 6.051 6.46505 6.89931 7.35613 7.83833 8.34926 8.89309 9.47493 10.1013 10.7807 11.5242 12.3472 13.2716 14.3306 15.5776 
-0.229757 -0.0156234 0.203003 0.42634 0.654619 0.888092 1.12703 1.37173 1.62251 1.87971 2.14373 2.41497 2.69389 2.981 3.27685 3.58207 3.89734 4.22343 4.56121 4.91166 5.27589 5.65518 6.051 6.46505 6.89931 7.35613 7.83833 8.34926 8.89309 9.47493 10.1013 10.7807 11.5242 12.3472 13.2716 14.3306 15.5776 
-0.26469 -0.0503878 0.16841 0.391922 0.62038 0.854036 1.09316 1.33805 1.58903 1.84643 2.11066 2.38211 2.66125 2.94858 3.24467 3.55012 3.86564 4.19198 4.53003 4.88075 5.24528 5.62487 6.02099 6.43536 6.86997 7.32715 7.80972 8.32106 8.8653 9.44761 10.0745 10.7544 11.4984 12.3221 13.2473 14.3071 15.5551 
-0.28222 -0.0678341 0.15105 0.37465 0.603197 0.836945 1.07616 1.32115 1.57222 1.82973 2.09406 2.36562 2.64487 2.93232 3.22852 3.53409 3.84973 4.17621 4.51438 4.86525 5.22991 5.60965 6.00594 6.42047 6.85524 7.3126 7.79536 8.3069 8.85136 9.4339 10.061 10.7412 11.4855 12.3095 13.235 14.2953 15.5438 
-0.291002 -0.0765732 0.142354 0.365997 0.59459 0.828384 1.06765 1.31268 1.56381 1.82137 2.08575 2.35736 2.63666 2.92417 3.22043 3.52606 3.84176 4.1683 4.50655 4.85748 5.22221 5.60203 5.99839 6.41301 6.84786 7.30532 7.78817 8.29981 8.84438 9.42703 10.0543 10.7346 11.4791 12.3032 13.2289 14.2893 15.5381 
-0.308596 -0.0940844 0.12493 0.348661 0.577344 0.81123 1.05059 1.29572 1.54694 1.80461 2.06909 2.34081 2.62022 2.90784 3.20422 3.50997 3.8258 4.15247 4.49084 4.84191 5.20679 5.58676 5.98328 6.39805 6.83308 7.29072 7.77376 8.2856 8.83039 9.41327 10.0408 10.7213 11.4661 12.2906 13.2167 14.2775 15.5268 
-0.291002 -0.0765732 0.142354 0.365997 0.59459 0.828384 1.06765 1.31268 1.56381 1.82137 2.08575 2.35736 2.63666 2.92417 3.22043 3.52606 3.84176 4.1683 4.50655 4.85748 5.22221 5.60203 5.99839 6.41301 6.84786 7.30532 7.78817 8.29981 8.84438 9.42703 10.0543 10.7346 11.4791 12.3032 13.2289 14.2893 15.5381 
-0.26469 -0.0503878 0.16841 0.391922 0.62038 0.854036 1.09316 1.33805 1.58903 1.84643 2.11066 2.38211 2.66125 2.94858 3.24467 3.55012 3.86564 4.19198 4.53003 4.88075 5.24528 5.62487 6.02099 6.43536 6.86997 7.32715 7.80972 8.32106 8.8653 9.44761 10.0745 10.7544 11.4984 12.3221 13.2473 14.3071 15.5551 
-0.26469 -0.0503878 0.16841 0.391922 0.62038 0.854036 1.09316 1.33805 1.58903 1.84643 2.11066 2.38211 2.66125 2.94858 3.24467 3.55012 3.86564 4.19198 4.53003 4.88075 5.24528 5.62487 6.02099 6.43536 6.86997 7.32715 7.80972 8.32106 8.8653 9.44761 10.0745 10.7544 11.4984 12.3221 13.2473 14.3071 15.5551 
-0.308596 -0.0940844 0.12493 0.348661 0.577344 0.81123 1.05059 1.29572 1.54694 1.80461 2.06909 2.34081 2.62022 2.90784 3.20422 3.50997 3.8258 4.15247 4.49084 4.84191 5.20679 5.58676 5.98328 6.39805 6.83308 7.29072 7.77376 8.2856 8.83039 9.41327 10.0408 10.7213 11.4661 12.2906 13.2167 14.2775 15.5268 
-0.317412 -0.102856 0.116201 0.339976 0.568704 0.802636 1.04204 1.28722 1.5385 1.79621 2.06074 2.33252 2.61199 2.89966 3.1961 3.50191 3.8178 4.14453 4.48298 4.83412 5.19907 5.57911 5.9757 6.39056 6.82568 7.2834 7.76654 8.27848 8.82338 9.40637 10.034 10.7147 11.4596 12.2843 13.2105 14.2716 15.5211 
-0.308596 -0.0940844 0.12493 0.348661 0.577344 0.81123 1.05059 1.29572 1.54694 1.80461 2.06909 2.34081 2.62022 2.90784 3.20422 3.50997 3.8258 4.15247 4.49084 4.84191 5.20679 5.58676 5.98328 6.39805 6.83308 7.29072 7.77376 8.2856 8.83039 9.41327 10.0408 10.7213 11.4661 12.2906 13.2167 14.2775 15.5268 
-0.26469 -0.0503878 0.16841 0.391922 0.62038 0.854036 1.09316 1.33805 1.58903 1.84643 2.11066 2.38211 2.66125 2.94858 3.24467 3.55012 3.86564 4.19198 4.53003 4.88075 5.24528 5.62487 6.02099 6.43536 6.86997 7.32715 7.80972 8.32106 8.8653 9.44761 10.0745 10.7544 11.4984 12.3221 13.2473 14.3071 15.5551 
-0.247201 -0.0329835 0.185729 0.409152 0.637521 0.871085 1.11012 1.35491 1.60579 1.86309 2.12721 2.39856 2.67759 2.96481 3.26078 3.56612 3.88151 4.20773 4.54564 4.89623 5.2606 5.64004 6.03602 6.45022 6.88466 7.34166 7.82404 8.33518 8.87921 9.46129 10.0879 10.7675 11.5113 12.3346 13.2595 14.3188 15.5664 
-0.255941 -0.0416808 0.177075 0.400542 0.628955 0.862565 1.10164 1.34649 1.59741 1.85477 2.11894 2.39034 2.66943 2.9567 3.25273 3.55813 3.87358 4.19986 4.53784 4.88849 5.25294 5.63246 6.02851 6.4428 6.87732 7.33441 7.81688 8.32812 8.87226 9.45445 10.0812 10.761 11.5049 12.3284 13.2534 14.3129 15.5607 
-0.229757 -0.0156234 0.203003 0.42634 0.654619 0.888092 1.12703 1.37173 1.62251 1.87971 2.14373 2.41497 2.69389 2.981 3.27685 3.58207 3.89734 4.22343 4.56121 4.91166 5.27589 5.65518 6.051 6.46505 6.89931 7.35613 7.83833 8.34926 8.89309 9.47493 10.1013 10.7807 11.5242 12.3472 13.2716 14.3306 15.5776 
-0.28222 -0.0678341 0.15105 0.37465 0.603197 0.836945 1.07616 1.32115 1.57222 1.82973 2.09406 2.36562 2.64487 2.93232 3.22852 3.53409 3.84973 4.17621 4.51438 4.86525 5.22991 5.60965 6.00594 6.42047 6.85524 7.3126 7.79536 8.3069 8.85136 9.4339 10.061 10.7412 11.4855 12.3095 13.235 14.2953 15.5438 
-0.255941 -0.0416808 0.177075 0.400542 0.628955 0.862565 1.10164 1.34649 1.59741 1.85477 2.11894 2.39034 2.66943 2.9567 3.25273 3.55813 3.87358 4.19986 4.53784 4.88849 5.25294 5.63246 6.02851 6.4428 6.87732 7.33441 7.81688 8.32812 8.87226 9.45445 10.0812 10.761 11.5049 12.3284 13.2534 14.3129 15.5607 
-0.238475 -0.024299 0.194371 0.417751 0.646075 0.879593 1.11858 1.36332 1.61415 1.87141 2.13548 2.40677 2.68575 2.97291 3.26882 3.5741 3.88943 4.21558 4.55343 4.90395 5.26825 5.64762 6.04352 6.45764 6.89199 7.3489 7.83119 8.34222 8.88615 9.46812 10.0946 10.7741 11.5177 12.3409 13.2655 14.3247 15.572 
-0.229757 -0.0156234 0.203003 0.42634 0.654619 0.888092 1.12703 1.37173 1.62251 1.87971 2.14373 2.41497 2.69389 2.981 3.27685 3.58207 3.89734 4.22343 4.56121 4.91166 5.27589 5.65518 6.051 6.46505 6.89931 7.35613 7.83833 8.34926 8.89309 9.47493 10.1013 10.7807 11.5242 12.3472 13.2716 14.3306 15.5776 
-0.26469 -0.0503878 0.16841 0.391922 0.62038 0.854036 1.09316 1.33805 1.58903 1.84643 2.11066 2.38211 2.66125 2.94858 3.24467 3.55012 3.86564 4.19198 4.53003 4.88075 5.24528 5.62487 6.02099 6.43536 6.86997 7.32715 7.80972 8.32106 8.8653 9.44761 10.0745 10.7544 11.4984 12.3221 13.2473 14.3071 15.5551 
-0.273449 -0.0591056 0.159736 0.383291 0.611794 0.845496 1.08467 1.32961 1.58063 1.83809 2.10236 2.37387 2.65307 2.94046 3.2366 3.54211 3.85769 4.1841 4.52221 4.87301 5.2376 5.61726 6.01347 6.42792 6.86261 7.31988 7.80254 8.31398 8.85834 9.44076 10.0678 10.7478 11.492 12.3158 13.2412 14.3012 15.5494 
-0.28222 -0.0678341 0.15105 0.37465 0.603197 0.836945 1.07616 1.32115 1.57222 1.82973 2.09406 2.36562 2.64487 2.93232 3.22852 3.53409 3.84973 4.17621 4.51438 4.86525 5.22991 5.60965 6.00594 6.42047 6.85524 7.3126 7.79536 8.3069 8.85136 9.4339 10.061 10.7412 11.4855 12.3095 13.235 14.2953 15.5438 
-0.28222 -0.0678341 0.15105 0.37465 0.603197 0.836945 1.07616 1.32115 1.57222 1.82973 2.09406 2.36562 2.64487 2.93232 3.22852 3.53409 3.84973 4.17621 4.51438 4.86525 5.22991 5.60965 6.00594 6.42047 6.85524 7.3126 7.79536 8.3069 8.85136 9.4339 10.061 10.7412 11.4855 12.3095 13.235 14.2953 15.5438 
-0.229757 -0.0156234 0.203003 0.42634 0.654619 0.888092 1.12703 1.37173 1.62251 1.87971 2.14373 2.41497 2.69389 2.981 3.27685 3.58207 3.89734 4.22343 4.56121 4.91166 5.27589 5.65518 6.051 6.46505 6.89931 7.35613 7.83833 8.34926 8.89309 9.47493 10.1013 10.7807 11.5242 12.3472 13.2716 14.3306 15.5776 
-0.212356 0.00169486 0.220237 0.443486 0.671676 0.905057 1.1439 1.3885 1.63918 1.89629 2.1602 2.43134 2.71015 2.99715 3.29289 3.59798 3.91313 4.23909 4.57674 4.92705 5.29114 5.67029 6.06595 6.47984 6.91393 7.37057 7.85258 8.36331 8.90693 9.48855 10.1147 10.7938 11.537 12.3597 13.2837 14.3423 15.5889 
-0.20367 0.0103384 0.228837 0.452043 0.680188 0.913524 1.15232 1.39688 1.64751 1.90457 2.16843 2.43951 2.71827 3.00521 3.30089 3.60592 3.92101 4.24691 4.58449 4.93473 5.29876 5.67783 6.07341 6.48722 6.92122 7.37778 7.85969 8.37033 8.91383 9.49534 10.1214 10.8003 11.5434 12.3659 13.2898 14.3481 15.5945 
-0.186331 0.0275945 0.246008 0.469127 0.697183 0.930429 1.16913 1.41359 1.66413 1.92108 2.18484 2.45582 2.73447 3.0213 3.31686 3.62178 3.93674 4.26251 4.59996 4.95007 5.31395 5.69288 6.08831 6.50195 6.93579 7.39217 7.87389 8.38433 8.92762 9.5089 10.1347 10.8134 11.5561 12.3783 13.3019 14.3598 15.6056 
-0.177678 0.0362055 0.254577 0.477652 0.705665 0.938864 1.17752 1.42194 1.67242 1.92933 2.19303 2.46396 2.74255 3.02933 3.32483 3.62969 3.94459 4.2703 4.60769 4.95773 5.32154 5.70039 6.09574 6.5093 6.94306 7.39935 7.88098 8.39132 8.9345 9.51567 10.1413 10.8199 11.5625 12.3845 13.3079 14.3656 15.6112 
-0.177678 0.0362055 0.254577 0.477652 0.705665 0.938864 1.17752 1.42194 1.67242 1.92933 2.19303 2.46396 2.74255 3.02933 3.32483 3.62969 3.94459 4.2703 4.60769 4.95773 5.32154 5.70039 6.09574 6.5093 6.94306 7.39935 7.88098 8.39132 8.9345 9.51567 10.1413 10.8199 11.5625 12.3845 13.3079 14.3656 15.6112 
-0.15178 0.0619789 0.280224 0.503169 0.731048 0.964112 1.20263 1.4469 1.69724 1.954 2.21755 2.48832 2.76675 3.05336 3.34869 3.65338 3.96809 4.29361 4.6308 4.98064 5.34423 5.72286 6.11799 6.53131 6.96481 7.42084 7.90218 8.41223 8.9551 9.53593 10.1612 10.8394 11.5816 12.4031 13.326 14.3831 15.6279 
-0.160402 0.0533985 0.271685 0.494674 0.722598 0.955707 1.19427 1.43859 1.68898 1.94578 2.20939 2.48021 2.7587 3.04536 3.34075 3.64549 3.96027 4.28585 4.62311 4.97301 5.33668 5.71538 6.11058 6.52398 6.95757 7.41368 7.89512 8.40527 8.94824 9.52919 10.1546 10.8329 11.5752 12.3969 13.32 14.3773 15.6224 
-0.177678 0.0362055 0.254577 0.477652 0.705665 0.938864 1.17752 1.42194 1.67242 1.92933 2.19303 2.46396 2.74255 3.02933 3.32483 3.62969 3.94459 4.2703 4.60769 4.95773 5.32154 5.70039 6.09574 6.5093 6.94306 7.39935 7.88098 8.39132 8.9345 9.51567 10.1413 10.8199 11.5625 12.3845 13.3079 14.3656 15.6112 
-0.169035 0.0448071 0.263136 0.486168 0.714136 0.947291 1.1859 1.43027 1.6807 1.93756 2.20122 2.47209 2.75063 3.03735 3.3328 3.6376 3.95244 4.27808 4.6154 4.96537 5.32911 5.70789 6.10317 6.51665 6.95032 7.40652 7.88805 8.3983 8.94138 9.52243 10.148 10.8264 11.5689 12.3908 13.3139 14.3715 15.6168 
-0.169035 0.0448071 0.263136 0.486168 0.714136 0.947291 1.1859 1.43027 1.6807 1.93756 2.20122 2.47209 2.75063 3.03735 3.3328 3.6376 3.95244 4.27808 4.6154 4.96537 5.32911 5.70789 6.10317 6.51665 6.95032 7.40652 7.88805 8.3983 8.94138 9.52243 10.148 10.8264 11.5689 12.3908 13.3139 14.3715 15.6168 
-0.177678 0.0362055 0.254577 0.477652 0.705665 0.938864 1.17752 1.42194 1.67242 1.92933 2.19303 2.46396 2.74255 3.02933 3.32483 3.62969 3.94459 4.2703 4.60769 4.95773 5.32154 5.70039 6.09574 6.5093 6.94306 7.39935 7.88098 8.39132 8.9345 9.51567 10.1413 10.8199 11.5625 12.3845 13.3079 14.3656 15.6112 
-0.169035 0.0448071 0.263136 0.486168 0.714136 0.947291 1.1859 1.43027 1.6807 1.93756 2.20122 2.47209 2.75063 3.03735 3.3328 3.6376 3.95244 4.27808 4.6154 4.96537 5.32911 5.70789 6.10317 6.51665 6.95032 7.40652 7.88805 8.3983 8.94138 9.52243 10.148 10.8264 11.5689 12.3908 13.3139 14.3715 15.6168 
-0.194995 0.0189714 0.237428 0.46059 0.688691 0.921981 1.16073 1.40524 1.65582 1.91283 2.17664 2.44767 2.72637 3.01326 3.30888 3.61386 3.92888 4.25471 4.59223 4.94241 5.30636 5.68536 6.08087 6.49459 6.92851 7.38498 7.86679 8.37733 8.92073 9.50213 10.128 10.8068 11.5498 12.3721 13.2958 14.354 15.6001 
-0.212356 0.00169486 0.220237 0.443486 0.671676 0.905057 1.1439 1.3885 1.63918 1.89629 2.1602 2.43134 2.71015 2.99715 3.29289 3.59798 3.91313 4.23909 4.57674 4.92705 5.29114 5.67029 6.06595 6.47984 6.91393 7.37057 7.85258 8.36331 8.90693 9.48855 10.1147 10.7938 11.537 12.3597 13.2837 14.3423 15.5889 
-0.22105 -0.00695855 0.211626 0.434919 0.663153 0.89658 1.13547 1.38012 1.63085 1.88801 2.15197 2.42316 2.70203 2.98908 3.28488 3.59003 3.90524 4.23126 4.56898 4.91936 5.28352 5.66274 6.05848 6.47245 6.90662 7.36336 7.84546 8.35629 8.90001 9.48175 10.108 10.7872 11.5306 12.3534 13.2777 14.3364 15.5832 
-0.229757 -0.0156234 0.203003 0.42634 0.654619 0.888092 1.12703 1.37173 1.62251 1.87971 2.14373 2.41497 2.69389 2.981 3.27685 3.58207 3.89734 4.22343 4.56121 4.91166 5.27589 5.65518 6.051 6.46505 6.89931 7.35613 7.83833 8.34926 8.89309 9.47493 10.1013 10.7807 11.5242 12.3472 13.2716 14.3306 15.5776 
-0.247201 -0.0329835 0.185729 0.409152 0.637521 0.871085 1.11012 1.35491 1.60579 1.86309 2.12721 2.39856 2.67759 2.96481 3.26078 3.56612 3.88151 4.20773 4.54564 4.89623 5.2606 5.64004 6.03602 6.45022 6.88466 7.34166 7.82404 8.33518 8.87921 9.46129 10.0879 10.7675 11.5113 12.3346 13.2595 14.3188 15.5664 
-0.273449 -0.0591056 0.159736 0.383291 0.611794 0.845496 1.08467 1.32961 1.58063 1.83809 2.10236 2.37387 2.65307 2.94046 3.2366 3.54211 3.85769 4.1841 4.52221 4.87301 5.2376 5.61726 6.01347 6.42792 6.86261 7.31988 7.80254 8.31398 8.85834 9.44076 10.0678 10.7478 11.492 12.3158 13.2412 14.3012 15.5494 
-0.28222 -0.0678341 0.15105 0.37465 0.603197 0.836945 1.07616 1.32115 1.57222 1.82973 2.09406 2.36562 2.64487 2.93232 3.22852 3.53409 3.84973 4.17621 4.51438 4.86525 5.22991 5.60965 6.00594 6.42047 6.85524 7.3126 7.79536 8.3069 8.85136 9.4339 10.061 10.7412 11.4855 12.3095 13.235 14.2953 15.5438 
-0.273449 -0.0591056 0.159736 0.383291 0.611794 0.845496 1.08467 1.32961 1.58063 1.83809 2.10236 2.37387 2.65307 2.94046 3.2366 3.54211 3.85769 4.1841 4.52221 4.87301 5.2376 5.61726 6.01347 6.42792 6.86261 7.31988 7.80254 8.31398 8.85834 9.44076 10.0678 10.7478 11.492 12.3158 13.2412 14.3012 15.5494 
-0.28222 -0.0678341 0.15105 0.37465 0.603197 0.836945 1.07616 1.32115 1.57222 1.82973 2.09406 2.36562 2.64487 2.93232 3.22852 3.53409 3.84973 4.17621 4.51438 4.86525 5.22991 5.60965 6.00594 6.42047 6.85524 7.3126 7.79536 8.3069 8.85136 9.4339 10.061 10.7412 11.4855 12.3095 13.235 14.2953 15.5438 
-0.28222 -0.0678341 0.15105 0.37465 0.603197 0.836945 1.07616 1.32115 1.57222 1.82973 2.09406 2.36562 2.64487 2.93232 3.22852 3.53409 3.84973 4.17621 4.51438 4.86525 5.22991 5.60965 6.00594 6.42047 6.85524 7.3126 7.79536 8.3069 8.85136 9.4339 10.061 10.7412 11.4855 12.3095 13.235 14.2953 15.5438 
-0.326236 -0.111639 0.107462 0.331282 0.560055 0.794033 1.03349 1.27872 1.53004 1.7878 2.05239 2.32422 2.60374 2.89147 3.18797 3.49384 3.80979 4.13659 4.4751 4.82631 5.19133 5.57145 5.96812 6.38306 6.81826 7.27608 7.75931 8.27136 8.81636 9.39947 10.0272 10.708 11.4531 12.2779 13.2044 14.2656 15.5154 
-0.343919 -0.129236 0.0899509 0.313859 0.542723 0.776794 1.01634 1.26167 1.51309 1.77096 2.03565 2.30758 2.58722 2.87506 3.17168 3.47767 3.79375 4.12067 4.45932 4.81067 5.17583 5.5561 5.95293 6.36804 6.80341 7.26141 7.74483 8.25708 8.80229 9.38564 10.0136 10.6947 11.4401 12.2652 13.192 14.2537 15.504 
-0.361646 -0.146878 0.0723962 0.296394 0.525348 0.759512 0.999157 1.24458 1.4961 1.75407 2.01886 2.29091 2.57066 2.85861 3.15534 3.46146 3.77766 4.10472 4.4435 4.79499 5.1603 5.54071 5.9377 6.35297 6.78852 7.2467 7.73032 8.24277 8.7882 9.37177 10 10.6814 11.4271 12.2525 13.1797 14.2418 15.4925 
-0.308596 -0.0940844 0.12493 0.348661 0.577344 0.81123 1.05059 1.29572 1.54694 1.80461 2.06909 2.34081 2.62022 2.90784 3.20422 3.50997 3.8258 4.15247 4.49084 4.84191 5.20679 5.58676 5.98328 6.39805 6.83308 7.29072 7.77376 8.2856 8.83039 9.41327 10.0408 10.7213 11.4661 12.2906 13.2167 14.2775 15.5268 
-0.308596 -0.0940844 0.12493 0.348661 0.577344 0.81123 1.05059 1.29572 1.54694 1.80461 2.06909 2.34081 2.62022 2.90784 3.20422 3.50997 3.8258 4.15247 4.49084 4.84191 5.20679 5.58676 5.98328 6.39805 6.83308 7.29072 7.77376 8.2856 8.83039 9.41327 10.0408 10.7213 11.4661 12.2906 13.2167 14.2775 15.5268 
-0.335072 -0.120432 0.0987117 0.322576 0.551394 0.785419 1.02492 1.2702 1.52157 1.77938 2.04402 2.3159 2.59549 2.88327 3.17983 3.48576 3.80177 4.12864 4.46721 4.81849 5.18359 5.56378 5.96053 6.37556 6.81084 7.26875 7.75208 8.26422 8.80933 9.39256 10.0204 10.7014 11.4466 12.2716 13.1982 14.2597 15.5097 
-0.308596 -0.0940844 0.12493 0.348661 0.577344 0.81123 1.05059 1.29572 1.54694 1.80461 2.06909 2.34081 2.62022 2.90784 3.20422 3.50997 3.8258 4.15247 4.49084 4.84191 5.20679 5.58676 5.98328 6.39805 6.83308 7.29072 7.77376 8.2856 8.83039 9.41327 10.0408 10.7213 11.4661 12.2906 13.2167 14.2775 15.5268 
-0.299794 -0.085323 0.133647 0.357334 0.585972 0.819812 1.05913 1.30421 1.55538 1.81299 2.07742 2.34909 2.62845 2.91601 3.21233 3.51802 3.83379 4.16039 4.4987 4.8497 5.21451 5.5944 5.99084 6.40553 6.84048 7.29802 7.78097 8.29271 8.83739 9.42015 10.0475 10.7279 11.4726 12.2969 13.2228 14.2834 15.5324 
-0.273449 -0.0591056 0.159736 0.383291 0.611794 0.845496 1.08467 1.32961 1.58063 1.83809 2.10236 2.37387 2.65307 2.94046 3.2366 3.54211 3.85769 4.1841 4.52221 4.87301 5.2376 5.61726 6.01347 6.42792 6.86261 7.31988 7.80254 8.31398 8.85834 9.44076 10.0678 10.7478 11.492 12.3158 13.2412 14.3012 15.5494 
-0.26469 -0.0503878 0.16841 0.391922 0.62038 0.854036 1.09316 1.33805 1.58903 1.84643 2.11066 2.38211 2.66125 2.94858 3.24467 3.55012 3.86564 4.19198 4.53003 4.88075 5.24528 5.62487 6.02099 6.43536 6.86997 7.32715 7.80972 8.32106 8.8653 9.44761 10.0745 10.7544 11.4984 12.3221 13.2473 14.3071 15.5551 
-0.273449 -0.0591056 0.159736 0.383291 0.611794 0.845496 1.08467 1.32961 1.58063 1.83809 2.10236 2.37387 2.65307 2.94046 3.2366 3.54211 3.85769 4.1841 4.52221 4.87301 5.2376 5.61726 6.01347 6.42792 6.86261 7.31988 7.80254 8.31398 8.85834 9.44076 10.0678 10.7478 11.492 12.3158 13.2412 14.3012 15.5494 
-0.28222 -0.0678341 0.15105 0.37465 0.603197 0.836945 1.07616 1.32115 1.57222 1.82973 2.09406 2.36562 2.64487 2.93232 3.22852 3.53409 3.84973 4.17621 4.51438 4.86525 5.22991 5.60965 6.00594 6.42047 6.85524 7.3126 7.79536 8.3069 8.85136 9.4339 10.061 10.7412 11.4855 12.3095 13.235 14.2953 15.5438 
-0.299794 -0.085323 0.133647 0.357334 0.585972 0.819812 1.05913 1.30421 1.55538 1.81299 2.07742 2.34909 2.62845 2.91601 3.21233 3.51802 3.83379 4.16039 4.4987 4.8497 5.21451 5.5944 5.99084 6.40553 6.84048 7.29802 7.78097 8.29271 8.83739 9.42015 10.0475 10.7279 11.4726 12.2969 13.2228 14.2834 15.5324 
-0.299794 -0.085323 0.133647 0.357334 0.585972 0.819812 1.05913 1.30421 1.55538 1.81299 2.07742 2.34909 2.62845 2.91601 3.21233 3.51802 3.83379 4.16039 4.4987 4.8497 5.21451 5.5944 5.99084 6.40553 6.84048 7.29802 7.78097 8.29271 8.83739 9.42015 10.0475 10.7279 11.4726 12.2969 13.2228 14.2834 15.5324 
-0.273449 -0.0591056 0.159736 0.383291 0.611794 0.845496 1.08467 1.32961 1.58063 1.83809 2.10236 2.37387 2.65307 2.94046 3.2366 3.54211 3.85769 4.1841 4.52221 4.87301 5.2376 5.61726 6.01347 6.42792 6.86261 7.31988 7.80254 8.31398 8.85834 9.44076 10.0678 10.7478 11.492 12.3158 13.2412 14.3012 15.5494 
-0.238475 -0.024299 0.194371 0.417751 0.646075 0.879593 1.11858 1.36332 1.61415 1.87141 2.13548 2.40677 2.68575 2.97291 3.26882 3.5741 3.88943 4.21558 4.55343 4.90395 5.26825 5.64762 6.04352 6.45764 6.89199 7.3489 7.83119 8.34222 8.88615 9.46812 10.0946 10.7741 11.5177 12.3409 13.2655 14.3247 15.572 
-0.22105 -0.00695855 0.211626 0.434919 0.663153 0.89658 1.13547 1.38012 1.63085 1.88801 2.15197 2.42316 2.70203 2.98908 3.28488 3.59003 3.90524 4.23126 4.56898 4.91936 5.28352 5.66274 6.05848 6.47245 6.90662 7.36336 7.84546 8.35629 8.90001 9.48175 10.108 10.7872 11.5306 12.3534 13.2777 14.3364 15.5832 
-0.20367 0.0103384 0.228837 0.452043 0.680188 0.913524 1.15232 1.39688 1.64751 1.90457 2.16843 2.43951 2.71827 3.00521 3.30089 3.60592 3.92101 4.24691 4.58449 4.93473 5.29876 5.67783 6.07341 6.48722 6.92122 7.37778 7.85969 8.37033 8.91383 9.49534 10.1214 10.8003 11.5434 12.3659 13.2898 14.3481 15.5945 
-0.177678 0.0362055 0.254577 0.477652 0.705665 0.938864 1.17752 1.42194 1.67242 1.92933 2.19303 2.46396 2.74255 3.02933 3.32483 3.62969 3.94459 4.2703 4.60769 4.95773 5.32154 5.70039 6.09574 6.5093 6.94306 7.39935 7.88098 8.39132 8.9345 9.51567 10.1413 10.8199 11.5625 12.3845 13.3079 14.3656 15.6112 
-0.160402 0.0533985 0.271685 0.494674 0.722598 0.955707 1.19427 1.43859 1.68898 1.94578 2.20939 2.48021 2.7587 3.04536 3.34075 3.64549 3.96027 4.28585 4.62311 4.97301 5.33668 5.71538 6.11058 6.52398 6.95757 7.41368 7.89512 8.40527 8.94824 9.52919 10.1546 10.8329 11.5752 12.3969 13.32 14.3773 15.6224 
-0.160402 0.0533985 0.271685 0.494674 0.722598 0.955707 1.19427 1.43859 1.68898 1.94578 2.20939 2.48021 2.7587 3.04536 3.34075 3.64549 3.96027 4.28585 4.62311 4.97301 5.33668 5.71538 6.11058 6.52398 6.95757 7.41368 7.89512 8.40527 8.94824 9.52919 10.1546 10.8329 11.5752 12.3969 13.32 14.3773 15.6224 
-0.177678 0.0362055 0.254577 0.477652 0.705665 0.938864 1.17752 1.42194 1.67242 1.92933 2.19303 2.46396 2.74255 3.02933 3.32483 3.62969 3.94459 4.2703 4.60769 4.95773 5.32154 5.70039 6.09574 6.5093 6.94306 7.39935 7.88098 8.39132 8.9345 9.51567 10.1413 10.8199 11.5625 12.3845 13.3079 14.3656 15.6112 
-0.186331 0.0275945 0.246008 0.469127 0.697183 0.930429 1.16913 1.41359 1.66413 1.92108 2.18484 2.45582 2.73447 3.0213 3.31686 3.62178 3.93674 4.26251 4.59996 4.95007 5.31395 5.69288 6.08831 6.50195 6.93579 7.39217 7.87389 8.38433 8.92762 9.5089 10.1347 10.8134 11.5561 12.3783 13.3019 14.3598 15.6056 
-0.177678 0.0362055 0.254577 0.477652 0.705665 0.938864 1.17752 1.42194 1.67242 1.92933 2.19303 2.46396 2.74255 3.02933 3.32483 3.62969 3.94459 4.2703 4.60769 4.95773 5.32154 5.70039 6.09574 6.5093 6.94306 7.39935 7.88098 8.39132 8.9345 9.51567 10.1413 10.8199 11.5625 12.3845 13.3079 14.3656 15.6112 
-0.177678 0.0362055 0.254577 0.477652 0.705665 0.938864 1.17752 1.42194 1.67242 1.92933 2.19303 2.46396 2.74255 3.02933 3.32483 3.62969 3.94459 4.2703 4.60769 4.95773 5.32154 5.70039 6.09574 6.5093 6.94306 7.39935 7.88098 8.39132 8.9345 9.51567 10.1413 10.8199 11.5625 12.3845 13.3079 14.3656 15.6112 
-0.186331 0.0275945 0.246008 0.469127 0.697183 0.930429 1.16913 1.41359 1.66413 1.92108 2.18484 2.45582 2.73447 3.0213 3.31686 3.62178 3.93674 4.26251 4.59996 4.95007 5.31395 5.69288 6.08831 6.50195 6.93579 7.39217 7.87389 8.38433 8.92762 9.5089 10.1347 10.8134 11.5561 12.3783 13.3019 14.3598 15.6056 
-0.186331 0.0275945 0.246008 0.469127 0.697183 0.930429 1.16913 1.41359 1.66413 1.92108 2.18484 2.45582 2.73447 3.0213 3.31686 3.62178 3.93674 4.26251 4.59996 4.95007 5.31395 5.69288 6.08831 6.50195 6.93579 7.39217 7.87389 8.38433 8.92762 9.5089 10.1347 10.8134 11.5561 12.3783 13.3019 14.3598 15.6056 
-0.186331 0.0275945 0.246008 0.469127 0.697183 0.930429 1.16913 1.41359 1.66413 1.92108 2.18484 2.45582 2.73447 3.0213 3.31686 3.62178 3.93674 4.26251 4.59996 4.95007 5.31395 5.69288 6.08831 6.50195 6.93579 7.39217 7.87389 8.38433 8.92762 9.5089 10.1347 10.8134 11.5561 12.3783 13.3019 14.3598 15.6056 
-0.194995 0.0189714 0.237428 0.46059 0.688691 0.921981 1.16073 1.40524 1.65582 1.91283 2.17664 2.44767 2.72637 3.01326 3.30888 3.61386 3.92888 4.25471 4.59223 4.94241 5.30636 5.68536 6.08087 6.49459 6.92851 7.38498 7.86679 8.37733 8.92073 9.50213 10.128 10.8068 11.5498 12.3721 13.2958 14.354 15.6001 
-0.20367 0.0103384 0.228837 0.452043 0.680188 0.913524 1.15232 1.39688 1.64751 1.90457 2.16843 2.43951 2.71827 3.00521 3.30089 3.60592 3.92101 4.24691 4.58449 4.93473 5.29876 5.67783 6.07341 6.48722 6.92122 7.37778 7.85969 8.37033 8.91383 9.49534 10.1214 10.8003 11.5434 12.3659 13.2898 14.3481 15.5945 
-0.238475 -0.024299 0.194371 0.417751 0.646075 0.879593 1.11858 1.36332 1.61415 1.87141 2.13548 2.40677 2.68575 2.97291 3.26882 3.5741 3.88943 4.21558 4.55343 4.90395 5.26825 5.64762 6.04352 6.45764 6.89199 7.3489 7.83119 8.34222 8.88615 9.46812 10.0946 10.7741 11.5177 12.3409 13.2655 14.3247 15.572 
-0.26469 -0.0503878 0.16841 0.391922 0.62038 0.854036 1.09316 1.33805 1.58903 1.84643 2.11066 2.38211 2.66125 2.94858 3.24467 3.55012 3.86564 4.19198 4.53003 4.88075 5.24528 5.62487 6.02099 6.43536 6.86997 7.32715 7.80972 8.32106 8.8653 9.44761 10.0745 10.7544 11.4984 12.3221 13.2473 14.3071 15.5551 
-0.255941 -0.0416808 0.177075 0.400542 0.628955 0.862565 1.10164 1.34649 1.59741 1.85477 2.11894 2.39034 2.66943 2.9567 3.25273 3.55813 3.87358 4.19986 4.53784 4.88849 5.25294 5.63246 6.02851 6.4428 6.87732 7.33441 7.81688 8.32812 8.87226 9.45445 10.0812 10.761 11.5049 12.3284 13.2534 14.3129 15.5607 
-0.247201 -0.0329835 0.185729 0.409152 0.637521 0.871085 1.11012 1.35491 1.60579 1.86309 2.12721 2.39856 2.67759 2.96481 3.26078 3.56612 3.88151 4.20773 4.54564 4.89623 5.2606 5.64004 6.03602 6.45022 6.88466 7.34166 7.82404 8.33518 8.87921 9.46129 10.0879 10.7675 11.5113 12.3346 13.2595 14.3188 15.5664 
-0.247201 -0.0329835 0.185729 0.409152 0.637521 0.871085 1.11012 1.35491 1.60579 1.86309 2.12721 2.39856 2.67759 2.96481 3.26078 3.56612 3.88151 4.20773 4.54564 4.89623 5.2606 5.64004 6.03602 6.45022 6.88466 7.34166 7.82404 8.33518 8.87921 9.46129 10.0879 10.7675 11.5113 12.3346 13.2595 14.3188 15.5664 
-0.26469 -0.0503878 0.16841 0.391922 0.62038 0.854036 1.09316 1.33805 1.58903 1.84643 2.11066 2.38211 2.66125 2.94858 3.24467 3.55012 3.86564 4.19198 4.53003 4.88075 5.24528 5.62487 6.02099 6.43536 6.86997 7.32715 7.80972 8.32106 8.8653 9.44761 10.0745 10.7544 11.4984 12.3221 13.2473 14.3071 15.5551 
-0.299794 -0.085323 0.133647 0.357334 0.585972 0.819812 1.05913 1.30421 1.55538 1.81299 2.07742 2.34909 2.62845 2.91601 3.21233 3.51802 3.83379 4.16039 4.4987 4.8497 5.21451 5.5944 5.99084 6.40553 6.84048 7.29802 7.78097 8.29271 8.83739 9.42015 10.0475 10.7279 11.4726 12.2969 13.2228 14.2834 15.5324 
-0.308596 -0.0940844 0.12493 0.348661 0.577344 0.81123 1.05059 1.29572 1.54694 1.80461 2.06909 2.34081 2.62022 2.90784 3.20422 3.50997 3.8258 4.15247 4.49084 4.84191 5.20679 5.58676 5.98328 6.39805 6.83308 7.29072 7.77376 8.2856 8.83039 9.41327 10.0408 10.7213 11.4661 12.2906 13.2167 14.2775 15.5268 
-0.326236 -0.111639 0.107462 0.331282 0.560055 0.794033 1.03349 1.27872 1.53004 1.7878 2.05239 2.32422 2.60374 2.89147 3.18797 3.49384 3.80979 4.13659 4.4751 4.82631 5.19133 5.57145 5.96812 6.38306 6.81826 7.27608 7.75931 8.27136 8.81636 9.39947 10.0272 10.708 11.4531 12.2779 13.2044 14.2656 15.5154 
-0.343919 -0.129236 0.0899509 0.313859 0.542723 0.776794 1.01634 1.26167 1.51309 1.77096 2.03565 2.30758 2.58722 2.87506 3.17168 3.47767 3.79375 4.12067 4.45932 4.81067 5.17583 5.5561 5.95293 6.36804 6.80341 7.26141 7.74483 8.25708 8.80229 9.38564 10.0136 10.6947 11.4401 12.2652 13.192 14.2537 15.504 
-0.326236 -0.111639 0.107462 0.331282 0.560055 0.794033 1.03349 1.27872 1.53004 1.7878 2.05239 2.32422 2.60374 2.89147 3.18797 3.49384 3.80979 4.13659 4.4751 4.82631 5.19133 5.57145 5.96812 6.38306 6.81826 7.27608 7.75931 8.27136 8.81636 9.39947 10.0272 10.708 11.4531 12.2779 13.2044 14.2656 15.5154 
-0.291002 -0.0765732 0.142354 0.365997 0.59459 0.828384 1.06765 1.31268 1.56381 1.82137 2.08575 2.35736 2.63666 2.92417 3.22043 3.52606 3.84176 4.1683 4.50655 4.85748 5.22221 5.60203 5.99839 6.41301 6.84786 7.30532 7.78817 8.29981 8.84438 9.42703 10.0543 10.7346 11.4791 12.3032 13.2289 14.2893 15.5381 
-0.28222 -0.0678341 0.15105 0.37465 0.603197 0.836945 1.07616 1.32115 1.57222 1.82973 2.09406 2.36562 2.64487 2.93232 3.22852 3.53409 3.84973 4.17621 4.51438 4.86525 5.22991 5.60965 6.00594 6.42047 6.85524 7.3126 7.79536 8.3069 8.85136 9.4339 10.061 10.7412 11.4855 12.3095 13.235 14.2953 15.5438 
-0.291002 -0.0765732 0.142354 0.365997 0.59459 0.828384 1.06765 1.31268 1.56381 1.82137 2.08575 2.35736 2.63666 2.92417 3.22043 3.52606 3.84176 4.1683 4.50655 4.85748 5.22221 5.60203 5.99839 6.41301 6.84786 7.30532 7.78817 8.29981 8.84438 9.42703 10.0543 10.7346 11.4791 12.3032 13.2289 14.2893 15.5381 
-0.28222 -0.0678341 0.15105 0.37465 0.603197 0.836945 1.07616 1.32115 1.57222 1.82973 2.09406 2.36562 2.64487 2.93232 3.22852 3.53409 3.84973 4.17621 4.51438 4.86525 5.22991 5.60965 6.00594 6.42047 6.85524 7.3126 7.79536 8.3069 8.85136 9.4339 10.061 10.7412 11.4855 12.3095 13.235 14.2953 15.5438 
-0.273449 -0.0591056 0.159736 0.383291 0.611794 0.845496 1.08467 1.32961 1.58063 1.83809 2.10236 2.37387 2.65307 2.94046 3.2366 3.54211 3.85769 4.1841 4.52221 4.87301 5.2376 5.61726 6.01347 6.42792 6.86261 7.31988 7.80254 8.31398 8.85834 9.44076 10.0678 10.7478 11.492 12.3158 13.2412 14.3012 15.5494 
-0.273449 -0.0591056 0.159736 0.383291 0.611794 0.845496 1.08467 1.32961 1.58063 1.83809 2.10236 2.37387 2.65307 2.94046 3.2366 3.54211 3.85769 4.1841 4.52221 4.87301 5.2376 5.61726 6.01347 6.42792 6.86261 7.31988 7.80254 8.31398 8.85834 9.44076 10.0678 10.7478 11.492 12.3158 13.2412 14.3012 15.5494 
-0.273449 -0.0591056 0.159736 0.383291 0.611794 0.845496 1.08467 1.32961 1.58063 1.83809 2.10236 2.37387 2.65307 2.94046 3.2366 3.54211 3.85769 4.1841 4.52221 4.87301 5.2376 5.61726 6.01347 6.42792 6.86261 7.31988 7.80254 8.31398 8.85834 9.44076 10.0678 10.7478 11.492 12.3158 13.2412 14.3012 15.5494 
-0.28222 -0.0678341 0.15105 0.37465 0.603197 0.836945 1.07616 1.32115 1.57222 1.82973 2.09406 2.36562 2.64487 2.93232 3.22852 3.53409 3.84973 4.17621 4.51438 4.86525 5.22991 5.60965 6.00594 6.42047 6.85524 7.3126 7.79536 8.3069 8.85136 9.4339 10.061 10.7412 11.4855 12.3095 13.235 14.2953 15.5438 
-0.317412 -0.102856 0.116201 0.339976 0.568704 0.802636 1.04204 1.28722 1.5385 1.79621 2.06074 2.33252 2.61199 2.89966 3.1961 3.50191 3.8178 4.14453 4.48298 4.83412 5.19907 5.57911 5.9757 6.39056 6.82568 7.2834 7.76654 8.27848 8.82338 9.40637 10.034 10.7147 11.4596 12.2843 13.2105 14.2716 15.5211 
-0.335072 -0.120432 0.0987117 0.322576 0.551394 0.785419 1.02492 1.2702 1.52157 1.77938 2.04402 2.3159 2.59549 2.88327 3.17983 3.48576 3.80177 4.12864 4.46721 4.81849 5.18359 5.56378 5.96053 6.37556 6.81084 7.26875 7.75208 8.26422 8.80933 9.39256 10.0204 10.7014 11.4466 12.2716 13.1982 14.2597 15.5097 
-0.317412 -0.102856 0.116201 0.339976 0.568704 0.802636 1.04204 1.28722 1.5385 1.79621 2.06074 2.33252 2.61199 2.89966 3.1961 3.50191 3.8178 4.14453 4.48298 4.83412 5.19907 5.57911 5.9757 6.39056 6.82568 7.2834 7.76654 8.27848 8.82338 9.40637 10.034 10.7147 11.4596 12.2843 13.2105 14.2716 15.5211 
-0.26469 -0.0503878 0.16841 0.391922 0.62038 0.854036 1.09316 1.33805 1.58903 1.84643 2.11066 2.38211 2.66125 2.94858 3.24467 3.55012 3.86564 4.19198 4.53003 4.88075 5.24528 5.62487 6.02099 6.43536 6.86997 7.32715 7.80972 8.32106 8.8653 9.44761 10.0745 10.7544 11.4984 12.3221 13.2473 14.3071 15.5551 
-0.229757 -0.0156234 0.203003 0.42634 0.654619 0.888092 1.12703 1.37173 1.62251 1.87971 2.14373 2.41497 2.69389 2.981 3.27685 3.58207 3.89734 4.22343 4.56121 4.91166 5.27589 5.65518 6.051 6.46505 6.89931 7.35613 7.83833 8.34926 8.89309 9.47493 10.1013 10.7807 11.5242 12.3472 13.2716 14.3306 15.5776 
-0.212356 0.00169486 0.220237 0.443486 0.671676 0.905057 1.1439 1.3885 1.63918 1.89629 2.1602 2.43134 2.71015 2.99715 3.29289 3.59798 3.91313 4.23909 4.57674 4.92705 5.29114 5.67029 6.06595 6.47984 6.91393 7.37057 7.85258 8.36331 8.90693 9.48855 10.1147 10.7938 11.537 12.3597 13.2837 14.3423 15.5889 
-0.212356 0.00169486 0.220237 0.443486 0.671676 0.905057 1.1439 1.3885 1.63918 1.89629 2.1602 2.43134 2.71015 2.99715 3.29289 3.59798 3.91313 4.23909 4.57674 4.92705 5.29114 5.67029 6.06595 6.47984 6.91393 7.37057 7.85258 8.36331 8.90693 9.48855 10.1147 10.7938 11.537 12.3597 13.2837 14.3423 15.5889 
-0.186331 0.0275945 0.246008 0.469127 0.697183 0.930429 1.16913 1.41359 1.66413 1.92108 2.18484 2.45582 2.73447 3.0213 3.31686 3.62178 3.93674 4.26251 4.59996 4.95007 5.31395 5.69288 6.08831 6.50195 6.93579 7.39217 7.87389 8.38433 8.92762 9.5089 10.1347 10.8134 11.5561 12.3783 13.3019 14.3598 15.6056 
-0.177678 0.0362055 0.254577 0.477652 0.705665 0.938864 1.17752 1.42194 1.67242 1.92933 2.19303 2.46396 2.74255 3.02933 3.32483 3.62969 3.94459 4.2703 4.60769 4.95773 5.32154 5.70039 6.09574 6.5093 6.94306 7.39935 7.88098 8.39132 8.9345 9.51567 10.1413 10.8199 11.5625 12.3845 13.3079 14.3656 15.6112 
-0.20367 0.0103384 0.228837 0.452043 0.680188 0.913524 1.15232 1.39688 1.64751 1.90457 2.16843 2.43951 2.71827 3.00521 3.30089 3.60592 3.92101 4.24691 4.58449 4.93473 5.29876 5.67783 6.07341 6.48722 6.92122 7.37778 7.85969 8.37033 8.91383 9.49534 10.1214 10.8003 11.5434 12.3659 13.2898 14.3481 15.5945 
-0.194995 0.0189714 0.237428 0.46059 0.688691 0.921981 1.16073 1.40524 1.65582 1.91283 2.17664 2.44767 2.72637 3.01326 3.30888 3.61386 3.92888 4.25471 4.59223 4.94241 5.30636 5.68536 6.08087 6.49459 6.92851 7.38498 7.86679 8.37733 8.92073 9.50213 10.128 10.8068 11.5498 12.3721 13.2958 14.354 15.6001 
-0.186331 0.0275945 0.246008 0.469127 0.697183 0.930429 1.16913 1.41359 1.66413 1.92108 2.18484 2.45582 2.73447 3.0213 3.31686 3.62178 3.93674 4.26251 4.59996 4.95007 5.31395 5.69288 6.08831 6.50195 6.93579 7.39217 7.87389 8.38433 8.92762 9.5089 10.1347 10.8134 11.5561 12.3783 13.3019 14.3598 15.6056 
-0.186331 0.0275945 0.246008 0.469127 0.697183 0.930429 1.16913 1.41359 1.66413 1.92108 2.18484 2.45582 2.73447 3.0213 3.31686 3.62178 3.93674 4.26251 4.59996 4.95007 5.31395 5.69288 6.08831 6.50195 6.93579 7.39217 7.87389 8.38433 8.92762 9.5089 10.1347 10.8134 11.5561 12.3783 13.3019 14.3598 15.6056 
-0.186331 0.0275945 0.246008 0.469127 0.697183 0.930429 1.16913 1.41359 1.66413 1.92108 2.18484 2.45582 2.73447 3.0213 3.31686 3.62178 3.93674 4.26251 4.59996 4.95007 5.31395 5.69288 6.08831 6.50195 6.93579 7.39217 7.87389 8.38433 8.92762 9.5089 10.1347 10.8134 11.5561 12.3783 13.3019 14.3598 15.6056 
-0.194995 0.0189714 0.237428 0.46059 0.688691 0.921981 1.16073 1.40524 1.65582 1.91283 2.17664 2.44767 2.72637 3.01326 3.30888 3.61386 3.92888 4.25471 4.59223 4.94241 5.30636 5.68536 6.08087 6.49459 6.92851 7.38498 7.86679 8.37733 8.92073 9.50213 10.128 10.8068 11.5498 12.3721 13.2958 14.354 15.6001 
-0.194995 0.0189714 0.237428 0.46059 0.688691 0.921981 1.16073 1.40524 1.65582 1.91283 2.17664 2.44767 2.72637 3.01326 3.30888 3.61386 3.92888 4.25471 4.59223 4.94241 5.30636 5.68536 6.08087 6.49459 6.92851 7.38498 7.86679 8.37733 8.92073 9.50213 10.128 10.8068 11.5498 12.3721 13.2958 14.354 15.6001 
-0.194995 0.0189714 0.237428 0.46059 0.688691 0.921981 1.16073 1.40524 1.65582 1.91283 2.17664 2.44767 2.72637 3.01326 3.30888 3.61386 3.92888 4.25471 4.59223 4.94241 5.30636 5.68536 6.08087 6.49459 6.92851 7.38498 7.86679 8.37733 8.92073 9.50213 10.128 10.8068 11.5498 12.3721 13.2958 14.354 15.6001 
-0.20367 0.0103384 0.228837 0.452043 0.680188 0.913524 1.15232 1.39688 1.64751 1.90457 2.16843 2.43951 2.71827 3.00521 3.30089 3.60592 3.92101 4.24691 4.58449 4.93473 5.29876 5.67783 6.07341 6.48722 6.92122 7.37778 7.85969 8.37033 8.91383 9.49534 10.1214 10.8003 11.5434 12.3659 13.2898 14.3481 15.5945 
-0.229757 -0.0156234 0.203003 0.42634 0.654619 0.888092 1.12703 1.37173 1.62251 1.87971 2.14373 2.41497 2.69389 2.981 3.27685 3.58207 3.89734 4.22343 4.56121 4.91166 5.27589 5.65518 6.051 6.46505 6.89931 7.35613 7.83833 8.34926 8.89309 9.47493 10.1013 10.7807 11.5242 12.3472 13.2716 14.3306 15.5776 
-0.229757 -0.0156234 0.203003 0.42634 0.654619 0.888092 1.12703 1.37173 1.62251 1.87971 2.14373 2.41497 2.69389 2.981 3.27685 3.58207 3.89734 4.22343 4.56121 4.91166 5.27589 5.65518 6.051 6.46505 6.89931 7.35613 7.83833 8.34926 8.89309 9.47493 10.1013 10.7807 11.5242 12.3472 13.2716 14.3306 15.5776 
-0.22105 -0.00695855 0.211626 0.434919 0.663153 0.89658 1.13547 1.38012 1.63085 1.88801 2.15197 2.42316 2.70203 2.98908 3.28488 3.59003 3.90524 4.23126 4.56898 4.91936 5.28352 5.66274 6.05848 6.47245 6.90662 7.36336 7.84546 8.35629 8.90001 9.48175 10.108 10.7872 11.5306 12.3534 13.2777 14.3364 15.5832 
-0.22105 -0.00695855 0.211626 0.434919 0.663153 0.89658 1.13547 1.38012 1.63085 1.88801 2.15197 2.42316 2.70203 2.98908 3.28488 3.59003 3.90524 4.23126 4.56898 4.91936 5.28352 5.66274 6.05848 6.47245 6.90662 7.36336 7.84546 8.35629 8.90001 9.48175 10.108 10.7872 11.5306 12.3534 13.2777 14.3364 15.5832 
-0.238475 -0.024299 0.194371 0.417751 0.646075 0.879593 1.11858 1.36332 1.61415 1.87141 2.13548 2.40677 2.68575 2.97291 3.26882 3.5741 3.88943 4.21558 4.55343 4.90395 5.26825 5.64762 6.04352 6.45764 6.89199 7.3489 7.83119 8.34222 8.88615 9.46812 10.0946 10.7741 11.5177 12.3409 13.2655 14.3247 15.572 
-0.255941 -0.0416808 0.177075 0.400542 0.628955 0.862565 1.10164 1.34649 1.59741 1.85477 2.11894 2.39034 2.66943 2.9567 3.25273 3.55813 3.87358 4.19986 4.53784 4.88849 5.25294 5.63246 6.02851 6.4428 6.87732 7.33441 7.81688 8.32812 8.87226 9.45445 10.0812 10.761 11.5049 12.3284 13.2534 14.3129 15.5607 
-0.273449 -0.0591056 0.159736 0.383291 0.611794 0.845496 1.08467 1.32961 1.58063 1.83809 2.10236 2.37387 2.65307 2.94046 3.2366 3.54211 3.85769 4.1841 4.52221 4.87301 5.2376 5.61726 6.01347 6.42792 6.86261 7.31988 7.80254 8.31398 8.85834 9.44076 10.0678 10.7478 11.492 12.3158 13.2412 14.3012 15.5494 
-0.28222 -0.0678341 0.15105 0.37465 0.603197 0.836945 1.07616 1.32115 1.57222 1.82973 2.09406 2.36562 2.64487 2.93232 3.22852 3.53409 3.84973 4.17621 4.51438 4.86525 5.22991 5.60965 6.00594 6.42047 6.85524 7.3126 7.79536 8.3069 8.85136 9.4339 10.061 10.7412 11.4855 12.3095 13.235 14.2953 15.5438 
-0.299794 -0.085323 0.133647 0.357334 0.585972 0.819812 1.05913 1.30421 1.55538 1.81299 2.07742 2.34909 2.62845 2.91601 3.21233 3.51802 3.83379 4.16039 4.4987 4.8497 5.21451 5.5944 5.99084 6.40553 6.84048 7.29802 7.78097 8.29271 8.83739 9.42015 10.0475 10.7279 11.4726 12.2969 13.2228 14.2834 15.5324 
-0.308596 -0.0940844 0.12493 0.348661 0.577344 0.81123 1.05059 1.29572 1.54694 1.80461 2.06909 2.34081 2.62022 2.90784 3.20422 3.50997 3.8258 4.15247 4.49084 4.84191 5.20679 5.58676 5.98328 6.39805 6.83308 7.29072 7.77376 8.2856 8.83039 9.41327 10.0408 10.7213 11.4661 12.2906 13.2167 14.2775 15.5268 
-0.299794 -0.085323 0.133647 0.357334 0.585972 0.819812 1.05913 1.30421 1.55538 1.81299 2.07742 2.34909 2.62845 2.91601 3.21233 3.51802 3.83379 4.16039 4.4987 4.8497 5.21451 5.5944 5.99084 6.40553 6.84048 7.29802 7.78097 8.29271 8.83739 9.42015 10.0475 10.7279 11.4726 12.2969 13.2228 14.2834 15.5324 
-0.273449 -0.0591056 0.159736 0.383291 0.611794 0.845496 1.08467 1.32961 1.58063 1.83809 2.10236 2.37387 2.65307 2.94046 3.2366 3.54211 3.85769 4.1841 4.52221 4.87301 5.2376 5.61726 6.01347 6.42792 6.86261 7.31988 7.80254 8.31398 8.85834 9.44076 10.0678 10.7478 11.492 12.3158 13.2412 14.3012 15.5494 
-0.28222 -0.0678341 0.15105 0.37465 0.603197 0.836945 1.07616 1.32115 1.57222 1.82973 2.09406 2.36562 2.64487 2.93232 3.22852 3.53409 3.84973 4.17621 4.51438 4.86525 5.22991 5.60965 6.00594 6.42047 6.85524 7.3126 7.79536 8.3069 8.85136 9.4339 10.061 10.7412 11.4855 12.3095 13.235 14.2953 15.5438 
-0.308596 -0.0940844 0.12493 0.348661 0.577344 0.81123 1.05059 1.29572 1.54694 1.80461 2.06909 2.34081 2.62022 2.90784 3.20422 3.50997 3.8258 4.15247 4.49084 4.84191 5.20679 5.58676 5.98328 6.39805 6.83308 7.29072 7.77376 8.2856 8.83039 9.41327 10.0408 10.7213 11.4661 12.2906 13.2167 14.2775 15.5268 
-0.28222 -0.0678341 0.15105 0.37465 0.603197 0.836945 1.07616 1.32115 1.57222 1.82973 2.09406 2.36562 2.64487 2.93232 3.22852 3.53409 3.84973 4.17621 4.51438 4.86525 5.22991 5.60965 6.00594 6.42047 6.85524 7.3126 7.79536 8.3069 8.85136 9.4339 10.061 10.7412 11.4855 12.3095 13.235 14.2953 15.5438 
-0.273449 -0.0591056 0.159736 0.383291 0.611794 0.845496 1.08467 1.32961 1.58063 1.83809 2.10236 2.37387 2.65307 2.94046 3.2366 3.54211 3.85769 4.1841 4.52221 4.87301 5.2376 5.61726 6.01347 6.42792 6.86261 7.31988 7.80254 8.31398 8.85834 9.44076 10.0678 10.7478 11.492 12.3158 13.2412 14.3012 15.5494 
-0.255941 -0.0416808 0.177075 0.400542 0.628955 0.862565 1.10164 1.34649 1.59741 1.85477 2.11894 2.39034 2.66943 2.9567 3.25273 3.55813 3.87358 4.19986 4.53784 4.88849 5.25294 5.63246 6.02851 6.4428 6.87732 7.33441 7.81688 8.32812 8.87226 9.45445 10.0812 10.761 11.5049 12.3284 13.2534 14.3129 15.5607 
-0.291002 -0.0765732 0.142354 0.365997 0.59459 0.828384 1.06765 1.31268 1.56381 1.82137 2.08575 2.35736 2.63666 2.92417 3.22043 3.52606 3.84176 4.1683 4.50655 4.85748 5.22221 5.60203 5.99839 6.41301 6.84786 7.30532 7.78817 8.29981 8.84438 9.42703 10.0543 10.7346 11.4791 12.3032 13.2289 14.2893 15.5381 
-0.291002 -0.0765732 0.142354 0.365997 0.59459 0.828384 1.06765 1.31268 1.56381 1.82137 2.08575 2.35736 2.63666 2.92417 3.22043 3.52606 3.84176 4.1683 4.50655 4.85748 5.22221 5.60203 5.99839 6.41301 6.84786 7.30532 7.78817 8.29981 8.84438 9.42703 10.0543 10.7346 11.4791 12.3032 13.2289 14.2893 15.5381 
-0.326236 -0.111639 0.107462 0.331282 0.560055 0.794033 1.03349 1.27872 1.53004 1.7878 2.05239 2.32422 2.60374 2.89147 3.18797 3.49384 3.80979 4.13659 4.4751 4.82631 5.19133 5.57145 5.96812 6.38306 6.81826 7.27608 7.75931 8.27136 8.81636 9.39947 10.0272 10.708 11.4531 12.2779 13.2044 14.2656 15.5154 
-0.352777 -0.138052 0.0811787 0.305132 0.534041 0.768158 1.00776 1.25313 1.5046 1.76252 2.02726 2.29925 2.57894 2.86684 3.16351 3.46957 3.78571 4.1127 4.45141 4.80283 5.16807 5.54841 5.94532 6.36051 6.79597 7.25406 7.73758 8.24993 8.79525 9.37871 10.0068 10.688 11.4336 12.2589 13.1859 14.2477 15.4982 
-0.343919 -0.129236 0.0899509 0.313859 0.542723 0.776794 1.01634 1.26167 1.51309 1.77096 2.03565 2.30758 2.58722 2.87506 3.17168 3.47767 3.79375 4.12067 4.45932 4.81067 5.17583 5.5561 5.95293 6.36804 6.80341 7.26141 7.74483 8.25708 8.80229 9.38564 10.0136 10.6947 11.4401 12.2652 13.192 14.2537 15.504 
-0.273449 -0.0591056 0.159736 0.383291 0.611794 0.845496 1.08467 1.32961 1.58063 1.83809 2.10236 2.37387 2.65307 2.94046 3.2366 3.54211 3.85769 4.1841 4.52221 4.87301 5.2376 5.61726 6.01347 6.42792 6.86261 7.31988 7.80254 8.31398 8.85834 9.44076 10.0678 10.7478 11.492 12.3158 13.2412 14.3012 15.5494 
-0.238475 -0.024299 0.194371 0.417751 0.646075 0.879593 1.11858 1.36332 1.61415 1.87141 2.13548 2.40677 2.68575 2.97291 3.26882 3.5741 3.88943 4.21558 4.55343 4.90395 5.26825 5.64762 6.04352 6.45764 6.89199 7.3489 7.83119 8.34222 8.88615 9.46812 10.0946 10.7741 11.5177 12.3409 13.2655 14.3247 15.572 
-0.22105 -0.00695855 0.211626 0.434919 0.663153 0.89658 1.13547 1.38012 1.63085 1.88801 2.15197 2.42316 2.70203 2.98908 3.28488 3.59003 3.90524 4.23126 4.56898 4.91936 5.28352 5.66274 6.05848 6.47245 6.90662 7.36336 7.84546 8.35629 8.90001 9.48175 10.108 10.7872 11.5306 12.3534 13.2777 14.3364 15.5832 
-0.20367 0.0103384 0.228837 0.452043 0.680188 0.913524 1.15232 1.39688 1.64751 1.90457 2.16843 2.43951 2.71827 3.00521 3.30089 3.60592 3.92101 4.24691 4.58449 4.93473 5.29876 5.67783 6.07341 6.48722 6.92122 7.37778 7.85969 8.37033 8.91383 9.49534 10.1214 10.8003 11.5434 12.3659 13.2898 14.3481 15.5945 
-0.186331 0.0275945 0.246008 0.469127 0.697183 0.930429 1.16913 1.41359 1.66413 1.92108 2.18484 2.45582 2.73447 3.0213 3.31686 3.62178 3.93674 4.26251 4.59996 4.95007 5.31395 5.69288 6.08831 6.50195 6.93579 7.39217 7.87389 8.38433 8.92762 9.5089 10.1347 10.8134 11.5561 12.3783 13.3019 14.3598 15.6056 
-0.186331 0.0275945 0.246008 0.469127 0.697183 0.930429 1.16913 1.41359 1.66413 1.92108 2.18484 2.45582 2.73447 3.0213 3.31686 3.62178 3.93674 4.26251 4.59996 4.95007 5.31395 5.69288 6.08831 6.50195 6.93579 7.39217 7.87389 8.38433 8.92762 9.5089 10.1347 10.8134 11.5561 12.3783 13.3019 14.3598 15.6056 
-0.20367 0.0103384 0.228837 0.452043 0.680188 0.913524 1.15232 1.39688 1.64751 1.90457 2.16843 2.43951 2.71827 3.00521 3.30089 3.60592 3.92101 4.24691 4.58449 4.93473 5.29876 5.67783 6.07341 6.48722 6.92122 7.37778 7.85969 8.37033 8.91383 9.49534 10.1214 10.8003 11.5434 12.3659 13.2898 14.3481 15.5945 
-0.194995 0.0189714 0.237428 0.46059 0.688691 0.921981 1.16073 1.40524 1.65582 1.91283 2.17664 2.44767 2.72637 3.01326 3.30888 3.61386 3.92888 4.25471 4.59223 4.94241 5.30636 5.68536 6.08087 6.49459 6.92851 7.38498 7.86679 8.37733 8.92073 9.50213 10.128 10.8068 11.5498 12.3721 13.2958 14.354 15.6001 
-0.194995 0.0189714 0.237428 0.46059 0.688691 0.921981 1.16073 1.40524 1.65582 1.91283 2.17664 2.44767 2.72637 3.01326 3.30888 3.61386 3.92888 4.25471 4.59223 4.94241 5.30636 5.68536 6.08087 6.49459 6.92851 7.38498 7.86679 8.37733 8.92073 9.50213 10.128 10.8068 11.5498 12.3721 13.2958 14.354 15.6001 
-0.20367 0.0103384 0.228837 0.452043 0.680188 0.913524 1.15232 1.39688 1.64751 1.90457 2.16843 2.43951 2.71827 3.00521 3.30089 3.60592 3.92101 4.24691 4.58449 4.93473 5.29876 5.67783 6.07341 6.48722 6.92122 7.37778 7.85969 8.37033 8.91383 9.49534 10.1214 10.8003 11.5434 12.3659 13.2898 14.3481 15.5945 
-0.20367 0.0103384 0.228837 0.452043 0.680188 0.913524 1.15232 1.39688 1.64751 1.90457 2.16843 2.43951 2.71827 3.00521 3.30089 3.60592 3.92101 4.24691 4.58449 4.93473 5.29876 5.67783 6.07341 6.48722 6.92122 7.37778 7.85969 8.37033 8.91383 9.49534 10.1214 10.8003 11.5434 12.3659 13.2898 14.3481 15.5945 
-0.20367 0.0103384 0.228837 0.452043 0.680188 0.913524 1.15232 1.39688 1.64751 1.90457 2.16843 2.43951 2.71827 3.00521 3.30089 3.60592 3.92101 4.24691 4.58449 4.93473 5.29876 5.67783 6.07341 6.48722 6.92122 7.37778 7.85969 8.37033 8.91383 9.49534 10.1214 10.8003 11.5434 12.3659 13.2898 14.3481 15.5945 
-0.194995 0.0189714 0.237428 0.46059 0.688691 0.921981 1.16073 1.40524 1.65582 1.91283 2.17664 2.44767 2.72637 3.01326 3.30888 3.61386 3.92888 4.25471 4.59223 4.94241 5.30636 5.68536 6.08087 6.49459 6.92851 7.38498 7.86679 8.37733 8.92073 9.50213 10.128 10.8068 11.5498 12.3721 13.2958 14.354 15.6001 
-0.194995 0.0189714 0.237428 0.46059 0.688691 0.921981 1.16073 1.40524 1.65582 1.91283 2.17664 2.44767 2.72637 3.01326 3.30888 3.61386 3.92888 4.25471 4.59223 4.94241 5.30636 5.68536 6.08087 6.49459 6.92851 7.38498 7.86679 8.37733 8.92073 9.50213 10.128 10.8068 11.5498 12.3721 13.2958 14.354 15.6001 
-0.20367 0.0103384 0.228837 0.452043 0.680188 0.913524 1.15232 1.39688 1.64751 1.90457 2.16843 2.43951 2.71827 3.00521 3.30089 3.60592 3.92101 4.24691 4.58449 4.93473 5.29876 5.67783 6.07341 6.48722 6.92122 7.37778 7.85969 8.37033 8.91383 9.49534 10.1214 10.8003 11.5434 12.3659 13.2898 14.3481 15.5945 
-0.212356 0.00169486 0.220237 0.443486 0.671676 0.905057 1.1439 1.3885 1.63918 1.89629 2.1602 2.43134 2.71015 2.99715 3.29289 3.59798 3.91313 4.23909 4.57674 4.92705 5.29114 5.67029 6.06595 6.47984 6.91393 7.37057 7.85258 8.36331 8.90693 9.48855 10.1147 10.7938 11.537 12.3597 13.2837 14.3423 15.5889 
-0.212356 0.00169486 0.220237 0.443486 0.671676 0.905057 1.1439 1.3885 1.63918 1.89629 2.1602 2.43134 2.71015 2.99715 3.29289 3.59798 3.91313 4.23909 4.57674 4.92705 5.29114 5.67029 6.06595 6.47984 6.91393 7.37057 7.85258 8.36331 8.90693 9.48855 10.1147 10.7938 11.537 12.3597 13.2837 14.3423 15.5889 
-0.194995 0.0189714 0.237428 0.46059 0.688691 0.921981 1.16073 1.40524 1.65582 1.91283 2.17664 2.44767 2.72637 3.01326 3.30888 3.61386 3.92888 4.25471 4.59223 4.94241 5.30636 5.68536 6.08087 6.49459 6.92851 7.38498 7.86679 8.37733 8.92073 9.50213 10.128 10.8068 11.5498 12.3721 13.2958 14.354 15.6001 
-0.20367 0.0103384 0.228837 0.452043 0.680188 0.913524 1.15232 1.39688 1.64751 1.90457 2.16843 2.43951 2.71827 3.00521 3.30089 3.60592 3.92101 4.24691 4.58449 4.93473 5.29876 5.67783 6.07341 6.48722 6.92122 7.37778 7.85969 8.37033 8.91383 9.49534 10.1214 10.8003 11.5434 12.3659 13.2898 14.3481 15.5945 
-0.229757 -0.0156234 0.203003 0.42634 0.654619 0.888092 1.12703 1.37173 1.62251 1.87971 2.14373 2.41497 2.69389 2.981 3.27685 3.58207 3.89734 4.22343 4.56121 4.91166 5.27589 5.65518 6.051 6.46505 6.89931 7.35613 7.83833 8.34926 8.89309 9.47493 10.1013 10.7807 11.5242 12.3472 13.2716 14.3306 15.5776 
-0.247201 -0.0329835 0.185729 0.409152 0.637521 0.871085 1.11012 1.35491 1.60579 1.86309 2.12721 2.39856 2.67759 2.96481 3.26078 3.56612 3.88151 4.20773 4.54564 4.89623 5.2606 5.64004 6.03602 6.45022 6.88466 7.34166 7.82404 8.33518 8.87921 9.46129 10.0879 10.7675 11.5113 12.3346 13.2595 14.3188 15.5664 
-0.255941 -0.0416808 0.177075 0.400542 0.628955 0.862565 1.10164 1.34649 1.59741 1.85477 2.11894 2.39034 2.66943 2.9567 3.25273 3.55813 3.87358 4.19986 4.53784 4.88849 5.25294 5.63246 6.02851 6.4428 6.87732 7.33441 7.81688 8.32812 8.87226 9.45445 10.0812 10.761 11.5049 12.3284 13.2534 14.3129 15.5607 
-0.26469 -0.0503878 0.16841 0.391922 0.62038 0.854036 1.09316 1.33805 1.58903 1.84643 2.11066 2.38211 2.66125 2.94858 3.24467 3.55012 3.86564 4.19198 4.53003 4.88075 5.24528 5.62487 6.02099 6.43536 6.86997 7.32715 7.80972 8.32106 8.8653 9.44761 10.0745 10.7544 11.4984 12.3221 13.2473 14.3071 15.5551 
-0.26469 -0.0503878 0.16841 0.391922 0.62038 0.854036 1.09316 1.33805 1.58903 1.84643 2.11066 2.38211 2.66125 2.94858 3.24467 3.55012 3.86564 4.19198 4.53003 4.88075 5.24528 5.62487 6.02099 6.43536 6.86997 7.32715 7.80972 8.32106 8.8653 9.44761 10.0745 10.7544 11.4984 12.3221 13.2473 14.3071 15.5551 
-0.291002 -0.0765732 0.142354 0.365997 0.59459 0.828384 1.06765 1.31268 1.56381 1.82137 2.08575 2.35736 2.63666 2.92417 3.22043 3.52606 3.84176 4.1683 4.50655 4.85748 5.22221 5.60203 5.99839 6.41301 6.84786 7.30532 7.78817 8.29981 8.84438 9.42703 10.0543 10.7346 11.4791 12.3032 13.2289 14.2893 15.5381 
-0.273449 -0.0591056 0.159736 0.383291 0.611794 0.845496 1.08467 1.32961 1.58063 1.83809 2.10236 2.37387 2.65307 2.94046 3.2366 3.54211 3.85769 4.1841 4.52221 4.87301 5.2376 5.61726 6.01347 6.42792 6.86261 7.31988 7.80254 8.31398 8.85834 9.44076 10.0678 10.7478 11.492 12.3158 13.2412 14.3012 15.5494 
-0.255941 -0.0416808 0.177075 0.400542 0.628955 0.862565 1.10164 1.34649 1.59741 1.85477 2.11894 2.39034 2.66943 2.9567 3.25273 3.55813 3.87358 4.19986 4.53784 4.88849 5.25294 5.63246 6.02851 6.4428 6.87732 7.33441 7.81688 8.32812 8.87226 9.45445 10.0812 10.761 11.5049 12.3284 13.2534 14.3129 15.5607 
-0.273449 -0.0591056 0.159736 0.383291 0.611794 0.845496 1.08467 1.32961 1.58063 1.83809 2.10236 2.37387 2.65307 2.94046 3.2366 3.54211 3.85769 4.1841 4.52221 4.87301 5.2376 5.61726 6.01347 6.42792 6.86261 7.31988 7.80254 8.31398 8.85834 9.44076 10.0678 10.7478 11.492 12.3158 13.2412 14.3012 15.5494 
-0.28222 -0.0678341 0.15105 0.37465 0.603197 0.836945 1.07616 1.32115 1.57222 1.82973 2.09406 2.36562 2.64487 2.93232 3.22852 3.53409 3.84973 4.17621 4.51438 4.86525 5.22991 5.60965 6.00594 6.42047 6.85524 7.3126 7.79536 8.3069 8.85136 9.4339 10.061 10.7412 11.4855 12.3095 13.235 14.2953 15.5438 
-0.26469 -0.0503878 0.16841 0.391922 0.62038 0.854036 1.09316 1.33805 1.58903 1.84643 2.11066 2.38211 2.66125 2.94858 3.24467 3.55012 3.86564 4.19198 4.53003 4.88075 5.24528 5.62487 6.02099 6.43536 6.86997 7.32715 7.80972 8.32106 8.8653 9.44761 10.0745 10.7544 11.4984 12.3221 13.2473 14.3071 15.5551 
-0.273449 -0.0591056 0.159736 0.383291 0.611794 0.845496 1.08467 1.32961 1.58063 1.83809 2.10236 2.37387 2.65307 2.94046 3.2366 3.54211 3.85769 4.1841 4.52221 4.87301 5.2376 5.61726 6.01347 6.42792 6.86261 7.31988 7.80254 8.31398 8.85834 9.44076 10.0678 10.7478 11.492 12.3158 13.2412 14.3012 15.5494 
-0.273449 -0.0591056 0.159736 0.383291 0.611794 0.845496 1.08467 1.32961 1.58063 1.83809 2.10236 2.37387 2.65307 2.94046 3.2366 3.54211 3.85769 4.1841 4.52221 4.87301 5.2376 5.61726 6.01347 6.42792 6.86261 7.31988 7.80254 8.31398 8.85834 9.44076 10.0678 10.7478 11.492 12.3158 13.2412 14.3012 15.5494 
-0.308596 -0.0940844 0.12493 0.348661 0.577344 0.81123 1.05059 1.29572 1.54694 1.80461 2.06909 2.34081 2.62022 2.90784 3.20422 3.50997 3.8258 4.15247 4.49084 4.84191 5.20679 5.58676 5.98328 6.39805 6.83308 7.29072 7.77376 8.2856 8.83039 9.41327 10.0408 10.7213 11.4661 12.2906 13.2167 14.2775 15.5268 
-0.299794 -0.085323 0.133647 0.357334 0.585972 0.819812 1.05913 1.30421 1.55538 1.81299 2.07742 2.34909 2.62845 2.91601 3.21233 3.51802 3.83379 4.16039 4.4987 4.8497 5.21451 5.5944 5.99084 6.40553 6.84048 7.29802 7.78097 8.29271 8.83739 9.42015 10.0475 10.7279 11.4726 12.2969 13.2228 14.2834 15.5324 
-0.326236 -0.111639 0.107462 0.331282 0.560055 0.794033 1.03349 1.27872 1.53004 1.7878 2.05239 2.32422 2.60374 2.89147 3.18797 3.49384 3.80979 4.13659 4.4751 4.82631 5.19133 5.57145 5.96812 6.38306 6.81826 7.27608 7.75931 8.27136 8.81636 9.39947 10.0272 10.708 11.4531 12.2779 13.2044 14.2656 15.5154 
-0.352777 -0.138052 0.0811787 0.305132 0.534041 0.768158 1.00776 1.25313 1.5046 1.76252 2.02726 2.29925 2.57894 2.86684 3.16351 3.46957 3.78571 4.1127 4.45141 4.80283 5.16807 5.54841 5.94532 6.36051 6.79597 7.25406 7.73758 8.24993 8.79525 9.37871 10.0068 10.688 11.4336 12.2589 13.1859 14.2477 15.4982 
-0.361646 -0.146878 0.0723962 0.296394 0.525348 0.759512 0.999157 1.24458 1.4961 1.75407 2.01886 2.29091 2.57066 2.85861 3.15534 3.46146 3.77766 4.10472 4.4435 4.79499 5.1603 5.54071 5.9377 6.35297 6.78852 7.2467 7.73032 8.24277 8.7882 9.37177 10 10.6814 11.4271 12.2525 13.1797 14.2418 15.4925 
-0.26469 -0.0503878 0.16841 0.391922 0.62038 0.854036 1.09316 1.33805 1.58903 1.84643 2.11066 2.38211 2.66125 2.94858 3.24467 3.55012 3.86564 4.19198 4.53003 4.88075 5.24528 5.62487 6.02099 6.43536 6.86997 7.32715 7.80972 8.32106 8.8653 9.44761 10.0745 10.7544 11.4984 12.3221 13.2473 14.3071 15.5551 
-0.247201 -0.0329835 0.185729 0.409152 0.637521 0.871085 1.11012 1.35491 1.60579 1.86309 2.12721 2.39856 2.67759 2.96481 3.26078 3.56612 3.88151 4.20773 4.54564 4.89623 5.2606 5.64004 6.03602 6.45022 6.88466 7.34166 7.82404 8.33518 8.87921 9.46129 10.0879 10.7675 11.5113 12.3346 13.2595 14.3188 15.5664 
-0.212356 0.00169486 0.220237 0.443486 0.671676 0.905057 1.1439 1.3885 1.63918 1.89629 2.1602 2.43134 2.71015 2.99715 3.29289 3.59798 3.91313 4.23909 4.57674 4.92705 5.29114 5.67029 6.06595 6.47984 6.91393 7.37057 7.85258 8.36331 8.90693 9.48855 10.1147 10.7938 11.537 12.3597 13.2837 14.3423 15.5889 
-0.22105 -0.00695855 0.211626 0.434919 0.663153 0.89658 1.13547 1.38012 1.63085 1.88801 2.15197 2.42316 2.70203 2.98908 3.28488 3.59003 3.90524 4.23126 4.56898 4.91936 5.28352 5.66274 6.05848 6.47245 6.90662 7.36336 7.84546 8.35629 8.90001 9.48175 10.108 10.7872 11.5306 12.3534 13.2777 14.3364 15.5832 
-0.186331 0.0275945 0.246008 0.469127 0.697183 0.930429 1.16913 1.41359 1.66413 1.92108 2.18484 2.45582 2.73447 3.0213 3.31686 3.62178 3.93674 4.26251 4.59996 4.95007 5.31395 5.69288 6.08831 6.50195 6.93579 7.39217 7.87389 8.38433 8.92762 9.5089 10.1347 10.8134 11.5561 12.3783 13.3019 14.3598 15.6056 
-0.212356 0.00169486 0.220237 0.443486 0.671676 0.905057 1.1439 1.3885 1.63918 1.89629 2.1602 2.43134 2.71015 2.99715 3.29289 3.59798 3.91313 4.23909 4.57674 4.92705 5.29114 5.67029 6.06595 6.47984 6.91393 7.37057 7.85258 8.36331 8.90693 9.48855 10.1147 10.7938 11.537 12.3597 13.2837 14.3423 15.5889 
-0.20367 0.0103384 0.228837 0.452043 0.680188 0.913524 1.15232 1.39688 1.64751 1.90457 2.16843 2.43951 2.71827 3.00521 3.30089 3.60592 3.92101 4.24691 4.58449 4.93473 5.29876 5.67783 6.07341 6.48722 6.92122 7.37778 7.85969 8.37033 8.91383 9.49534 10.1214 10.8003 11.5434 12.3659 13.2898 14.3481 15.5945 
-0.20367 0.0103384 0.228837 0.452043 0.680188 0.913524 1.15232 1.39688 1.64751 1.90457 2.16843 2.43951 2.71827 3.00521 3.30089 3.60592 3.92101 4.24691 4.58449 4.93473 5.29876 5.67783 6.07341 6.48722 6.92122 7.37778 7.85969 8.37033 8.91383 9.49534 10.1214 10.8003 11.5434 12.3659 13.2898 14.3481 15.5945 
-0.212356 0.00169486 0.220237 0.443486 0.671676 0.905057 1.1439 1.3885 1.63918 1.89629 2.1602 2.43134 2.71015 2.99715 3.29289 3.59798 3.91313 4.23909 4.57674 4.92705 5.29114 5.67029 6.06595 6.47984 6.91393 7.37057 7.85258 8.36331 8.90693 9.48855 10.1147 10.7938 11.537 12.3597 13.2837 14.3423 15.5889 
-0.212356 0.00169486 0.220237 0.443486 0.671676 0.905057 1.1439 1.3885 1.63918 1.89629 2.1602 2.43134 2.71015 2.99715 3.29289 3.59798 3.91313 4.23909 4.57674 4.92705 5.29114 5.67029 6.06595 6.47984 6.91393 7.37057 7.85258 8.36331 8.90693 9.48855 10.1147 10.7938 11.537 12.3597 13.2837 14.3423 15.5889 
-0.22105 -0.00695855 0.211626 0.434919 0.663153 0.89658 1.13547 1.38012 1.63085 1.88801 2.15197 2.42316 2.70203 2.98908 3.28488 3.59003 3.90524 4.23126 4.56898 4.91936 5.28352 5.66274 6.05848 6.47245 6.90662 7.36336 7.84546 8.35629 8.90001 9.48175 10.108 10.7872 11.5306 12.3534 13.2777 14.3364 15.5832 
-0.194995 0.0189714 0.237428 0.46059 0.688691 0.921981 1.16073 1.40524 1.65582 1.91283 2.17664 2.44767 2.72637 3.01326 3.30888 3.61386 3.92888 4.25471 4.59223 4.94241 5.30636 5.68536 6.08087 6.49459 6.92851 7.38498 7.86679 8.37733 8.92073 9.50213 10.128 10.8068 11.5498 12.3721 13.2958 14.354 15.6001 
-0.169035 0.0448071 0.263136 0.486168 0.714136 0.947291 1.1859 1.43027 1.6807 1.93756 2.20122 2.47209 2.75063 3.03735 3.3328 3.6376 3.95244 4.27808 4.6154 4.96537 5.32911 5.70789 6.10317 6.51665 6.95032 7.40652 7.88805 8.3983 8.94138 9.52243 10.148 10.8264 11.5689 12.3908 13.3139 14.3715 15.6168 
-0.177678 0.0362055 0.254577 0.477652 0.705665 0.938864 1.17752 1.42194 1.67242 1.92933 2.19303 2.46396 2.74255 3.02933 3.32483 3.62969 3.94459 4.2703 4.60769 4.95773 5.32154 5.70039 6.09574 6.5093 6.94306 7.39935 7.88098 8.39132 8.9345 9.51567 10.1413 10.8199 11.5625 12.3845 13.3079 14.3656 15.6112 
-0.194995 0.0189714 0.237428 0.46059 0.688691 0.921981 1.16073 1.40524 1.65582 1.91283 2.17664 2.44767 2.72637 3.01326 3.30888 3.61386 3.92888 4.25471 4.59223 4.94241 5.30636 5.68536 6.08087 6.49459 6.92851 7.38498 7.86679 8.37733 8.92073 9.50213 10.128 10.8068 11.5498 12.3721 13.2958 14.354 15.6001 
-0.194995 0.0189714 0.237428 0.46059 0.688691 0.921981 1.16073 1.40524 1.65582 1.91283 2.17664 2.44767 2.72637 3.01326 3.30888 3.61386 3.92888 4.25471 4.59223 4.94241 5.30636 5.68536 6.08087 6.49459 6.92851 7.38498 7.86679 8.37733 8.92073 9.50213 10.128 10.8068 11.5498 12.3721 13.2958 14.354 15.6001 
-0.20367 0.0103384 0.228837 0.452043 0.680188 0.913524 1.15232 1.39688 1.64751 1.90457 2.16843 2.43951 2.71827 3.00521 3.30089 3.60592 3.92101 4.24691 4.58449 4.93473 5.29876 5.67783 6.07341 6.48722 6.92122 7.37778 7.85969 8.37033 8.91383 9.49534 10.1214 10.8003 11.5434 12.3659 13.2898 14.3481 15.5945 
-0.20367 0.0103384 0.228837 0.452043 0.680188 0.913524 1.15232 1.39688 1.64751 1.90457 2.16843 2.43951 2.71827 3.00521 3.30089 3.60592 3.92101 4.24691 4.58449 4.93473 5.29876 5.67783 6.07341 6.48722 6.92122 7.37778 7.85969 8.37033 8.91383 9.49534 10.1214 10.8003 11.5434 12.3659 13.2898 14.3481 15.5945 
-0.186331 0.0275945 0.246008 0.469127 0.697183 0.930429 1.16913 1.41359 1.66413 1.92108 2.18484 2.45582 2.73447 3.0213 3.31686 3.62178 3.93674 4.26251 4.59996 4.95007 5.31395 5.69288 6.08831 6.50195 6.93579 7.39217 7.87389 8.38433 8.92762 9.5089 10.1347 10.8134 11.5561 12.3783 13.3019 14.3598 15.6056 
-0.229757 -0.0156234 0.203003 0.42634 0.654619 0.888092 1.12703 1.37173 1.62251 1.87971 2.14373 2.41497 2.69389 2.981 3.27685 3.58207 3.89734 4.22343 4.56121 4.91166 5.27589 5.65518 6.051 6.46505 6.89931 7.35613 7.83833 8.34926 8.89309 9.47493 10.1013 10.7807 11.5242 12.3472 13.2716 14.3306 15.5776 
-0.229757 -0.0156234 0.203003 0.42634 0.654619 0.888092 1.12703 1.37173 1.62251 1.87971 2.14373 2.41497 2.69389 2.981 3.27685 3.58207 3.89734 4.22343 4.56121 4.91166 5.27589 5.65518 6.051 6.46505 6.89931 7.35613 7.83833 8.34926 8.89309 9.47493 10.1013 10.7807 11.5242 12.3472 13.2716 14.3306 15.5776 
-0.238475 -0.024299 0.194371 0.417751 0.646075 0.879593 1.11858 1.36332 1.61415 1.87141 2.13548 2.40677 2.68575 2.97291 3.26882 3.5741 3.88943 4.21558 4.55343 4.90395 5.26825 5.64762 6.04352 6.45764 6.89199 7.3489 7.83119 8.34222 8.88615 9.46812 10.0946 10.7741 11.5177 12.3409 13.2655 14.3247 15.572 
-0.229757 -0.0156234 0.203003 0.42634 0.654619 0.888092 1.12703 1.37173 1.62251 1.87971 2.14373 2.41497 2.69389 2.981 3.27685 3.58207 3.89734 4.22343 4.56121 4.91166 5.27589 5.65518 6.051 6.46505 6.89931 7.35613 7.83833 8.34926 8.89309 9.47493 10.1013 10.7807 11.5242 12.3472 13.2716 14.3306 15.5776 
-0.247201 -0.0329835 0.185729 0.409152 0.637521 0.871085 1.11012 1.35491 1.60579 1.86309 2.12721 2.39856 2.67759 2.96481 3.26078 3.56612 3.88151 4.20773 4.54564 4.89623 5.2606 5.64004 6.03602 6.45022 6.88466 7.34166 7.82404 8.33518 8.87921 9.46129 10.0879 10.7675 11.5113 12.3346 13.2595 14.3188 15.5664 
-0.299794 -0.085323 0.133647 0.357334 0.585972 0.819812 1.05913 1.30421 1.55538 1.81299 2.07742 2.34909 2.62845 2.91601 3.21233 3.51802 3.83379 4.16039 4.4987 4.8497 5.21451 5.5944 5.99084 6.40553 6.84048 7.29802 7.78097 8.29271 8.83739 9.42015 10.0475 10.7279 11.4726 12.2969 13.2228 14.2834 15.5324 
-0.26469 -0.0503878 0.16841 0.391922 0.62038 0.854036 1.09316 1.33805 1.58903 1.84643 2.11066 2.38211 2.66125 2.94858 3.24467 3.55012 3.86564 4.19198 4.53003 4.88075 5.24528 5.62487 6.02099 6.43536 6.86997 7.32715 7.80972 8.32106 8.8653 9.44761 10.0745 10.7544 11.4984 12.3221 13.2473 14.3071 15.5551 
-0.22105 -0.00695855 0.211626 0.434919 0.663153 0.89658 1.13547 1.38012 1.63085 1.88801 2.15197 2.42316 2.70203 2.98908 3.28488 3.59003 3.90524 4.23126 4.56898 4.91936 5.28352 5.66274 6.05848 6.47245 6.90662 7.36336 7.84546 8.35629 8.90001 9.48175 10.108 10.7872 11.5306 12.3534 13.2777 14.3364 15.5832 
-0.229757 -0.0156234 0.203003 0.42634 0.654619 0.888092 1.12703 1.37173 1.62251 1.87971 2.14373 2.41497 2.69389 2.981 3.27685 3.58207 3.89734 4.22343 4.56121 4.91166 5.27589 5.65518 6.051 6.46505 6.89931 7.35613 7.83833 8.34926 8.89309 9.47493 10.1013 10.7807 11.5242 12.3472 13.2716 14.3306 15.5776 
-0.273449 -0.0591056 0.159736 0.383291 0.611794 0.845496 1.08467 1.32961 1.58063 1.83809 2.10236 2.37387 2.65307 2.94046 3.2366 3.54211 3.85769 4.1841 4.52221 4.87301 5.2376 5.61726 6.01347 6.42792 6.86261 7.31988 7.80254 8.31398 8.85834 9.44076 10.0678 10.7478 11.492 12.3158 13.2412 14.3012 15.5494 
-0.22105 -0.00695855 0.211626 0.434919 0.663153 0.89658 1.13547 1.38012 1.63085 1.88801 2.15197 2.42316 2.70203 2.98908 3.28488 3.59003 3.90524 4.23126 4.56898 4.91936 5.28352 5.66274 6.05848 6.47245 6.90662 7.36336 7.84546 8.35629 8.90001 9.48175 10.108 10.7872 11.5306 12.3534 13.2777 14.3364 15.5832 
-0.26469 -0.0503878 0.16841 0.391922 0.62038 0.854036 1.09316 1.33805 1.58903 1.84643 2.11066 2.38211 2.66125 2.94858 3.24467 3.55012 3.86564 4.19198 4.53003 4.88075 5.24528 5.62487 6.02099 6.43536 6.86997 7.32715 7.80972 8.32106 8.8653 9.44761 10.0745 10.7544 11.4984 12.3221 13.2473 14.3071 15.5551 
-0.273449 -0.0591056 0.159736 0.383291 0.611794 0.845496 1.08467 1.32961 1.58063 1.83809 2.10236 2.37387 2.65307 2.94046 3.2366 3.54211 3.85769 4.1841 4.52221 4.87301 5.2376 5.61726 6.01347 6.42792 6.86261 7.31988 7.80254 8.31398 8.85834 9.44076 10.0678 10.7478 11.492 12.3158 13.2412 14.3012 15.5494 
-0.317412 -0.102856 0.116201 0.339976 0.568704 0.802636 1.04204 1.28722 1.5385 1.79621 2.06074 2.33252 2.61199 2.89966 3.1961 3.50191 3.8178 4.14453 4.48298 4.83412 5.19907 5.57911 5.9757 6.39056 6.82568 7.2834 7.76654 8.27848 8.82338 9.40637 10.034 10.7147 11.4596 12.2843 13.2105 14.2716 15.5211 
-0.308596 -0.0940844 0.12493 0.348661 0.577344 0.81123 1.05059 1.29572 1.54694 1.80461 2.06909 2.34081 2.62022 2.90784 3.20422 3.50997 3.8258 4.15247 4.49084 4.84191 5.20679 5.58676 5.98328 6.39805 6.83308 7.29072 7.77376 8.2856 8.83039 9.41327 10.0408 10.7213 11.4661 12.2906 13.2167 14.2775 15.5268 
-0.335072 -0.120432 0.0987117 0.322576 0.551394 0.785419 1.02492 1.2702 1.52157 1.77938 2.04402 2.3159 2.59549 2.88327 3.17983 3.48576 3.80177 4.12864 4.46721 4.81849 5.18359 5.56378 5.96053 6.37556 6.81084 7.26875 7.75208 8.26422 8.80933 9.39256 10.0204 10.7014 11.4466 12.2716 13.1982 14.2597 15.5097 
-0.352777 -0.138052 0.0811787 0.305132 0.534041 0.768158 1.00776 1.25313 1.5046 1.76252 2.02726 2.29925 2.57894 2.86684 3.16351 3.46957 3.78571 4.1127 4.45141 4.80283 5.16807 5.54841 5.94532 6.36051 6.79597 7.25406 7.73758 8.24993 8.79525 9.37871 10.0068 10.688 11.4336 12.2589 13.1859 14.2477 15.4982 
-0.352777 -0.138052 0.0811787 0.305132 0.534041 0.768158 1.00776 1.25313 1.5046 1.76252 2.02726 2.29925 2.57894 2.86684 3.16351 3.46957 3.78571 4.1127 4.45141 4.80283 5.16807 5.54841 5.94532 6.36051 6.79597 7.25406 7.73758 8.24993 8.79525 9.37871 10.0068 10.688 11.4336 12.2589 13.1859 14.2477 15.4982 
-0.273449 -0.0591056 0.159736 0.383291 0.611794 0.845496 1.08467 1.32961 1.58063 1.83809 2.10236 2.37387 2.65307 2.94046 3.2366 3.54211 3.85769 4.1841 4.52221 4.87301 5.2376 5.61726 6.01347 6.42792 6.86261 7.31988 7.80254 8.31398 8.85834 9.44076 10.0678 10.7478 11.492 12.3158 13.2412 14.3012 15.5494 
-0.247201 -0.0329835 0.185729 0.409152 0.637521 0.871085 1.11012 1.35491 1.60579 1.86309 2.12721 2.39856 2.67759 2.96481 3.26078 3.56612 3.88151 4.20773 4.54564 4.89623 5.2606 5.64004 6.03602 6.45022 6.88466 7.34166 7.82404 8.33518 8.87921 9.46129 10.0879 10.7675 11.5113 12.3346 13.2595 14.3188 15.5664 
-0.229757 -0.0156234 0.203003 0.42634 0.654619 0.888092 1.12703 1.37173 1.62251 1.87971 2.14373 2.41497 2.69389 2.981 3.27685 3.58207 3.89734 4.22343 4.56121 4.91166 5.27589 5.65518 6.051 6.46505 6.89931 7.35613 7.83833 8.34926 8.89309 9.47493 10.1013 10.7807 11.5242 12.3472 13.2716 14.3306 15.5776 
-0.212356 0.00169486 0.220237 0.443486 0.671676 0.905057 1.1439 1.3885 1.63918 1.89629 2.1602 2.43134 2.71015 2.99715 3.29289 3.59798 3.91313 4.23909 4.57674 4.92705 5.29114 5.67029 6.06595 6.47984 6.91393 7.37057 7.85258 8.36331 8.90693 9.48855 10.1147 10.7938 11.537 12.3597 13.2837 14.3423 15.5889 
-0.20367 0.0103384 0.228837 0.452043 0.680188 0.913524 1.15232 1.39688 1.64751 1.90457 2.16843 2.43951 2.71827 3.00521 3.30089 3.60592 3.92101 4.24691 4.58449 4.93473 5.29876 5.67783 6.07341 6.48722 6.92122 7.37778 7.85969 8.37033 8.91383 9.49534 10.1214 10.8003 11.5434 12.3659 13.2898 14.3481 15.5945 
-0.22105 -0.00695855 0.211626 0.434919 0.663153 0.89658 1.13547 1.38012 1.63085 1.88801 2.15197 2.42316 2.70203 2.98908 3.28488 3.59003 3.90524 4.23126 4.56898 4.91936 5.28352 5.66274 6.05848 6.47245 6.90662 7.36336 7.84546 8.35629 8.90001 9.48175 10.108 10.7872 11.5306 12.3534 13.2777 14.3364 15.5832 
-0.20367 0.0103384 0.228837 0.452043 0.680188 0.913524 1.15232 1.39688 1.64751 1.90457 2.16843 2.43951 2.71827 3.00521 3.30089 3.60592 3.92101 4.24691 4.58449 4.93473 5.29876 5.67783 6.07341 6.48722 6.92122 7.37778 7.85969 8.37033 8.91383 9.49534 10.1214 10.8003 11.5434 12.3659 13.2898 14.3481 15.5945 
-0.22105 -0.00695855 0.211626 0.434919 0.663153 0.89658 1.13547 1.38012 1.63085 1.88801 2.15197 2.42316 2.70203 2.98908 3.28488 3.59003 3.90524 4.23126 4.56898 4.91936 5.28352 5.66274 6.05848 6.47245 6.90662 7.36336 7.84546 8.35629 8.90001 9.48175 10.108 10.7872 11.5306 12.3534 13.2777 14.3364 15.5832 
-0.229757 -0.0156234 0.203003 0.42634 0.654619 0.888092 1.12703 1.37173 1.62251 1.87971 2.14373 2.41497 2.69389 2.981 3.27685 3.58207 3.89734 4.22343 4.56121 4.91166 5.27589 5.65518 6.051 6.46505 6.89931 7.35613 7.83833 8.34926 8.89309 9.47493 10.1013 10.7807 11.5242 12.3472 13.2716 14.3306 15.5776 
-0.20367 0.0103384 0.228837 0.452043 0.680188 0.913524 1.15232 1.39688 1.64751 1.90457 2.16843 2.43951 2.71827 3.00521 3.30089 3.60592 3.92101 4.24691 4.58449 4.93473 5.29876 5.67783 6.07341 6.48722 6.92122 7.37778 7.85969 8.37033 8.91383 9.49534 10.1214 10.8003 11.5434 12.3659 13.2898 14.3481 15.5945 
-0.186331 0.0275945 0.246008 0.469127 0.697183 0.930429 1.16913 1.41359 1.66413 1.92108 2.18484 2.45582 2.73447 3.0213 3.31686 3.62178 3.93674 4.26251 4.59996 4.95007 5.31395 5.69288 6.08831 6.50195 6.93579 7.39217 7.87389 8.38433 8.92762 9.5089 10.1347 10.8134 11.5561 12.3783 13.3019 14.3598 15.6056 
-0.186331 0.0275945 0.246008 0.469127 0.697183 0.930429 1.16913 1.41359 1.66413 1.92108 2.18484 2.45582 2.73447 3.0213 3.31686 3.62178 3.93674 4.26251 4.59996 4.95007 5.31395 5.69288 6.08831 6.50195 6.93579 7.39217 7.87389 8.38433 8.92762 9.5089 10.1347 10.8134 11.5561 12.3783 13.3019 14.3598 15.6056 
-0.15178 0.0619789 0.280224 0.503169 0.731048 0.964112 1.20263 1.4469 1.69724 1.954 2.21755 2.48832 2.76675 3.05336 3.34869 3.65338 3.96809 4.29361 4.6308 4.98064 5.34423 5.72286 6.11799 6.53131 6.96481 7.42084 7.90218 8.41223 8.9551 9.53593 10.1612 10.8394 11.5816 12.4031 13.326 14.3831 15.6279 
-0.169035 0.0448071 0.263136 0.486168 0.714136 0.947291 1.1859 1.43027 1.6807 1.93756 2.20122 2.47209 2.75063 3.03735 3.3328 3.6376 3.95244 4.27808 4.6154 4.96537 5.32911 5.70789 6.10317 6.51665 6.95032 7.40652 7.88805 8.3983 8.94138 9.52243 10.148 10.8264 11.5689 12.3908 13.3139 14.3715 15.6168 
-0.177678 0.0362055 0.254577 0.477652 0.705665 0.938864 1.17752 1.42194 1.67242 1.92933 2.19303 2.46396 2.74255 3.02933 3.32483 3.62969 3.94459 4.2703 4.60769 4.95773 5.32154 5.70039 6.09574 6.5093 6.94306 7.39935 7.88098 8.39132 8.9345 9.51567 10.1413 10.8199 11.5625 12.3845 13.3079 14.3656 15.6112 
-0.177678 0.0362055 0.254577 0.477652 0.705665 0.938864 1.17752 1.42194 1.67242 1.92933 2.19303 2.46396 2.74255 3.02933 3.32483 3.62969 3.94459 4.2703 4.60769 4.95773 5.32154 5.70039 6.09574 6.5093 6.94306 7.39935 7.88098 8.39132 8.9345 9.51567 10.1413 10.8199 11.5625 12.3845 13.3079 14.3656 15.6112 
-0.169035 0.0448071 0.263136 0.486168 0.714136 0.947291 1.1859 1.43027 1.6807 1.93756 2.20122 2.47209 2.75063 3.03735 3.3328 3.6376 3.95244 4.27808 4.6154 4.96537 5.32911 5.70789 6.10317 6.51665 6.95032 7.40652 7.88805 8.3983 8.94138 9.52243 10.148 10.8264 11.5689 12.3908 13.3139 14.3715 15.6168 
-0.177678 0.0362055 0.254577 0.477652 0.705665 0.938864 1.17752 1.42194 1.67242 1.92933 2.19303 2.46396 2.74255 3.02933 3.32483 3.62969 3.94459 4.2703 4.60769 4.95773 5.32154 5.70039 6.09574 6.5093 6.94306 7.39935 7.88098 8.39132 8.9345 9.51567 10.1413 10.8199 11.5625 12.3845 13.3079 14.3656 15.6112 
-0.186331 0.0275945 0.246008 0.469127 0.697183 0.930429 1.16913 1.41359 1.66413 1.92108 2.18484 2.45582 2.73447 3.0213 3.31686 3.62178 3.93674 4.26251 4.59996 4.95007 5.31395 5.69288 6.08831 6.50195 6.93579 7.39217 7.87389 8.38433 8.92762 9.5089 10.1347 10.8134 11.5561 12.3783 13.3019 14.3598 15.6056 
-0.229757 -0.0156234 0.203003 0.42634 0.654619 0.888092 1.12703 1.37173 1.62251 1.87971 2.14373 2.41497 2.69389 2.981 3.27685 3.58207 3.89734 4.22343 4.56121 4.91166 5.27589 5.65518 6.051 6.46505 6.89931 7.35613 7.83833 8.34926 8.89309 9.47493 10.1013 10.7807 11.5242 12.3472 13.2716 14.3306 15.5776 
-0.20367 0.0103384 0.228837 0.452043 0.680188 0.913524 1.15232 1.39688 1.64751 1.90457 2.16843 2.43951 2.71827 3.00521 3.30089 3.60592 3.92101 4.24691 4.58449 4.93473 5.29876 5.67783 6.07341 6.48722 6.92122 7.37778 7.85969 8.37033 8.91383 9.49534 10.1214 10.8003 11.5434 12.3659 13.2898 14.3481 15.5945 
-0.22105 -0.00695855 0.211626 0.434919 0.663153 0.89658 1.13547 1.38012 1.63085 1.88801 2.15197 2.42316 2.70203 2.98908 3.28488 3.59003 3.90524 4.23126 4.56898 4.91936 5.28352 5.66274 6.05848 6.47245 6.90662 7.36336 7.84546 8.35629 8.90001 9.48175 10.108 10.7872 11.5306 12.3534 13.2777 14.3364 15.5832 
-0.238475 -0.024299 0.194371 0.417751 0.646075 0.879593 1.11858 1.36332 1.61415 1.87141 2.13548 2.40677 2.68575 2.97291 3.26882 3.5741 3.88943 4.21558 4.55343 4.90395 5.26825 5.64762 6.04352 6.45764 6.89199 7.3489 7.83119 8.34222 8.88615 9.46812 10.0946 10.7741 11.5177 12.3409 13.2655 14.3247 15.572 
-0.20367 0.0103384 0.228837 0.452043 0.680188 0.913524 1.15232 1.39688 1.64751 1.90457 2.16843 2.43951 2.71827 3.00521 3.30089 3.60592 3.92101 4.24691 4.58449 4.93473 5.29876 5.67783 6.07341 6.48722 6.92122 7.37778 7.85969 8.37033 8.91383 9.49534 10.1214 10.8003 11.5434 12.3659 13.2898 14.3481 15.5945 
-0.255941 -0.0416808 0.177075 0.400542 0.628955 0.862565 1.10164 1.34649 1.59741 1.85477 2.11894 2.39034 2.66943 2.9567 3.25273 3.55813 3.87358 4.19986 4.53784 4.88849 5.25294 5.63246 6.02851 6.4428 6.87732 7.33441 7.81688 8.32812 8.87226 9.45445 10.0812 10.761 11.5049 12.3284 13.2534 14.3129 15.5607 
-0.255941 -0.0416808 0.177075 0.400542 0.628955 0.862565 1.10164 1.34649 1.59741 1.85477 2.11894 2.39034 2.66943 2.9567 3.25273 3.55813 3.87358 4.19986 4.53784 4.88849 5.25294 5.63246 6.02851 6.4428 6.87732 7.33441 7.81688 8.32812 8.87226 9.45445 10.0812 10.761 11.5049 12.3284 13.2534 14.3129 15.5607 
-0.20367 0.0103384 0.228837 0.452043 0.680188 0.913524 1.15232 1.39688 1.64751 1.90457 2.16843 2.43951 2.71827 3.00521 3.30089 3.60592 3.92101 4.24691 4.58449 4.93473 5.29876 5.67783 6.07341 6.48722 6.92122 7.37778 7.85969 8.37033 8.91383 9.49534 10.1214 10.8003 11.5434 12.3659 13.2898 14.3481 15.5945 
-0.22105 -0.00695855 0.211626 0.434919 0.663153 0.89658 1.13547 1.38012 1.63085 1.88801 2.15197 2.42316 2.70203 2.98908 3.28488 3.59003 3.90524 4.23126 4.56898 4.91936 5.28352 5.66274 6.05848 6.47245 6.90662 7.36336 7.84546 8.35629 8.90001 9.48175 10.108 10.7872 11.5306 12.3534 13.2777 14.3364 15.5832 
-0.229757 -0.0156234 0.203003 0.42634 0.654619 0.888092 1.12703 1.37173 1.62251 1.87971 2.14373 2.41497 2.69389 2.981 3.27685 3.58207 3.89734 4.22343 4.56121 4.91166 5.27589 5.65518 6.051 6.46505 6.89931 7.35613 7.83833 8.34926 8.89309 9.47493 10.1013 10.7807 11.5242 12.3472 13.2716 14.3306 15.5776 
-0.212356 0.00169486 0.220237 0.443486 0.671676 0.905057 1.1439 1.3885 1.63918 1.89629 2.1602 2.43134 2.71015 2.99715 3.29289 3.59798 3.91313 4.23909 4.57674 4.92705 5.29114 5.67029 6.06595 6.47984 6.91393 7.37057 7.85258 8.36331 8.90693 9.48855 10.1147 10.7938 11.537 12.3597 13.2837 14.3423 15.5889 
-0.229757 -0.0156234 0.203003 0.42634 0.654619 0.888092 1.12703 1.37173 1.62251 1.87971 2.14373 2.41497 2.69389 2.981 3.27685 3.58207 3.89734 4.22343 4.56121 4.91166 5.27589 5.65518 6.051 6.46505 6.89931 7.35613 7.83833 8.34926 8.89309 9.47493 10.1013 10.7807 11.5242 12.3472 13.2716 14.3306 15.5776 
-0.247201 -0.0329835 0.185729 0.409152 0.637521 0.871085 1.11012 1.35491 1.60579 1.86309 2.12721 2.39856 2.67759 2.96481 3.26078 3.56612 3.88151 4.20773 4.54564 4.89623 5.2606 5.64004 6.03602 6.45022 6.88466 7.34166 7.82404 8.33518 8.87921 9.46129 10.0879 10.7675 11.5113 12.3346 13.2595 14.3188 15.5664 
-0.317412 -0.102856 0.116201 0.339976 0.568704 0.802636 1.04204 1.28722 1.5385 1.79621 2.06074 2.33252 2.61199 2.89966 3.1961 3.50191 3.8178 4.14453 4.48298 4.83412 5.19907 5.57911 5.9757 6.39056 6.82568 7.2834 7.76654 8.27848 8.82338 9.40637 10.034 10.7147 11.4596 12.2843 13.2105 14.2716 15.5211 
-0.335072 -0.120432 0.0987117 0.322576 0.551394 0.785419 1.02492 1.2702 1.52157 1.77938 2.04402 2.3159 2.59549 2.88327 3.17983 3.48576 3.80177 4.12864 4.46721 4.81849 5.18359 5.56378 5.96053 6.37556 6.81084 7.26875 7.75208 8.26422 8.80933 9.39256 10.0204 10.7014 11.4466 12.2716 13.1982 14.2597 15.5097 
-0.335072 -0.120432 0.0987117 0.322576 0.551394 0.785419 1.02492 1.2702 1.52157 1.77938 2.04402 2.3159 2.59549 2.88327 3.17983 3.48576 3.80177 4.12864 4.46721 4.81849 5.18359 5.56378 5.96053 6.37556 6.81084 7.26875 7.75208 8.26422 8.80933 9.39256 10.0204 10.7014 11.4466 12.2716 13.1982 14.2597 15.5097 
-0.361646 -0.146878 0.0723962 0.296394 0.525348 0.759512 0.999157 1.24458 1.4961 1.75407 2.01886 2.29091 2.57066 2.85861 3.15534 3.46146 3.77766 4.10472 4.4435 4.79499 5.1603 5.54071 5.9377 6.35297 6.78852 7.2467 7.73032 8.24277 8.7882 9.37177 10 10.6814 11.4271 12.2525 13.1797 14.2418 15.4925 
-0.326236 -0.111639 0.107462 0.331282 0.560055 0.794033 1.03349 1.27872 1.53004 1.7878 2.05239 2.32422 2.60374 2.89147 3.18797 3.49384 3.80979 4.13659 4.4751 4.82631 5.19133 5.57145 5.96812 6.38306 6.81826 7.27608 7.75931 8.27136 8.81636 9.39947 10.0272 10.708 11.4531 12.2779 13.2044 14.2656 15.5154 
-0.28222 -0.0678341 0.15105 0.37465 0.603197 0.836945 1.07616 1.32115 1.57222 1.82973 2.09406 2.36562 2.64487 2.93232 3.22852 3.53409 3.84973 4.17621 4.51438 4.86525 5.22991 5.60965 6.00594 6.42047 6.85524 7.3126 7.79536 8.3069 8.85136 9.4339 10.061 10.7412 11.4855 12.3095 13.235 14.2953 15.5438 
-0.255941 -0.0416808 0.177075 0.400542 0.628955 0.862565 1.10164 1.34649 1.59741 1.85477 2.11894 2.39034 2.66943 2.9567 3.25273 3.55813 3.87358 4.19986 4.53784 4.88849 5.25294 5.63246 6.02851 6.4428 6.87732 7.33441 7.81688 8.32812 8.87226 9.45445 10.0812 10.761 11.5049 12.3284 13.2534 14.3129 15.5607 
-0.22105 -0.00695855 0.211626 0.434919 0.663153 0.89658 1.13547 1.38012 1.63085 1.88801 2.15197 2.42316 2.70203 2.98908 3.28488 3.59003 3.90524 4.23126 4.56898 4.91936 5.28352 5.66274 6.05848 6.47245 6.90662 7.36336 7.84546 8.35629 8.90001 9.48175 10.108 10.7872 11.5306 12.3534 13.2777 14.3364 15.5832 
-0.229757 -0.0156234 0.203003 0.42634 0.654619 0.888092 1.12703 1.37173 1.62251 1.87971 2.14373 2.41497 2.69389 2.981 3.27685 3.58207 3.89734 4.22343 4.56121 4.91166 5.27589 5.65518 6.051 6.46505 6.89931 7.35613 7.83833 8.34926 8.89309 9.47493 10.1013 10.7807 11.5242 12.3472 13.2716 14.3306 15.5776 
-0.238475 -0.024299 0.194371 0.417751 0.646075 0.879593 1.11858 1.36332 1.61415 1.87141 2.13548 2.40677 2.68575 2.97291 3.26882 3.5741 3.88943 4.21558 4.55343 4.90395 5.26825 5.64762 6.04352 6.45764 6.89199 7.3489 7.83119 8.34222 8.88615 9.46812 10.0946 10.7741 11.5177 12.3409 13.2655 14.3247 15.572 
-0.229757 -0.0156234 0.203003 0.42634 0.654619 0.888092 1.12703 1.37173 1.62251 1.87971 2.14373 2.41497 2.69389 2.981 3.27685 3.58207 3.89734 4.22343 4.56121 4.91166 5.27589 5.65518 6.051 6.46505 6.89931 7.35613 7.83833 8.34926 8.89309 9.47493 10.1013 10.7807 11.5242 12.3472 13.2716 14.3306 15.5776 
-0.212356 0.00169486 0.220237 0.443486 0.671676 0.905057 1.1439 1.3885 1.63918 1.89629 2.1602 2.43134 2.71015 2.99715 3.29289 3.59798 3.91313 4.23909 4.57674 4.92705 5.29114 5.67029 6.06595 6.47984 6.91393 7.37057 7.85258 8.36331 8.90693 9.48855 10.1147 10.7938 11.537 12.3597 13.2837 14.3423 15.5889 
-0.229757 -0.0156234 0.203003 0.42634 0.654619 0.888092 1.12703 1.37173 1.62251 1.87971 2.14373 2.41497 2.69389 2.981 3.27685 3.58207 3.89734 4.22343 4.56121 4.91166 5.27589 5.65518 6.051 6.46505 6.89931 7.35613 7.83833 8.34926 8.89309 9.47493 10.1013 10.7807 11.5242 12.3472 13.2716 14.3306 15.5776 
-0.238475 -0.024299 0.194371 0.417751 0.646075 0.879593 1.11858 1.36332 1.61415 1.87141 2.13548 2.40677 2.68575 2.97291 3.26882 3.5741 3.88943 4.21558 4.55343 4.90395 5.26825 5.64762 6.04352 6.45764 6.89199 7.3489 7.83119 8.34222 8.88615 9.46812 10.0946 10.7741 11.5177 12.3409 13.2655 14.3247 15.572 
-0.212356 0.00169486 0.220237 0.443486 0.671676 0.905057 1.1439 1.3885 1.63918 1.89629 2.1602 2.43134 2.71015 2.99715 3.29289 3.59798 3.91313 4.23909 4.57674 4.92705 5.29114 5.67029 6.06595 6.47984 6.91393 7.37057 7.85258 8.36331 8.90693 9.48855 10.1147 10.7938 11.537 12.3597 13.2837 14.3423 15.5889 
-0.194995 0.0189714 0.237428 0.46059 0.688691 0.921981 1.16073 1.40524 1.65582 1.91283 2.17664 2.44767 2.72637 3.01326 3.30888 3.61386 3.92888 4.25471 4.59223 4.94241 5.30636 5.68536 6.08087 6.49459 6.92851 7.38498 7.86679 8.37733 8.92073 9.50213 10.128 10.8068 11.5498 12.3721 13.2958 14.354 15.6001 
-0.177678 0.0362055 0.254577 0.477652 0.705665 0.938864 1.17752 1.42194 1.67242 1.92933 2.19303 2.46396 2.74255 3.02933 3.32483 3.62969 3.94459 4.2703 4.60769 4.95773 5.32154 5.70039 6.09574 6.5093 6.94306 7.39935 7.88098 8.39132 8.9345 9.51567 10.1413 10.8199 11.5625 12.3845 13.3079 14.3656 15.6112 
-0.160402 0.0533985 0.271685 0.494674 0.722598 0.955707 1.19427 1.43859 1.68898 1.94578 2.20939 2.48021 2.7587 3.04536 3.34075 3.64549 3.96027 4.28585 4.62311 4.97301 5.33668 5.71538 6.11058 6.52398 6.95757 7.41368 7.89512 8.40527 8.94824 9.52919 10.1546 10.8329 11.5752 12.3969 13.32 14.3773 15.6224 
-0.15178 0.0619789 0.280224 0.503169 0.731048 0.964112 1.20263 1.4469 1.69724 1.954 2.21755 2.48832 2.76675 3.05336 3.34869 3.65338 3.96809 4.29361 4.6308 4.98064 5.34423 5.72286 6.11799 6.53131 6.96481 7.42084 7.90218 8.41223 8.9551 9.53593 10.1612 10.8394 11.5816 12.4031 13.326 14.3831 15.6279 
-0.169035 0.0448071 0.263136 0.486168 0.714136 0.947291 1.1859 1.43027 1.6807 1.93756 2.20122 2.47209 2.75063 3.03735 3.3328 3.6376 3.95244 4.27808 4.6154 4.96537 5.32911 5.70789 6.10317 6.51665 6.95032 7.40652 7.88805 8.3983 8.94138 9.52243 10.148 10.8264 11.5689 12.3908 13.3139 14.3715 15.6168 
-0.160402 0.0533985 0.271685 0.494674 0.722598 0.955707 1.19427 1.43859 1.68898 1.94578 2.20939 2.48021 2.7587 3.04536 3.34075 3.64549 3.96027 4.28585 4.62311 4.97301 5.33668 5.71538 6.11058 6.52398 6.95757 7.41368 7.89512 8.40527 8.94824 9.52919 10.1546 10.8329 11.5752 12.3969 13.32 14.3773 15.6224 
-0.169035 0.0448071 0.263136 0.486168 0.714136 0.947291 1.1859 1.43027 1.6807 1.93756 2.20122 2.47209 2.75063 3.03735 3.3328 3.6376 3.95244 4.27808 4.6154 4.96537 5.32911 5.70789 6.10317 6.51665 6.95032 7.40652 7.88805 8.3983 8.94138 9.52243 10.148 10.8264 11.5689 12.3908 13.3139 14.3715 15.6168 
-0.169035 0.0448071 0.263136 0.486168 0.714136 0.947291 1.1859 1.43027 1.6807 1.93756 2.20122 2.47209 2.75063 3.03735 3.3328 3.6376 3.95244 4.27808 4.6154 4.96537 5.32911 5.70789 6.10317 6.51665 6.95032 7.40652 7.88805 8.3983 8.94138 9.52243 10.148 10.8264 11.5689 12.3908 13.3139 14.3715 15.6168 
-0.177678 0.0362055 0.254577 0.477652 0.705665 0.938864 1.17752 1.42194 1.67242 1.92933 2.19303 2.46396 2.74255 3.02933 3.32483 3.62969 3.94459 4.2703 4.60769 4.95773 5.32154 5.70039 6.09574 6.5093 6.94306 7.39935 7.88098 8.39132 8.9345 9.51567 10.1413 10.8199 11.5625 12.3845 13.3079 14.3656 15.6112 
-0.212356 0.00169486 0.220237 0.443486 0.671676 0.905057 1.1439 1.3885 1.63918 1.89629 2.1602 2.43134 2.71015 2.99715 3.29289 3.59798 3.91313 4.23909 4.57674 4.92705 5.29114 5.67029 6.06595 6.47984 6.91393 7.37057 7.85258 8.36331 8.90693 9.48855 10.1147 10.7938 11.537 12.3597 13.2837 14.3423 15.5889 
-0.194995 0.0189714 0.237428 0.46059 0.688691 0.921981 1.16073 1.40524 1.65582 1.91283 2.17664 2.44767 2.72637 3.01326 3.30888 3.61386 3.92888 4.25471 4.59223 4.94241 5.30636 5.68536 6.08087 6.49459 6.92851 7.38498 7.86679 8.37733 8.92073 9.50213 10.128 10.8068 11.5498 12.3721 13.2958 14.354 15.6001 
-0.20367 0.0103384 0.228837 0.452043 0.680188 0.913524 1.15232 1.39688 1.64751 1.90457 2.16843 2.43951 2.71827 3.00521 3.30089 3.60592 3.92101 4.24691 4.58449 4.93473 5.29876 5.67783 6.07341 6.48722 6.92122 7.37778 7.85969 8.37033 8.91383 9.49534 10.1214 10.8003 11.5434 12.3659 13.2898 14.3481 15.5945 
-0.212356 0.00169486 0.220237 0.443486 0.671676 0.905057 1.1439 1.3885 1.63918 1.89629 2.1602 2.43134 2.71015 2.99715 3.29289 3.59798 3.91313 4.23909 4.57674 4.92705 5.29114 5.67029 6.06595 6.47984 6.91393 7.37057 7.85258 8.36331 8.90693 9.48855 10.1147 10.7938 11.537 12.3597 13.2837 14.3423 15.5889 
-0.186331 0.0275945 0.246008 0.469127 0.697183 0.930429 1.16913 1.41359 1.66413 1.92108 2.18484 2.45582 2.73447 3.0213 3.31686 3.62178 3.93674 4.26251 4.59996 4.95007 5.31395 5.69288 6.08831 6.50195 6.93579 7.39217 7.87389 8.38433 8.92762 9.5089 10.1347 10.8134 11.5561 12.3783 13.3019 14.3598 15.6056 
-0.22105 -0.00695855 0.211626 0.434919 0.663153 0.89658 1.13547 1.38012 1.63085 1.88801 2.15197 2.42316 2.70203 2.98908 3.28488 3.59003 3.90524 4.23126 4.56898 4.91936 5.28352 5.66274 6.05848 6.47245 6.90662 7.36336 7.84546 8.35629 8.90001 9.48175 10.108 10.7872 11.5306 12.3534 13.2777 14.3364 15.5832 
-0.22105 -0.00695855 0.211626 0.434919 0.663153 0.89658 1.13547 1.38012 1.63085 1.88801 2.15197 2.42316 2.70203 2.98908 3.28488 3.59003 3.90524 4.23126 4.56898 4.91936 5.28352 5.66274 6.05848 6.47245 6.90662 7.36336 7.84546 8.35629 8.90001 9.48175 10.108 10.7872 11.5306 12.3534 13.2777 14.3364 15.5832 
-0.212356 0.00169486 0.220237 0.443486 0.671676 0.905057 1.1439 1.3885 1.63918 1.89629 2.1602 2.43134 2.71015 2.99715 3.29289 3.59798 3.91313 4.23909 4.57674 4.92705 5.29114 5.67029 6.06595 6.47984 6.91393 7.37057 7.85258 8.36331 8.90693 9.48855 10.1147 10.7938 11.537 12.3597 13.2837 14.3423 15.5889 
-0.194995 0.0189714 0.237428 0.46059 0.688691 0.921981 1.16073 1.40524 1.65582 1.91283 2.17664 2.44767 2.72637 3.01326 3.30888 3.61386 3.92888 4.25471 4.59223 4.94241 5.30636 5.68536 6.08087 6.49459 6.92851 7.38498 7.86679 8.37733 8.92073 9.50213 10.128 10.8068 11.5498 12.3721 13.2958 14.354 15.6001 
-0.186331 0.0275945 0.246008 0.469127 0.697183 0.930429 1.16913 1.41359 1.66413 1.92108 2.18484 2.45582 2.73447 3.0213 3.31686 3.62178 3.93674 4.26251 4.59996 4.95007 5.31395 5.69288 6.08831 6.50195 6.93579 7.39217 7.87389 8.38433 8.92762 9.5089 10.1347 10.8134 11.5561 12.3783 13.3019 14.3598 15.6056 
-0.194995 0.0189714 0.237428 0.46059 0.688691 0.921981 1.16073 1.40524 1.65582 1.91283 2.17664 2.44767 2.72637 3.01326 3.30888 3.61386 3.92888 4.25471 4.59223 4.94241 5.30636 5.68536 6.08087 6.49459 6.92851 7.38498 7.86679 8.37733 8.92073 9.50213 10.128 10.8068 11.5498 12.3721 13.2958 14.354 15.6001 
-0.212356 0.00169486 0.220237 0.443486 0.671676 0.905057 1.1439 1.3885 1.63918 1.89629 2.1602 2.43134 2.71015 2.99715 3.29289 3.59798 3.91313 4.23909 4.57674 4.92705 5.29114 5.67029 6.06595 6.47984 6.91393 7.37057 7.85258 8.36331 8.90693 9.48855 10.1147 10.7938 11.537 12.3597 13.2837 14.3423 15.5889 
-0.22105 -0.00695855 0.211626 0.434919 0.663153 0.89658 1.13547 1.38012 1.63085 1.88801 2.15197 2.42316 2.70203 2.98908 3.28488 3.59003 3.90524 4.23126 4.56898 4.91936 5.28352 5.66274 6.05848 6.47245 6.90662 7.36336 7.84546 8.35629 8.90001 9.48175 10.108 10.7872 11.5306 12.3534 13.2777 14.3364 15.5832 
-0.326236 -0.111639 0.107462 0.331282 0.560055 0.794033 1.03349 1.27872 1.53004 1.7878 2.05239 2.32422 2.60374 2.89147 3.18797 3.49384 3.80979 4.13659 4.4751 4.82631 5.19133 5.57145 5.96812 6.38306 6.81826 7.27608 7.75931 8.27136 8.81636 9.39947 10.0272 10.708 11.4531 12.2779 13.2044 14.2656 15.5154 
-0.335072 -0.120432 0.0987117 0.322576 0.551394 0.785419 1.02492 1.2702 1.52157 1.77938 2.04402 2.3159 2.59549 2.88327 3.17983 3.48576 3.80177 4.12864 4.46721 4.81849 5.18359 5.56378 5.96053 6.37556 6.81084 7.26875 7.75208 8.26422 8.80933 9.39256 10.0204 10.7014 11.4466 12.2716 13.1982 14.2597 15.5097 
-0.343919 -0.129236 0.0899509 0.313859 0.542723 0.776794 1.01634 1.26167 1.51309 1.77096 2.03565 2.30758 2.58722 2.87506 3.17168 3.47767 3.79375 4.12067 4.45932 4.81067 5.17583 5.5561 5.95293 6.36804 6.80341 7.26141 7.74483 8.25708 8.80229 9.38564 10.0136 10.6947 11.4401 12.2652 13.192 14.2537 15.504 
-0.361646 -0.146878 0.0723962 0.296394 0.525348 0.759512 0.999157 1.24458 1.4961 1.75407 2.01886 2.29091 2.57066 2.85861 3.15534 3.46146 3.77766 4.10472 4.4435 4.79499 5.1603 5.54071 5.9377 6.35297 6.78852 7.2467 7.73032 8.24277 8.7882 9.37177 10 10.6814 11.4271 12.2525 13.1797 14.2418 15.4925 
-0.343919 -0.129236 0.0899509 0.313859 0.542723 0.776794 1.01634 1.26167 1.51309 1.77096 2.03565 2.30758 2.58722 2.87506 3.17168 3.47767 3.79375 4.12067 4.45932 4.81067 5.17583 5.5561 5.95293 6.36804 6.80341 7.26141 7.74483 8.25708 8.80229 9.38564 10.0136 10.6947 11.4401 12.2652 13.192 14.2537 15.504 
-0.317412 -0.102856 0.116201 0.339976 0.568704 0.802636 1.04204 1.28722 1.5385 1.79621 2.06074 2.33252 2.61199 2.89966 3.1961 3.50191 3.8178 4.14453 4.48298 4.83412 5.19907 5.57911 5.9757 6.39056 6.82568 7.2834 7.76654 8.27848 8.82338 9.40637 10.034 10.7147 11.4596 12.2843 13.2105 14.2716 15.5211 
-0.273449 -0.0591056 0.159736 0.383291 0.611794 0.845496 1.08467 1.32961 1.58063 1.83809 2.10236 2.37387 2.65307 2.94046 3.2366 3.54211 3.85769 4.1841 4.52221 4.87301 5.2376 5.61726 6.01347 6.42792 6.86261 7.31988 7.80254 8.31398 8.85834 9.44076 10.0678 10.7478 11.492 12.3158 13.2412 14.3012 15.5494 
-0.247201 -0.0329835 0.185729 0.409152 0.637521 0.871085 1.11012 1.35491 1.60579 1.86309 2.12721 2.39856 2.67759 2.96481 3.26078 3.56612 3.88151 4.20773 4.54564 4.89623 5.2606 5.64004 6.03602 6.45022 6.88466 7.34166 7.82404 8.33518 8.87921 9.46129 10.0879 10.7675 11.5113 12.3346 13.2595 14.3188 15.5664 
-0.255941 -0.0416808 0.177075 0.400542 0.628955 0.862565 1.10164 1.34649 1.59741 1.85477 2.11894 2.39034 2.66943 2.9567 3.25273 3.55813 3.87358 4.19986 4.53784 4.88849 5.25294 5.63246 6.02851 6.4428 6.87732 7.33441 7.81688 8.32812 8.87226 9.45445 10.0812 10.761 11.5049 12.3284 13.2534 14.3129 15.5607 
-0.255941 -0.0416808 0.177075 0.400542 0.628955 0.862565 1.10164 1.34649 1.59741 1.85477 2.11894 2.39034 2.66943 2.9567 3.25273 3.55813 3.87358 4.19986 4.53784 4.88849 5.25294 5.63246 6.02851 6.4428 6.87732 7.33441 7.81688 8.32812 8.87226 9.45445 10.0812 10.761 11.5049 12.3284 13.2534 14.3129 15.5607 
-0.229757 -0.0156234 0.203003 0.42634 0.654619 0.888092 1.12703 1.37173 1.62251 1.87971 2.14373 2.41497 2.69389 2.981 3.27685 3.58207 3.89734 4.22343 4.56121 4.91166 5.27589 5.65518 6.051 6.46505 6.89931 7.35613 7.83833 8.34926 8.89309 9.47493 10.1013 10.7807 11.5242 12.3472 13.2716 14.3306 15.5776 
-0.22105 -0.00695855 0.211626 0.434919 0.663153 0.89658 1.13547 1.38012 1.63085 1.88801 2.15197 2.42316 2.70203 2.98908 3.28488 3.59003 3.90524 4.23126 4.56898 4.91936 5.28352 5.66274 6.05848 6.47245 6.90662 7.36336 7.84546 8.35629 8.90001 9.48175 10.108 10.7872 11.5306 12.3534 13.2777 14.3364 15.5832 
-0.238475 -0.024299 0.194371 0.417751 0.646075 0.879593 1.11858 1.36332 1.61415 1.87141 2.13548 2.40677 2.68575 2.97291 3.26882 3.5741 3.88943 4.21558 4.55343 4.90395 5.26825 5.64762 6.04352 6.45764 6.89199 7.3489 7.83119 8.34222 8.88615 9.46812 10.0946 10.7741 11.5177 12.3409 13.2655 14.3247 15.572 
-0.238475 -0.024299 0.194371 0.417751 0.646075 0.879593 1.11858 1.36332 1.61415 1.87141 2.13548 2.40677 2.68575 2.97291 3.26882 3.5741 3.88943 4.21558 4.55343 4.90395 5.26825 5.64762 6.04352 6.45764 6.89199 7.3489 7.83119 8.34222 8.88615 9.46812 10.0946 10.7741 11.5177 12.3409 13.2655 14.3247 15.572 
-0.22105 -0.00695855 0.211626 0.434919 0.663153 0.89658 1.13547 1.38012 1.63085 1.88801 2.15197 2.42316 2.70203 2.98908 3.28488 3.59003 3.90524 4.23126 4.56898 4.91936 5.28352 5.66274 6.05848 6.47245 6.90662 7.36336 7.84546 8.35629 8.90001 9.48175 10.108 10.7872 11.5306 12.3534 13.2777 14.3364 15.5832 
-0.20367 0.0103384 0.228837 0.452043 0.680188 0.913524 1.15232 1.39688 1.64751 1.90457 2.16843 2.43951 2.71827 3.00521 3.30089 3.60592 3.92101 4.24691 4.58449 4.93473 5.29876 5.67783 6.07341 6.48722 6.92122 7.37778 7.85969 8.37033 8.91383 9.49534 10.1214 10.8003 11.5434 12.3659 13.2898 14.3481 15.5945 
-0.186331 0.0275945 0.246008 0.469127 0.697183 0.930429 1.16913 1.41359 1.66413 1.92108 2.18484 2.45582 2.73447 3.0213 3.31686 3.62178 3.93674 4.26251 4.59996 4.95007 5.31395 5.69288 6.08831 6.50195 6.93579 7.39217 7.87389 8.38433 8.92762 9.5089 10.1347 10.8134 11.5561 12.3783 13.3019 14.3598 15.6056 
-0.177678 0.0362055 0.254577 0.477652 0.705665 0.938864 1.17752 1.42194 1.67242 1.92933 2.19303 2.46396 2.74255 3.02933 3.32483 3.62969 3.94459 4.2703 4.60769 4.95773 5.32154 5.70039 6.09574 6.5093 6.94306 7.39935 7.88098 8.39132 8.9345 9.51567 10.1413 10.8199 11.5625 12.3845 13.3079 14.3656 15.6112 
-0.160402 0.0533985 0.271685 0.494674 0.722598 0.955707 1.19427 1.43859 1.68898 1.94578 2.20939 2.48021 2.7587 3.04536 3.34075 3.64549 3.96027 4.28585 4.62311 4.97301 5.33668 5.71538 6.11058 6.52398 6.95757 7.41368 7.89512 8.40527 8.94824 9.52919 10.1546 10.8329 11.5752 12.3969 13.32 14.3773 15.6224 
-0.15178 0.0619789 0.280224 0.503169 0.731048 0.964112 1.20263 1.4469 1.69724 1.954 2.21755 2.48832 2.76675 3.05336 3.34869 3.65338 3.96809 4.29361 4.6308 4.98064 5.34423 5.72286 6.11799 6.53131 6.96481 7.42084 7.90218 8.41223 8.9551 9.53593 10.1612 10.8394 11.5816 12.4031 13.326 14.3831 15.6279 
-0.143168 0.0705491 0.288751 0.511654 0.739489 0.972508 1.21098 1.4552 1.7055 1.9622 2.2257 2.49642 2.7748 3.06135 3.35663 3.66125 3.97591 4.30136 4.63849 4.98826 5.35178 5.73034 6.12539 6.53863 6.97205 7.42798 7.90924 8.41918 8.96195 9.54267 10.1678 10.8459 11.5879 12.4093 13.332 14.3889 15.6335 
-0.143168 0.0705491 0.288751 0.511654 0.739489 0.972508 1.21098 1.4552 1.7055 1.9622 2.2257 2.49642 2.7748 3.06135 3.35663 3.66125 3.97591 4.30136 4.63849 4.98826 5.35178 5.73034 6.12539 6.53863 6.97205 7.42798 7.90924 8.41918 8.96195 9.54267 10.1678 10.8459 11.5879 12.4093 13.332 14.3889 15.6335 
-0.143168 0.0705491 0.288751 0.511654 0.739489 0.972508 1.21098 1.4552 1.7055 1.9622 2.2257 2.49642 2.7748 3.06135 3.35663 3.66125 3.97591 4.30136 4.63849 4.98826 5.35178 5.73034 6.12539 6.53863 6.97205 7.42798 7.90924 8.41918 8.96195 9.54267 10.1678 10.8459 11.5879 12.4093 13.332 14.3889 15.6335 
-0.160402 0.0533985 0.271685 0.494674 0.722598 0.955707 1.19427 1.43859 1.68898 1.94578 2.20939 2.48021 2.7587 3.04536 3.34075 3.64549 3.96027 4.28585 4.62311 4.97301 5.33668 5.71538 6.11058 6.52398 6.95757 7.41368 7.89512 8.40527 8.94824 9.52919 10.1546 10.8329 11.5752 12.3969 13.32 14.3773 15.6224 
-0.186331 0.0275945 0.246008 0.469127 0.697183 0.930429 1.16913 1.41359 1.66413 1.92108 2.18484 2.45582 2.73447 3.0213 3.31686 3.62178 3.93674 4.26251 4.59996 4.95007 5.31395 5.69288 6.08831 6.50195 6.93579 7.39217 7.87389 8.38433 8.92762 9.5089 10.1347 10.8134 11.5561 12.3783 13.3019 14.3598 15.6056 
-0.186331 0.0275945 0.246008 0.469127 0.697183 0.930429 1.16913 1.41359 1.66413 1.92108 2.18484 2.45582 2.73447 3.0213 3.31686 3.62178 3.93674 4.26251 4.59996 4.95007 5.31395 5.69288 6.08831 6.50195 6.93579 7.39217 7.87389 8.38433 8.92762 9.5089 10.1347 10.8134 11.5561 12.3783 13.3019 14.3598 15.6056 
-0.186331 0.0275945 0.246008 0.469127 0.697183 0.930429 1.16913 1.41359 1.66413 1.92108 2.18484 2.45582 2.73447 3.0213 3.31686 3.62178 3.93674 4.26251 4.59996 4.95007 5.31395 5.69288 6.08831 6.50195 6.93579 7.39217 7.87389 8.38433 8.92762 9.5089 10.1347 10.8134 11.5561 12.3783 13.3019 14.3598 15.6056 
-0.194995 0.0189714 0.237428 0.46059 0.688691 0.921981 1.16073 1.40524 1.65582 1.91283 2.17664 2.44767 2.72637 3.01326 3.30888 3.61386 3.92888 4.25471 4.59223 4.94241 5.30636 5.68536 6.08087 6.49459 6.92851 7.38498 7.86679 8.37733 8.92073 9.50213 10.128 10.8068 11.5498 12.3721 13.2958 14.354 15.6001 
-0.169035 0.0448071 0.263136 0.486168 0.714136 0.947291 1.1859 1.43027 1.6807 1.93756 2.20122 2.47209 2.75063 3.03735 3.3328 3.6376 3.95244 4.27808 4.6154 4.96537 5.32911 5.70789 6.10317 6.51665 6.95032 7.40652 7.88805 8.3983 8.94138 9.52243 10.148 10.8264 11.5689 12.3908 13.3139 14.3715 15.6168 
-0.177678 0.0362055 0.254577 0.477652 0.705665 0.938864 1.17752 1.42194 1.67242 1.92933 2.19303 2.46396 2.74255 3.02933 3.32483 3.62969 3.94459 4.2703 4.60769 4.95773 5.32154 5.70039 6.09574 6.5093 6.94306 7.39935 7.88098 8.39132 8.9345 9.51567 10.1413 10.8199 11.5625 12.3845 13.3079 14.3656 15.6112 
-0.186331 0.0275945 0.246008 0.469127 0.697183 0.930429 1.16913 1.41359 1.66413 1.92108 2.18484 2.45582 2.73447 3.0213 3.31686 3.62178 3.93674 4.26251 4.59996 4.95007 5.31395 5.69288 6.08831 6.50195 6.93579 7.39217 7.87389 8.38433 8.92762 9.5089 10.1347 10.8134 11.5561 12.3783 13.3019 14.3598 15.6056 
-0.186331 0.0275945 0.246008 0.469127 0.697183 0.930429 1.16913 1.41359 1.66413 1.92108 2.18484 2.45582 2.73447 3.0213 3.31686 3.62178 3.93674 4.26251 4.59996 4.95007 5.31395 5.69288 6.08831 6.50195 6.93579 7.39217 7.87389 8.38433 8.92762 9.5089 10.1347 10.8134 11.5561 12.3783 13.3019 14.3598 15.6056 
-0.212356 0.00169486 0.220237 0.443486 0.671676 0.905057 1.1439 1.3885 1.63918 1.89629 2.1602 2.43134 2.71015 2.99715 3.29289 3.59798 3.91313 4.23909 4.57674 4.92705 5.29114 5.67029 6.06595 6.47984 6.91393 7.37057 7.85258 8.36331 8.90693 9.48855 10.1147 10.7938 11.537 12.3597 13.2837 14.3423 15.5889 
-0.212356 0.00169486 0.220237 0.443486 0.671676 0.905057 1.1439 1.3885 1.63918 1.89629 2.1602 2.43134 2.71015 2.99715 3.29289 3.59798 3.91313 4.23909 4.57674 4.92705 5.29114 5.67029 6.06595 6.47984 6.91393 7.37057 7.85258 8.36331 8.90693 9.48855 10.1147 10.7938 11.537 12.3597 13.2837 14.3423 15.5889 
-0.194995 0.0189714 0.237428 0.46059 0.688691 0.921981 1.16073 1.40524 1.65582 1.91283 2.17664 2.44767 2.72637 3.01326 3.30888 3.61386 3.92888 4.25471 4.59223 4.94241 5.30636 5.68536 6.08087 6.49459 6.92851 7.38498 7.86679 8.37733 8.92073 9.50213 10.128 10.8068 11.5498 12.3721 13.2958 14.354 15.6001 
-0.20367 0.0103384 0.228837 0.452043 0.680188 0.913524 1.15232 1.39688 1.64751 1.90457 2.16843 2.43951 2.71827 3.00521 3.30089 3.60592 3.92101 4.24691 4.58449 4.93473 5.29876 5.67783 6.07341 6.48722 6.92122 7.37778 7.85969 8.37033 8.91383 9.49534 10.1214 10.8003 11.5434 12.3659 13.2898 14.3481 15.5945 
-0.22105 -0.00695855 0.211626 0.434919 0.663153 0.89658 1.13547 1.38012 1.63085 1.88801 2.15197 2.42316 2.70203 2.98908 3.28488 3.59003 3.90524 4.23126 4.56898 4.91936 5.28352 5.66274 6.05848 6.47245 6.90662 7.36336 7.84546 8.35629 8.90001 9.48175 10.108 10.7872 11.5306 12.3534 13.2777 14.3364 15.5832 
-0.343919 -0.129236 0.0899509 0.313859 0.542723 0.776794 1.01634 1.26167 1.51309 1.77096 2.03565 2.30758 2.58722 2.87506 3.17168 3.47767 3.79375 4.12067 4.45932 4.81067 5.17583 5.5561 5.95293 6.36804 6.80341 7.26141 7.74483 8.25708 8.80229 9.38564 10.0136 10.6947 11.4401 12.2652 13.192 14.2537 15.504 
-0.343919 -0.129236 0.0899509 0.313859 0.542723 0.776794 1.01634 1.26167 1.51309 1.77096 2.03565 2.30758 2.58722 2.87506 3.17168 3.47767 3.79375 4.12067 4.45932 4.81067 5.17583 5.5561 5.95293 6.36804 6.80341 7.26141 7.74483 8.25708 8.80229 9.38564 10.0136 10.6947 11.4401 12.2652 13.192 14.2537 15.504 
-0.352777 -0.138052 0.0811787 0.305132 0.534041 0.768158 1.00776 1.25313 1.5046 1.76252 2.02726 2.29925 2.57894 2.86684 3.16351 3.46957 3.78571 4.1127 4.45141 4.80283 5.16807 5.54841 5.94532 6.36051 6.79597 7.25406 7.73758 8.24993 8.79525 9.37871 10.0068 10.688 11.4336 12.2589 13.1859 14.2477 15.4982 
-0.361646 -0.146878 0.0723962 0.296394 0.525348 0.759512 0.999157 1.24458 1.4961 1.75407 2.01886 2.29091 2.57066 2.85861 3.15534 3.46146 3.77766 4.10472 4.4435 4.79499 5.1603 5.54071 5.9377 6.35297 6.78852 7.2467 7.73032 8.24277 8.7882 9.37177 10 10.6814 11.4271 12.2525 13.1797 14.2418 15.4925 
-0.370524 -0.155714 0.0636029 0.287645 0.516645 0.750855 0.990548 1.23602 1.48759 1.74561 2.01046 2.28256 2.56236 2.85038 3.14716 3.45334 3.76961 4.09673 4.43557 4.78713 5.15252 5.53301 5.93008 6.34543 6.78106 7.23933 7.72304 8.2356 8.78114 9.36482 9.99319 10.6747 11.4205 12.2461 13.1735 14.2358 15.4868 
-0.335072 -0.120432 0.0987117 0.322576 0.551394 0.785419 1.02492 1.2702 1.52157 1.77938 2.04402 2.3159 2.59549 2.88327 3.17983 3.48576 3.80177 4.12864 4.46721 4.81849 5.18359 5.56378 5.96053 6.37556 6.81084 7.26875 7.75208 8.26422 8.80933 9.39256 10.0204 10.7014 11.4466 12.2716 13.1982 14.2597 15.5097 
-0.28222 -0.0678341 0.15105 0.37465 0.603197 0.836945 1.07616 1.32115 1.57222 1.82973 2.09406 2.36562 2.64487 2.93232 3.22852 3.53409 3.84973 4.17621 4.51438 4.86525 5.22991 5.60965 6.00594 6.42047 6.85524 7.3126 7.79536 8.3069 8.85136 9.4339 10.061 10.7412 11.4855 12.3095 13.235 14.2953 15.5438 
-0.26469 -0.0503878 0.16841 0.391922 0.62038 0.854036 1.09316 1.33805 1.58903 1.84643 2.11066 2.38211 2.66125 2.94858 3.24467 3.55012 3.86564 4.19198 4.53003 4.88075 5.24528 5.62487 6.02099 6.43536 6.86997 7.32715 7.80972 8.32106 8.8653 9.44761 10.0745 10.7544 11.4984 12.3221 13.2473 14.3071 15.5551 
-0.273449 -0.0591056 0.159736 0.383291 0.611794 0.845496 1.08467 1.32961 1.58063 1.83809 2.10236 2.37387 2.65307 2.94046 3.2366 3.54211 3.85769 4.1841 4.52221 4.87301 5.2376 5.61726 6.01347 6.42792 6.86261 7.31988 7.80254 8.31398 8.85834 9.44076 10.0678 10.7478 11.492 12.3158 13.2412 14.3012 15.5494 
-0.238475 -0.024299 0.194371 0.417751 0.646075 0.879593 1.11858 1.36332 1.61415 1.87141 2.13548 2.40677 2.68575 2.97291 3.26882 3.5741 3.88943 4.21558 4.55343 4.90395 5.26825 5.64762 6.04352 6.45764 6.89199 7.3489 7.83119 8.34222 8.88615 9.46812 10.0946 10.7741 11.5177 12.3409 13.2655 14.3247 15.572 
-0.229757 -0.0156234 0.203003 0.42634 0.654619 0.888092 1.12703 1.37173 1.62251 1.87971 2.14373 2.41497 2.69389 2.981 3.27685 3.58207 3.89734 4.22343 4.56121 4.91166 5.27589 5.65518 6.051 6.46505 6.89931 7.35613 7.83833 8.34926 8.89309 9.47493 10.1013 10.7807 11.5242 12.3472 13.2716 14.3306 15.5776 
-0.247201 -0.0329835 0.185729 0.409152 0.637521 0.871085 1.11012 1.35491 1.60579 1.86309 2.12721 2.39856 2.67759 2.96481 3.26078 3.56612 3.88151 4.20773 4.54564 4.89623 5.2606 5.64004 6.03602 6.45022 6.88466 7.34166 7.82404 8.33518 8.87921 9.46129 10.0879 10.7675 11.5113 12.3346 13.2595 14.3188 15.5664 
-0.255941 -0.0416808 0.177075 0.400542 0.628955 0.862565 1.10164 1.34649 1.59741 1.85477 2.11894 2.39034 2.66943 2.9567 3.25273 3.55813 3.87358 4.19986 4.53784 4.88849 5.25294 5.63246 6.02851 6.4428 6.87732 7.33441 7.81688 8.32812 8.87226 9.45445 10.0812 10.761 11.5049 12.3284 13.2534 14.3129 15.5607 
-0.247201 -0.0329835 0.185729 0.409152 0.637521 0.871085 1.11012 1.35491 1.60579 1.86309 2.12721 2.39856 2.67759 2.96481 3.26078 3.56612 3.88151 4.20773 4.54564 4.89623 5.2606 5.64004 6.03602 6.45022 6.88466 7.34166 7.82404 8.33518 8.87921 9.46129 10.0879 10.7675 11.5113 12.3346 13.2595 14.3188 15.5664 
-0.229757 -0.0156234 0.203003 0.42634 0.654619 0.888092 1.12703 1.37173 1.62251 1.87971 2.14373 2.41497 2.69389 2.981 3.27685 3.58207 3.89734 4.22343 4.56121 4.91166 5.27589 5.65518 6.051 6.46505 6.89931 7.35613 7.83833 8.34926 8.89309 9.47493 10.1013 10.7807 11.5242 12.3472 13.2716 14.3306 15.5776 
-0.22105 -0.00695855 0.211626 0.434919 0.663153 0.89658 1.13547 1.38012 1.63085 1.88801 2.15197 2.42316 2.70203 2.98908 3.28488 3.59003 3.90524 4.23126 4.56898 4.91936 5.28352 5.66274 6.05848 6.47245 6.90662 7.36336 7.84546 8.35629 8.90001 9.48175 10.108 10.7872 11.5306 12.3534 13.2777 14.3364 15.5832 
-0.20367 0.0103384 0.228837 0.452043 0.680188 0.913524 1.15232 1.39688 1.64751 1.90457 2.16843 2.43951 2.71827 3.00521 3.30089 3.60592 3.92101 4.24691 4.58449 4.93473 5.29876 5.67783 6.07341 6.48722 6.92122 7.37778 7.85969 8.37033 8.91383 9.49534 10.1214 10.8003 11.5434 12.3659 13.2898 14.3481 15.5945 
-0.186331 0.0275945 0.246008 0.469127 0.697183 0.930429 1.16913 1.41359 1.66413 1.92108 2.18484 2.45582 2.73447 3.0213 3.31686 3.62178 3.93674 4.26251 4.59996 4.95007 5.31395 5.69288 6.08831 6.50195 6.93579 7.39217 7.87389 8.38433 8.92762 9.5089 10.1347 10.8134 11.5561 12.3783 13.3019 14.3598 15.6056 
-0.169035 0.0448071 0.263136 0.486168 0.714136 0.947291 1.1859 1.43027 1.6807 1.93756 2.20122 2.47209 2.75063 3.03735 3.3328 3.6376 3.95244 4.27808 4.6154 4.96537 5.32911 5.70789 6.10317 6.51665 6.95032 7.40652 7.88805 8.3983 8.94138 9.52243 10.148 10.8264 11.5689 12.3908 13.3139 14.3715 15.6168 
-0.160402 0.0533985 0.271685 0.494674 0.722598 0.955707 1.19427 1.43859 1.68898 1.94578 2.20939 2.48021 2.7587 3.04536 3.34075 3.64549 3.96027 4.28585 4.62311 4.97301 5.33668 5.71538 6.11058 6.52398 6.95757 7.41368 7.89512 8.40527 8.94824 9.52919 10.1546 10.8329 11.5752 12.3969 13.32 14.3773 15.6224 
-0.15178 0.0619789 0.280224 0.503169 0.731048 0.964112 1.20263 1.4469 1.69724 1.954 2.21755 2.48832 2.76675 3.05336 3.34869 3.65338 3.96809 4.29361 4.6308 4.98064 5.34423 5.72286 6.11799 6.53131 6.96481 7.42084 7.90218 8.41223 8.9551 9.53593 10.1612 10.8394 11.5816 12.4031 13.326 14.3831 15.6279 
-0.15178 0.0619789 0.280224 0.503169 0.731048 0.964112 1.20263 1.4469 1.69724 1.954 2.21755 2.48832 2.76675 3.05336 3.34869 3.65338 3.96809 4.29361 4.6308 4.98064 5.34423 5.72286 6.11799 6.53131 6.96481 7.42084 7.90218 8.41223 8.9551 9.53593 10.1612 10.8394 11.5816 12.4031 13.326 14.3831 15.6279 
-0.15178 0.0619789 0.280224 0.503169 0.731048 0.964112 1.20263 1.4469 1.69724 1.954 2.21755 2.48832 2.76675 3.05336 3.34869 3.65338 3.96809 4.29361 4.6308 4.98064 5.34423 5.72286 6.11799 6.53131 6.96481 7.42084 7.90218 8.41223 8.9551 9.53593 10.1612 10.8394 11.5816 12.4031 13.326 14.3831 15.6279 
-0.15178 0.0619789 0.280224 0.503169 0.731048 0.964112 1.20263 1.4469 1.69724 1.954 2.21755 2.48832 2.76675 3.05336 3.34869 3.65338 3.96809 4.29361 4.6308 4.98064 5.34423 5.72286 6.11799 6.53131 6.96481 7.42084 7.90218 8.41223 8.9551 9.53593 10.1612 10.8394 11.5816 12.4031 13.326 14.3831 15.6279 
-0.160402 0.0533985 0.271685 0.494674 0.722598 0.955707 1.19427 1.43859 1.68898 1.94578 2.20939 2.48021 2.7587 3.04536 3.34075 3.64549 3.96027 4.28585 4.62311 4.97301 5.33668 5.71538 6.11058 6.52398 6.95757 7.41368 7.89512 8.40527 8.94824 9.52919 10.1546 10.8329 11.5752 12.3969 13.32 14.3773 15.6224 
-0.160402 0.0533985 0.271685 0.494674 0.722598 0.955707 1.19427 1.43859 1.68898 1.94578 2.20939 2.48021 2.7587 3.04536 3.34075 3.64549 3.96027 4.28585 4.62311 4.97301 5.33668 5.71538 6.11058 6.52398 6.95757 7.41368 7.89512 8.40527 8.94824 9.52919 10.1546 10.8329 11.5752 12.3969 13.32 14.3773 15.6224 
-0.177678 0.0362055 0.254577 0.477652 0.705665 0.938864 1.17752 1.42194 1.67242 1.92933 2.19303 2.46396 2.74255 3.02933 3.32483 3.62969 3.94459 4.2703 4.60769 4.95773 5.32154 5.70039 6.09574 6.5093 6.94306 7.39935 7.88098 8.39132 8.9345 9.51567 10.1413 10.8199 11.5625 12.3845 13.3079 14.3656 15.6112 
-0.186331 0.0275945 0.246008 0.469127 0.697183 0.930429 1.16913 1.41359 1.66413 1.92108 2.18484 2.45582 2.73447 3.0213 3.31686 3.62178 3.93674 4.26251 4.59996 4.95007 5.31395 5.69288 6.08831 6.50195 6.93579 7.39217 7.87389 8.38433 8.92762 9.5089 10.1347 10.8134 11.5561 12.3783 13.3019 14.3598 15.6056 
-0.15178 0.0619789 0.280224 0.503169 0.731048 0.964112 1.20263 1.4469 1.69724 1.954 2.21755 2.48832 2.76675 3.05336 3.34869 3.65338 3.96809 4.29361 4.6308 4.98064 5.34423 5.72286 6.11799 6.53131 6.96481 7.42084 7.90218 8.41223 8.9551 9.53593 10.1612 10.8394 11.5816 12.4031 13.326 14.3831 15.6279 
-0.143168 0.0705491 0.288751 0.511654 0.739489 0.972508 1.21098 1.4552 1.7055 1.9622 2.2257 2.49642 2.7748 3.06135 3.35663 3.66125 3.97591 4.30136 4.63849 4.98826 5.35178 5.73034 6.12539 6.53863 6.97205 7.42798 7.90924 8.41918 8.96195 9.54267 10.1678 10.8459 11.5879 12.4093 13.332 14.3889 15.6335 
-0.160402 0.0533985 0.271685 0.494674 0.722598 0.955707 1.19427 1.43859 1.68898 1.94578 2.20939 2.48021 2.7587 3.04536 3.34075 3.64549 3.96027 4.28585 4.62311 4.97301 5.33668 5.71538 6.11058 6.52398 6.95757 7.41368 7.89512 8.40527 8.94824 9.52919 10.1546 10.8329 11.5752 12.3969 13.32 14.3773 15.6224 
-0.169035 0.0448071 0.263136 0.486168 0.714136 0.947291 1.1859 1.43027 1.6807 1.93756 2.20122 2.47209 2.75063 3.03735 3.3328 3.6376 3.95244 4.27808 4.6154 4.96537 5.32911 5.70789 6.10317 6.51665 6.95032 7.40652 7.88805 8.3983 8.94138 9.52243 10.148 10.8264 11.5689 12.3908 13.3139 14.3715 15.6168 
-0.186331 0.0275945 0.246008 0.469127 0.697183 0.930429 1.16913 1.41359 1.66413 1.92108 2.18484 2.45582 2.73447 3.0213 3.31686 3.62178 3.93674 4.26251 4.59996 4.95007 5.31395 5.69288 6.08831 6.50195 6.93579 7.39217 7.87389 8.38433 8.92762 9.5089 10.1347 10.8134 11.5561 12.3783 13.3019 14.3598 15.6056 
-0.212356 0.00169486 0.220237 0.443486 0.671676 0.905057 1.1439 1.3885 1.63918 1.89629 2.1602 2.43134 2.71015 2.99715 3.29289 3.59798 3.91313 4.23909 4.57674 4.92705 5.29114 5.67029 6.06595 6.47984 6.91393 7.37057 7.85258 8.36331 8.90693 9.48855 10.1147 10.7938 11.537 12.3597 13.2837 14.3423 15.5889 
-0.194995 0.0189714 0.237428 0.46059 0.688691 0.921981 1.16073 1.40524 1.65582 1.91283 2.17664 2.44767 2.72637 3.01326 3.30888 3.61386 3.92888 4.25471 4.59223 4.94241 5.30636 5.68536 6.08087 6.49459 6.92851 7.38498 7.86679 8.37733 8.92073 9.50213 10.128 10.8068 11.5498 12.3721 13.2958 14.354 15.6001 
-0.177678 0.0362055 0.254577 0.477652 0.705665 0.938864 1.17752 1.42194 1.67242 1.92933 2.19303 2.46396 2.74255 3.02933 3.32483 3.62969 3.94459 4.2703 4.60769 4.95773 5.32154 5.70039 6.09574 6.5093 6.94306 7.39935 7.88098 8.39132 8.9345 9.51567 10.1413 10.8199 11.5625 12.3845 13.3079 14.3656 15.6112 
-0.229757 -0.0156234 0.203003 0.42634 0.654619 0.888092 1.12703 1.37173 1.62251 1.87971 2.14373 2.41497 2.69389 2.981 3.27685 3.58207 3.89734 4.22343 4.56121 4.91166 5.27589 5.65518 6.051 6.46505 6.89931 7.35613 7.83833 8.34926 8.89309 9.47493 10.1013 10.7807 11.5242 12.3472 13.2716 14.3306 15.5776 
-0.326236 -0.111639 0.107462 0.331282 0.560055 0.794033 1.03349 1.27872 1.53004 1.7878 2.05239 2.32422 2.60374 2.89147 3.18797 3.49384 3.80979 4.13659 4.4751 4.82631 5.19133 5.57145 5.96812 6.38306 6.81826 7.27608 7.75931 8.27136 8.81636 9.39947 10.0272 10.708 11.4531 12.2779 13.2044 14.2656 15.5154 
-0.326236 -0.111639 0.107462 0.331282 0.560055 0.794033 1.03349 1.27872 1.53004 1.7878 2.05239 2.32422 2.60374 2.89147 3.18797 3.49384 3.80979 4.13659 4.4751 4.82631 5.19133 5.57145 5.96812 6.38306 6.81826 7.27608 7.75931 8.27136 8.81636 9.39947 10.0272 10.708 11.4531 12.2779 13.2044 14.2656 15.5154 
-0.335072 -0.120432 0.0987117 0.322576 0.551394 0.785419 1.02492 1.2702 1.52157 1.77938 2.04402 2.3159 2.59549 2.88327 3.17983 3.48576 3.80177 4.12864 4.46721 4.81849 5.18359 5.56378 5.96053 6.37556 6.81084 7.26875 7.75208 8.26422 8.80933 9.39256 10.0204 10.7014 11.4466 12.2716 13.1982 14.2597 15.5097 
-0.317412 -0.102856 0.116201 0.339976 0.568704 0.802636 1.04204 1.28722 1.5385 1.79621 2.06074 2.33252 2.61199 2.89966 3.1961 3.50191 3.8178 4.14453 4.48298 4.83412 5.19907 5.57911 5.9757 6.39056 6.82568 7.2834 7.76654 8.27848 8.82338 9.40637 10.034 10.7147 11.4596 12.2843 13.2105 14.2716 15.5211 
-0.308596 -0.0940844 0.12493 0.348661 0.577344 0.81123 1.05059 1.29572 1.54694 1.80461 2.06909 2.34081 2.62022 2.90784 3.20422 3.50997 3.8258 4.15247 4.49084 4.84191 5.20679 5.58676 5.98328 6.39805 6.83308 7.29072 7.77376 8.2856 8.83039 9.41327 10.0408 10.7213 11.4661 12.2906 13.2167 14.2775 15.5268 
-0.28222 -0.0678341 0.15105 0.37465 0.603197 0.836945 1.07616 1.32115 1.57222 1.82973 2.09406 2.36562 2.64487 2.93232 3.22852 3.53409 3.84973 4.17621 4.51438 4.86525 5.22991 5.60965 6.00594 6.42047 6.85524 7.3126 7.79536 8.3069 8.85136 9.4339 10.061 10.7412 11.4855 12.3095 13.235 14.2953 15.5438 
-0.26469 -0.0503878 0.16841 0.391922 0.62038 0.854036 1.09316 1.33805 1.58903 1.84643 2.11066 2.38211 2.66125 2.94858 3.24467 3.55012 3.86564 4.19198 4.53003 4.88075 5.24528 5.62487 6.02099 6.43536 6.86997 7.32715 7.80972 8.32106 8.8653 9.44761 10.0745 10.7544 11.4984 12.3221 13.2473 14.3071 15.5551 
-0.26469 -0.0503878 0.16841 0.391922 0.62038 0.854036 1.09316 1.33805 1.58903 1.84643 2.11066 2.38211 2.66125 2.94858 3.24467 3.55012 3.86564 4.19198 4.53003 4.88075 5.24528 5.62487 6.02099 6.43536 6.86997 7.32715 7.80972 8.32106 8.8653 9.44761 10.0745 10.7544 11.4984 12.3221 13.2473 14.3071 15.5551 
-0.247201 -0.0329835 0.185729 0.409152 0.637521 0.871085 1.11012 1.35491 1.60579 1.86309 2.12721 2.39856 2.67759 2.96481 3.26078 3.56612 3.88151 4.20773 4.54564 4.89623 5.2606 5.64004 6.03602 6.45022 6.88466 7.34166 7.82404 8.33518 8.87921 9.46129 10.0879 10.7675 11.5113 12.3346 13.2595 14.3188 15.5664 
-0.26469 -0.0503878 0.16841 0.391922 0.62038 0.854036 1.09316 1.33805 1.58903 1.84643 2.11066 2.38211 2.66125 2.94858 3.24467 3.55012 3.86564 4.19198 4.53003 4.88075 5.24528 5.62487 6.02099 6.43536 6.86997 7.32715 7.80972 8.32106 8.8653 9.44761 10.0745 10.7544 11.4984 12.3221 13.2473 14.3071 15.5551 
-0.255941 -0.0416808 0.177075 0.400542 0.628955 0.862565 1.10164 1.34649 1.59741 1.85477 2.11894 2.39034 2.66943 2.9567 3.25273 3.55813 3.87358 4.19986 4.53784 4.88849 5.25294 5.63246 6.02851 6.4428 6.87732 7.33441 7.81688 8.32812 8.87226 9.45445 10.0812 10.761 11.5049 12.3284 13.2534 14.3129 15.5607 
-0.238475 -0.024299 0.194371 0.417751 0.646075 0.879593 1.11858 1.36332 1.61415 1.87141 2.13548 2.40677 2.68575 2.97291 3.26882 3.5741 3.88943 4.21558 4.55343 4.90395 5.26825 5.64762 6.04352 6.45764 6.89199 7.3489 7.83119 8.34222 8.88615 9.46812 10.0946 10.7741 11.5177 12.3409 13.2655 14.3247 15.572 
-0.238475 -0.024299 0.194371 0.417751 0.646075 0.879593 1.11858 1.36332 1.61415 1.87141 2.13548 2.40677 2.68575 2.97291 3.26882 3.5741 3.88943 4.21558 4.55343 4.90395 5.26825 5.64762 6.04352 6.45764 6.89199 7.3489 7.83119 8.34222 8.88615 9.46812 10.0946 10.7741 11.5177 12.3409 13.2655 14.3247 15.572 
-0.22105 -0.00695855 0.211626 0.434919 0.663153 0.89658 1.13547 1.38012 1.63085 1.88801 2.15197 2.42316 2.70203 2.98908 3.28488 3.59003 3.90524 4.23126 4.56898 4.91936 5.28352 5.66274 6.05848 6.47245 6.90662 7.36336 7.84546 8.35629 8.90001 9.48175 10.108 10.7872 11.5306 12.3534 13.2777 14.3364 15.5832 
-0.194995 0.0189714 0.237428 0.46059 0.688691 0.921981 1.16073 1.40524 1.65582 1.91283 2.17664 2.44767 2.72637 3.01326 3.30888 3.61386 3.92888 4.25471 4.59223 4.94241 5.30636 5.68536 6.08087 6.49459 6.92851 7.38498 7.86679 8.37733 8.92073 9.50213 10.128 10.8068 11.5498 12.3721 13.2958 14.354 15.6001 
-0.177678 0.0362055 0.254577 0.477652 0.705665 0.938864 1.17752 1.42194 1.67242 1.92933 2.19303 2.46396 2.74255 3.02933 3.32483 3.62969 3.94459 4.2703 4.60769 4.95773 5.32154 5.70039 6.09574 6.5093 6.94306 7.39935 7.88098 8.39132 8.9345 9.51567 10.1413 10.8199 11.5625 12.3845 13.3079 14.3656 15.6112 
-0.160402 0.0533985 0.271685 0.494674 0.722598 0.955707 1.19427 1.43859 1.68898 1.94578 2.20939 2.48021 2.7587 3.04536 3.34075 3.64549 3.96027 4.28585 4.62311 4.97301 5.33668 5.71538 6.11058 6.52398 6.95757 7.41368 7.89512 8.40527 8.94824 9.52919 10.1546 10.8329 11.5752 12.3969 13.32 14.3773 15.6224 
-0.160402 0.0533985 0.271685 0.494674 0.722598 0.955707 1.19427 1.43859 1.68898 1.94578 2.20939 2.48021 2.7587 3.04536 3.34075 3.64549 3.96027 4.28585 4.62311 4.97301 5.33668 5.71538 6.11058 6.52398 6.95757 7.41368 7.89512 8.40527 8.94824 9.52919 10.1546 10.8329 11.5752 12.3969 13.32 14.3773 15.6224 
-0.169035 0.0448071 0.263136 0.486168 0.714136 0.947291 1.1859 1.43027 1.6807 1.93756 2.20122 2.47209 2.75063 3.03735 3.3328 3.6376 3.95244 4.27808 4.6154 4.96537 5.32911 5.70789 6.10317 6.51665 6.95032 7.40652 7.88805 8.3983 8.94138 9.52243 10.148 10.8264 11.5689 12.3908 13.3139 14.3715 15.6168 
-0.169035 0.0448071 0.263136 0.486168 0.714136 0.947291 1.1859 1.43027 1.6807 1.93756 2.20122 2.47209 2.75063 3.03735 3.3328 3.6376 3.95244 4.27808 4.6154 4.96537 5.32911 5.70789 6.10317 6.51665 6.95032 7.40652 7.88805 8.3983 8.94138 9.52243 10.148 10.8264 11.5689 12.3908 13.3139 14.3715 15.6168 
-0.160402 0.0533985 0.271685 0.494674 0.722598 0.955707 1.19427 1.43859 1.68898 1.94578 2.20939 2.48021 2.7587 3.04536 3.34075 3.64549 3.96027 4.28585 4.62311 4.97301 5.33668 5.71538 6.11058 6.52398 6.95757 7.41368 7.89512 8.40527 8.94824 9.52919 10.1546 10.8329 11.5752 12.3969 13.32 14.3773 15.6224 
-0.15178 0.0619789 0.280224 0.503169 0.731048 0.964112 1.20263 1.4469 1.69724 1.954 2.21755 2.48832 2.76675 3.05336 3.34869 3.65338 3.96809 4.29361 4.6308 4.98064 5.34423 5.72286 6.11799 6.53131 6.96481 7.42084 7.90218 8.41223 8.9551 9.53593 10.1612 10.8394 11.5816 12.4031 13.326 14.3831 15.6279 
-0.15178 0.0619789 0.280224 0.503169 0.731048 0.964112 1.20263 1.4469 1.69724 1.954 2.21755 2.48832 2.76675 3.05336 3.34869 3.65338 3.96809 4.29361 4.6308 4.98064 5.34423 5.72286 6.11799 6.53131 6.96481 7.42084 7.90218 8.41223 8.9551 9.53593 10.1612 10.8394 11.5816 12.4031 13.326 14.3831 15.6279 
-0.134568 0.0791087 0.297269 0.520128 0.747919 0.980894 1.21932 1.4635 1.71374 1.9704 2.23385 2.50451 2.78284 3.06933 3.36455 3.66912 3.98371 4.3091 4.64616 4.99586 5.35932 5.7378 6.13278 6.54594 6.97927 7.43512 7.91628 8.42613 8.96879 9.54939 10.1744 10.8523 11.5942 12.4155 13.338 14.3947 15.6391 
-0.134568 0.0791087 0.297269 0.520128 0.747919 0.980894 1.21932 1.4635 1.71374 1.9704 2.23385 2.50451 2.78284 3.06933 3.36455 3.66912 3.98371 4.3091 4.64616 4.99586 5.35932 5.7378 6.13278 6.54594 6.97927 7.43512 7.91628 8.42613 8.96879 9.54939 10.1744 10.8523 11.5942 12.4155 13.338 14.3947 15.6391 
-0.15178 0.0619789 0.280224 0.503169 0.731048 0.964112 1.20263 1.4469 1.69724 1.954 2.21755 2.48832 2.76675 3.05336 3.34869 3.65338 3.96809 4.29361 4.6308 4.98064 5.34423 5.72286 6.11799 6.53131 6.96481 7.42084 7.90218 8.41223 8.9551 9.53593 10.1612 10.8394 11.5816 12.4031 13.326 14.3831 15.6279 
-0.160402 0.0533985 0.271685 0.494674 0.722598 0.955707 1.19427 1.43859 1.68898 1.94578 2.20939 2.48021 2.7587 3.04536 3.34075 3.64549 3.96027 4.28585 4.62311 4.97301 5.33668 5.71538 6.11058 6.52398 6.95757 7.41368 7.89512 8.40527 8.94824 9.52919 10.1546 10.8329 11.5752 12.3969 13.32 14.3773 15.6224 
-0.15178 0.0619789 0.280224 0.503169 0.731048 0.964112 1.20263 1.4469 1.69724 1.954 2.21755 2.48832 2.76675 3.05336 3.34869 3.65338 3.96809 4.29361 4.6308 4.98064 5.34423 5.72286 6.11799 6.53131 6.96481 7.42084 7.90218 8.41223 8.9551 9.53593 10.1612 10.8394 11.5816 12.4031 13.326 14.3831 15.6279 
-0.134568 0.0791087 0.297269 0.520128 0.747919 0.980894 1.21932 1.4635 1.71374 1.9704 2.23385 2.50451 2.78284 3.06933 3.36455 3.66912 3.98371 4.3091 4.64616 4.99586 5.35932 5.7378 6.13278 6.54594 6.97927 7.43512 7.91628 8.42613 8.96879 9.54939 10.1744 10.8523 11.5942 12.4155 13.338 14.3947 15.6391 
-0.143168 0.0705491 0.288751 0.511654 0.739489 0.972508 1.21098 1.4552 1.7055 1.9622 2.2257 2.49642 2.7748 3.06135 3.35663 3.66125 3.97591 4.30136 4.63849 4.98826 5.35178 5.73034 6.12539 6.53863 6.97205 7.42798 7.90924 8.41918 8.96195 9.54267 10.1678 10.8459 11.5879 12.4093 13.332 14.3889 15.6335 
-0.15178 0.0619789 0.280224 0.503169 0.731048 0.964112 1.20263 1.4469 1.69724 1.954 2.21755 2.48832 2.76675 3.05336 3.34869 3.65338 3.96809 4.29361 4.6308 4.98064 5.34423 5.72286 6.11799 6.53131 6.96481 7.42084 7.90218 8.41223 8.9551 9.53593 10.1612 10.8394 11.5816 12.4031 13.326 14.3831 15.6279 
-0.143168 0.0705491 0.288751 0.511654 0.739489 0.972508 1.21098 1.4552 1.7055 1.9622 2.2257 2.49642 2.7748 3.06135 3.35663 3.66125 3.97591 4.30136 4.63849 4.98826 5.35178 5.73034 6.12539 6.53863 6.97205 7.42798 7.90924 8.41918 8.96195 9.54267 10.1678 10.8459 11.5879 12.4093 13.332 14.3889 15.6335 
-0.169035 0.0448071 0.263136 0.486168 0.714136 0.947291 1.1859 1.43027 1.6807 1.93756 2.20122 2.47209 2.75063 3.03735 3.3328 3.6376 3.95244 4.27808 4.6154 4.96537 5.32911 5.70789 6.10317 6.51665 6.95032 7.40652 7.88805 8.3983 8.94138 9.52243 10.148 10.8264 11.5689 12.3908 13.3139 14.3715 15.6168 
-0.169035 0.0448071 0.263136 0.486168 0.714136 0.947291 1.1859 1.43027 1.6807 1.93756 2.20122 2.47209 2.75063 3.03735 3.3328 3.6376 3.95244 4.27808 4.6154 4.96537 5.32911 5.70789 6.10317 6.51665 6.95032 7.40652 7.88805 8.3983 8.94138 9.52243 10.148 10.8264 11.5689 12.3908 13.3139 14.3715 15.6168 
-0.15178 0.0619789 0.280224 0.503169 0.731048 0.964112 1.20263 1.4469 1.69724 1.954 2.21755 2.48832 2.76675 3.05336 3.34869 3.65338 3.96809 4.29361 4.6308 4.98064 5.34423 5.72286 6.11799 6.53131 6.96481 7.42084 7.90218 8.41223 8.9551 9.53593 10.1612 10.8394 11.5816 12.4031 13.326 14.3831 15.6279 
-0.22105 -0.00695855 0.211626 0.434919 0.663153 0.89658 1.13547 1.38012 1.63085 1.88801 2.15197 2.42316 2.70203 2.98908 3.28488 3.59003 3.90524 4.23126 4.56898 4.91936 5.28352 5.66274 6.05848 6.47245 6.90662 7.36336 7.84546 8.35629 8.90001 9.48175 10.108 10.7872 11.5306 12.3534 13.2777 14.3364 15.5832 
-0.317412 -0.102856 0.116201 0.339976 0.568704 0.802636 1.04204 1.28722 1.5385 1.79621 2.06074 2.33252 2.61199 2.89966 3.1961 3.50191 3.8178 4.14453 4.48298 4.83412 5.19907 5.57911 5.9757 6.39056 6.82568 7.2834 7.76654 8.27848 8.82338 9.40637 10.034 10.7147 11.4596 12.2843 13.2105 14.2716 15.5211 
-0.317412 -0.102856 0.116201 0.339976 0.568704 0.802636 1.04204 1.28722 1.5385 1.79621 2.06074 2.33252 2.61199 2.89966 3.1961 3.50191 3.8178 4.14453 4.48298 4.83412 5.19907 5.57911 5.9757 6.39056 6.82568 7.2834 7.76654 8.27848 8.82338 9.40637 10.034 10.7147 11.4596 12.2843 13.2105 14.2716 15.5211 
-0.299794 -0.085323 0.133647 0.357334 0.585972 0.819812 1.05913 1.30421 1.55538 1.81299 2.07742 2.34909 2.62845 2.91601 3.21233 3.51802 3.83379 4.16039 4.4987 4.8497 5.21451 5.5944 5.99084 6.40553 6.84048 7.29802 7.78097 8.29271 8.83739 9.42015 10.0475 10.7279 11.4726 12.2969 13.2228 14.2834 15.5324 
-0.308596 -0.0940844 0.12493 0.348661 0.577344 0.81123 1.05059 1.29572 1.54694 1.80461 2.06909 2.34081 2.62022 2.90784 3.20422 3.50997 3.8258 4.15247 4.49084 4.84191 5.20679 5.58676 5.98328 6.39805 6.83308 7.29072 7.77376 8.2856 8.83039 9.41327 10.0408 10.7213 11.4661 12.2906 13.2167 14.2775 15.5268 
-0.299794 -0.085323 0.133647 0.357334 0.585972 0.819812 1.05913 1.30421 1.55538 1.81299 2.07742 2.34909 2.62845 2.91601 3.21233 3.51802 3.83379 4.16039 4.4987 4.8497 5.21451 5.5944 5.99084 6.40553 6.84048 7.29802 7.78097 8.29271 8.83739 9.42015 10.0475 10.7279 11.4726 12.2969 13.2228 14.2834 15.5324 
-0.273449 -0.0591056 0.159736 0.383291 0.611794 0.845496 1.08467 1.32961 1.58063 1.83809 2.10236 2.37387 2.65307 2.94046 3.2366 3.54211 3.85769 4.1841 4.52221 4.87301 5.2376 5.61726 6.01347 6.42792 6.86261 7.31988 7.80254 8.31398 8.85834 9.44076 10.0678 10.7478 11.492 12.3158 13.2412 14.3012 15.5494 
-0.255941 -0.0416808 0.177075 0.400542 0.628955 0.862565 1.10164 1.34649 1.59741 1.85477 2.11894 2.39034 2.66943 2.9567 3.25273 3.55813 3.87358 4.19986 4.53784 4.88849 5.25294 5.63246 6.02851 6.4428 6.87732 7.33441 7.81688 8.32812 8.87226 9.45445 10.0812 10.761 11.5049 12.3284 13.2534 14.3129 15.5607 
-0.255941 -0.0416808 0.177075 0.400542 0.628955 0.862565 1.10164 1.34649 1.59741 1.85477 2.11894 2.39034 2.66943 2.9567 3.25273 3.55813 3.87358 4.19986 4.53784 4.88849 5.25294 5.63246 6.02851 6.4428 6.87732 7.33441 7.81688 8.32812 8.87226 9.45445 10.0812 10.761 11.5049 12.3284 13.2534 14.3129 15.5607 
-0.255941 -0.0416808 0.177075 0.400542 0.628955 0.862565 1.10164 1.34649 1.59741 1.85477 2.11894 2.39034 2.66943 2.9567 3.25273 3.55813 3.87358 4.19986 4.53784 4.88849 5.25294 5.63246 6.02851 6.4428 6.87732 7.33441 7.81688 8.32812 8.87226 9.45445 10.0812 10.761 11.5049 12.3284 13.2534 14.3129 15.5607 
-0.26469 -0.0503878 0.16841 0.391922 0.62038 0.854036 1.09316 1.33805 1.58903 1.84643 2.11066 2.38211 2.66125 2.94858 3.24467 3.55012 3.86564 4.19198 4.53003 4.88075 5.24528 5.62487 6.02099 6.43536 6.86997 7.32715 7.80972 8.32106 8.8653 9.44761 10.0745 10.7544 11.4984 12.3221 13.2473 14.3071 15.5551 
-0.238475 -0.024299 0.194371 0.417751 0.646075 0.879593 1.11858 1.36332 1.61415 1.87141 2.13548 2.40677 2.68575 2.97291 3.26882 3.5741 3.88943 4.21558 4.55343 4.90395 5.26825 5.64762 6.04352 6.45764 6.89199 7.3489 7.83119 8.34222 8.88615 9.46812 10.0946 10.7741 11.5177 12.3409 13.2655 14.3247 15.572 
-0.22105 -0.00695855 0.211626 0.434919 0.663153 0.89658 1.13547 1.38012 1.63085 1.88801 2.15197 2.42316 2.70203 2.98908 3.28488 3.59003 3.90524 4.23126 4.56898 4.91936 5.28352 5.66274 6.05848 6.47245 6.90662 7.36336 7.84546 8.35629 8.90001 9.48175 10.108 10.7872 11.5306 12.3534 13.2777 14.3364 15.5832 
-0.212356 0.00169486 0.220237 0.443486 0.671676 0.905057 1.1439 1.3885 1.63918 1.89629 2.1602 2.43134 2.71015 2.99715 3.29289 3.59798 3.91313 4.23909 4.57674 4.92705 5.29114 5.67029 6.06595 6.47984 6.91393 7.37057 7.85258 8.36331 8.90693 9.48855 10.1147 10.7938 11.537 12.3597 13.2837 14.3423 15.5889 
-0.22105 -0.00695855 0.211626 0.434919 0.663153 0.89658 1.13547 1.38012 1.63085 1.88801 2.15197 2.42316 2.70203 2.98908 3.28488 3.59003 3.90524 4.23126 4.56898 4.91936 5.28352 5.66274 6.05848 6.47245 6.90662 7.36336 7.84546 8.35629 8.90001 9.48175 10.108 10.7872 11.5306 12.3534 13.2777 14.3364 15.5832 
-0.186331 0.0275945 0.246008 0.469127 0.697183 0.930429 1.16913 1.41359 1.66413 1.92108 2.18484 2.45582 2.73447 3.0213 3.31686 3.62178 3.93674 4.26251 4.59996 4.95007 5.31395 5.69288 6.08831 6.50195 6.93579 7.39217 7.87389 8.38433 8.92762 9.5089 10.1347 10.8134 11.5561 12.3783 13.3019 14.3598 15.6056 
-0.177678 0.0362055 0.254577 0.477652 0.705665 0.938864 1.17752 1.42194 1.67242 1.92933 2.19303 2.46396 2.74255 3.02933 3.32483 3.62969 3.94459 4.2703 4.60769 4.95773 5.32154 5.70039 6.09574 6.5093 6.94306 7.39935 7.88098 8.39132 8.9345 9.51567 10.1413 10.8199 11.5625 12.3845 13.3079 14.3656 15.6112 
-0.177678 0.0362055 0.254577 0.477652 0.705665 0.938864 1.17752 1.42194 1.67242 1.92933 2.19303 2.46396 2.74255 3.02933 3.32483 3.62969 3.94459 4.2703 4.60769 4.95773 5.32154 5.70039 6.09574 6.5093 6.94306 7.39935 7.88098 8.39132 8.9345 9.51567 10.1413 10.8199 11.5625 12.3845 13.3079 14.3656 15.6112 
-0.169035 0.0448071 0.263136 0.486168 0.714136 0.947291 1.1859 1.43027 1.6807 1.93756 2.20122 2.47209 2.75063 3.03735 3.3328 3.6376 3.95244 4.27808 4.6154 4.96537 5.32911 5.70789 6.10317 6.51665 6.95032 7.40652 7.88805 8.3983 8.94138 9.52243 10.148 10.8264 11.5689 12.3908 13.3139 14.3715 15.6168 
-0.169035 0.0448071 0.263136 0.486168 0.714136 0.947291 1.1859 1.43027 1.6807 1.93756 2.20122 2.47209 2.75063 3.03735 3.3328 3.6376 3.95244 4.27808 4.6154 4.96537 5.32911 5.70789 6.10317 6.51665 6.95032 7.40652 7.88805 8.3983 8.94138 9.52243 10.148 10.8264 11.5689 12.3908 13.3139 14.3715 15.6168 
-0.177678 0.0362055 0.254577 0.477652 0.705665 0.938864 1.17752 1.42194 1.67242 1.92933 2.19303 2.46396 2.74255 3.02933 3.32483 3.62969 3.94459 4.2703 4.60769 4.95773 5.32154 5.70039 6.09574 6.5093 6.94306 7.39935 7.88098 8.39132 8.9345 9.51567 10.1413 10.8199 11.5625 12.3845 13.3079 14.3656 15.6112 
-0.160402 0.0533985 0.271685 0.494674 0.722598 0.955707 1.19427 1.43859 1.68898 1.94578 2.20939 2.48021 2.7587 3.04536 3.34075 3.64549 3.96027 4.28585 4.62311 4.97301 5.33668 5.71538 6.11058 6.52398 6.95757 7.41368 7.89512 8.40527 8.94824 9.52919 10.1546 10.8329 11.5752 12.3969 13.32 14.3773 15.6224 
-0.134568 0.0791087 0.297269 0.520128 0.747919 0.980894 1.21932 1.4635 1.71374 1.9704 2.23385 2.50451 2.78284 3.06933 3.36455 3.66912 3.98371 4.3091 4.64616 4.99586 5.35932 5.7378 6.13278 6.54594 6.97927 7.43512 7.91628 8.42613 8.96879 9.54939 10.1744 10.8523 11.5942 12.4155 13.338 14.3947 15.6391 
-0.160402 0.0533985 0.271685 0.494674 0.722598 0.955707 1.19427 1.43859 1.68898 1.94578 2.20939 2.48021 2.7587 3.04536 3.34075 3.64549 3.96027 4.28585 4.62311 4.97301 5.33668 5.71538 6.11058 6.52398 6.95757 7.41368 7.89512 8.40527 8.94824 9.52919 10.1546 10.8329 11.5752 12.3969 13.32 14.3773 15.6224 
-0.15178 0.0619789 0.280224 0.503169 0.731048 0.964112 1.20263 1.4469 1.69724 1.954 2.21755 2.48832 2.76675 3.05336 3.34869 3.65338 3.96809 4.29361 4.6308 4.98064 5.34423 5.72286 6.11799 6.53131 6.96481 7.42084 7.90218 8.41223 8.9551 9.53593 10.1612 10.8394 11.5816 12.4031 13.326 14.3831 15.6279 
-0.15178 0.0619789 0.280224 0.503169 0.731048 0.964112 1.20263 1.4469 1.69724 1.954 2.21755 2.48832 2.76675 3.05336 3.34869 3.65338 3.96809 4.29361 4.6308 4.98064 5.34423 5.72286 6.11799 6.53131 6.96481 7.42084 7.90218 8.41223 8.9551 9.53593 10.1612 10.8394 11.5816 12.4031 13.326 14.3831 15.6279 
-0.160402 0.0533985 0.271685 0.494674 0.722598 0.955707 1.19427 1.43859 1.68898 1.94578 2.20939 2.48021 2.7587 3.04536 3.34075 3.64549 3.96027 4.28585 4.62311 4.97301 5.33668 5.71538 6.11058 6.52398 6.95757 7.41368 7.89512 8.40527 8.94824 9.52919 10.1546 10.8329 11.5752 12.3969 13.32 14.3773 15.6224 
-0.177678 0.0362055 0.254577 0.477652 0.705665 0.938864 1.17752 1.42194 1.67242 1.92933 2.19303 2.46396 2.74255 3.02933 3.32483 3.62969 3.94459 4.2703 4.60769 4.95773 5.32154 5.70039 6.09574 6.5093 6.94306 7.39935 7.88098 8.39132 8.9345 9.51567 10.1413 10.8199 11.5625 12.3845 13.3079 14.3656 15.6112 
-0.160402 0.0533985 0.271685 0.494674 0.722598 0.955707 1.19427 1.43859 1.68898 1.94578 2.20939 2.48021 2.7587 3.04536 3.34075 3.64549 3.96027 4.28585 4.62311 4.97301 5.33668 5.71538 6.11058 6.52398 6.95757 7.41368 7.89512 8.40527 8.94824 9.52919 10.1546 10.8329 11.5752 12.3969 13.32 14.3773 15.6224 
-0.15178 0.0619789 0.280224 0.503169 0.731048 0.964112 1.20263 1.4469 1.69724 1.954 2.21755 2.48832 2.76675 3.05336 3.34869 3.65338 3.96809 4.29361 4.6308 4.98064 5.34423 5.72286 6.11799 6.53131 6.96481 7.42084 7.90218 8.41223 8.9551 9.53593 10.1612 10.8394 11.5816 12.4031 13.326 14.3831 15.6279 
-0.160402 0.0533985 0.271685 0.494674 0.722598 0.955707 1.19427 1.43859 1.68898 1.94578 2.20939 2.48021 2.7587 3.04536 3.34075 3.64549 3.96027 4.28585 4.62311 4.97301 5.33668 5.71538 6.11058 6.52398 6.95757 7.41368 7.89512 8.40527 8.94824 9.52919 10.1546 10.8329 11.5752 12.3969 13.32 14.3773 15.6224 
-0.143168 0.0705491 0.288751 0.511654 0.739489 0.972508 1.21098 1.4552 1.7055 1.9622 2.2257 2.49642 2.7748 3.06135 3.35663 3.66125 3.97591 4.30136 4.63849 4.98826 5.35178 5.73034 6.12539 6.53863 6.97205 7.42798 7.90924 8.41918 8.96195 9.54267 10.1678 10.8459 11.5879 12.4093 13.332 14.3889 15.6335 
-0.117396 0.0961972 0.314273 0.537046 0.76475 0.997634 1.23597 1.48005 1.7302 1.98676 2.2501 2.52066 2.79888 3.08527 3.38037 3.68482 3.99929 4.32456 4.66149 5.01105 5.37437 5.75271 6.14753 6.56053 6.99369 7.44937 7.93034 8.43999 8.98244 9.56283 10.1876 10.8653 11.6069 12.4278 13.3499 14.4062 15.6501 
-0.169035 0.0448071 0.263136 0.486168 0.714136 0.947291 1.1859 1.43027 1.6807 1.93756 2.20122 2.47209 2.75063 3.03735 3.3328 3.6376 3.95244 4.27808 4.6154 4.96537 5.32911 5.70789 6.10317 6.51665 6.95032 7.40652 7.88805 8.3983 8.94138 9.52243 10.148 10.8264 11.5689 12.3908 13.3139 14.3715 15.6168 
-0.15178 0.0619789 0.280224 0.503169 0.731048 0.964112 1.20263 1.4469 1.69724 1.954 2.21755 2.48832 2.76675 3.05336 3.34869 3.65338 3.96809 4.29361 4.6308 4.98064 5.34423 5.72286 6.11799 6.53131 6.96481 7.42084 7.90218 8.41223 8.9551 9.53593 10.1612 10.8394 11.5816 12.4031 13.326 14.3831 15.6279 
-0.134568 0.0791087 0.297269 0.520128 0.747919 0.980894 1.21932 1.4635 1.71374 1.9704 2.23385 2.50451 2.78284 3.06933 3.36455 3.66912 3.98371 4.3091 4.64616 4.99586 5.35932 5.7378 6.13278 6.54594 6.97927 7.43512 7.91628 8.42613 8.96879 9.54939 10.1744 10.8523 11.5942 12.4155 13.338 14.3947 15.6391 
-0.186331 0.0275945 0.246008 0.469127 0.697183 0.930429 1.16913 1.41359 1.66413 1.92108 2.18484 2.45582 2.73447 3.0213 3.31686 3.62178 3.93674 4.26251 4.59996 4.95007 5.31395 5.69288 6.08831 6.50195 6.93579 7.39217 7.87389 8.38433 8.92762 9.5089 10.1347 10.8134 11.5561 12.3783 13.3019 14.3598 15.6056 
-0.317412 -0.102856 0.116201 0.339976 0.568704 0.802636 1.04204 1.28722 1.5385 1.79621 2.06074 2.33252 2.61199 2.89966 3.1961 3.50191 3.8178 4.14453 4.48298 4.83412 5.19907 5.57911 5.9757 6.39056 6.82568 7.2834 7.76654 8.27848 8.82338 9.40637 10.034 10.7147 11.4596 12.2843 13.2105 14.2716 15.5211 
-0.335072 -0.120432 0.0987117 0.322576 0.551394 0.785419 1.02492 1.2702 1.52157 1.77938 2.04402 2.3159 2.59549 2.88327 3.17983 3.48576 3.80177 4.12864 4.46721 4.81849 5.18359 5.56378 5.96053 6.37556 6.81084 7.26875 7.75208 8.26422 8.80933 9.39256 10.0204 10.7014 11.4466 12.2716 13.1982 14.2597 15.5097 
-0.299794 -0.085323 0.133647 0.357334 0.585972 0.819812 1.05913 1.30421 1.55538 1.81299 2.07742 2.34909 2.62845 2.91601 3.21233 3.51802 3.83379 4.16039 4.4987 4.8497 5.21451 5.5944 5.99084 6.40553 6.84048 7.29802 7.78097 8.29271 8.83739 9.42015 10.0475 10.7279 11.4726 12.2969 13.2228 14.2834 15.5324 
-0.308596 -0.0940844 0.12493 0.348661 0.577344 0.81123 1.05059 1.29572 1.54694 1.80461 2.06909 2.34081 2.62022 2.90784 3.20422 3.50997 3.8258 4.15247 4.49084 4.84191 5.20679 5.58676 5.98328 6.39805 6.83308 7.29072 7.77376 8.2856 8.83039 9.41327 10.0408 10.7213 11.4661 12.2906 13.2167 14.2775 15.5268 
-0.26469 -0.0503878 0.16841 0.391922 0.62038 0.854036 1.09316 1.33805 1.58903 1.84643 2.11066 2.38211 2.66125 2.94858 3.24467 3.55012 3.86564 4.19198 4.53003 4.88075 5.24528 5.62487 6.02099 6.43536 6.86997 7.32715 7.80972 8.32106 8.8653 9.44761 10.0745 10.7544 11.4984 12.3221 13.2473 14.3071 15.5551 
-0.26469 -0.0503878 0.16841 0.391922 0.62038 0.854036 1.09316 1.33805 1.58903 1.84643 2.11066 2.38211 2.66125 2.94858 3.24467 3.55012 3.86564 4.19198 4.53003 4.88075 5.24528 5.62487 6.02099 6.43536 6.86997 7.32715 7.80972 8.32106 8.8653 9.44761 10.0745 10.7544 11.4984 12.3221 13.2473 14.3071 15.5551 
-0.255941 -0.0416808 0.177075 0.400542 0.628955 0.862565 1.10164 1.34649 1.59741 1.85477 2.11894 2.39034 2.66943 2.9567 3.25273 3.55813 3.87358 4.19986 4.53784 4.88849 5.25294 5.63246 6.02851 6.4428 6.87732 7.33441 7.81688 8.32812 8.87226 9.45445 10.0812 10.761 11.5049 12.3284 13.2534 14.3129 15.5607 
-0.238475 -0.024299 0.194371 0.417751 0.646075 0.879593 1.11858 1.36332 1.61415 1.87141 2.13548 2.40677 2.68575 2.97291 3.26882 3.5741 3.88943 4.21558 4.55343 4.90395 5.26825 5.64762 6.04352 6.45764 6.89199 7.3489 7.83119 8.34222 8.88615 9.46812 10.0946 10.7741 11.5177 12.3409 13.2655 14.3247 15.572 
-0.247201 -0.0329835 0.185729 0.409152 0.637521 0.871085 1.11012 1.35491 1.60579 1.86309 2.12721 2.39856 2.67759 2.96481 3.26078 3.56612 3.88151 4.20773 4.54564 4.89623 5.2606 5.64004 6.03602 6.45022 6.88466 7.34166 7.82404 8.33518 8.87921 9.46129 10.0879 10.7675 11.5113 12.3346 13.2595 14.3188 15.5664 
-0.238475 -0.024299 0.194371 0.417751 0.646075 0.879593 1.11858 1.36332 1.61415 1.87141 2.13548 2.40677 2.68575 2.97291 3.26882 3.5741 3.88943 4.21558 4.55343 4.90395 5.26825 5.64762 6.04352 6.45764 6.89199 7.3489 7.83119 8.34222 8.88615 9.46812 10.0946 10.7741 11.5177 12.3409 13.2655 14.3247 15.572 
-0.247201 -0.0329835 0.185729 0.409152 0.637521 0.871085 1.11012 1.35491 1.60579 1.86309 2.12721 2.39856 2.67759 2.96481 3.26078 3.56612 3.88151 4.20773 4.54564 4.89623 5.2606 5.64004 6.03602 6.45022 6.88466 7.34166 7.82404 8.33518 8.87921 9.46129 10.0879 10.7675 11.5113 12.3346 13.2595 14.3188 15.5664 
-0.212356 0.00169486 0.220237 0.443486 0.671676 0.905057 1.1439 1.3885 1.63918 1.89629 2.1602 2.43134 2.71015 2.99715 3.29289 3.59798 3.91313 4.23909 4.57674 4.92705 5.29114 5.67029 6.06595 6.47984 6.91393 7.37057 7.85258 8.36331 8.90693 9.48855 10.1147 10.7938 11.537 12.3597 13.2837 14.3423 15.5889 
-0.212356 0.00169486 0.220237 0.443486 0.671676 0.905057 1.1439 1.3885 1.63918 1.89629 2.1602 2.43134 2.71015 2.99715 3.29289 3.59798 3.91313 4.23909 4.57674 4.92705 5.29114 5.67029 6.06595 6.47984 6.91393 7.37057 7.85258 8.36331 8.90693 9.48855 10.1147 10.7938 11.537 12.3597 13.2837 14.3423 15.5889 
-0.194995 0.0189714 0.237428 0.46059 0.688691 0.921981 1.16073 1.40524 1.65582 1.91283 2.17664 2.44767 2.72637 3.01326 3.30888 3.61386 3.92888 4.25471 4.59223 4.94241 5.30636 5.68536 6.08087 6.49459 6.92851 7.38498 7.86679 8.37733 8.92073 9.50213 10.128 10.8068 11.5498 12.3721 13.2958 14.354 15.6001 
-0.177678 0.0362055 0.254577 0.477652 0.705665 0.938864 1.17752 1.42194 1.67242 1.92933 2.19303 2.46396 2.74255 3.02933 3.32483 3.62969 3.94459 4.2703 4.60769 4.95773 5.32154 5.70039 6.09574 6.5093 6.94306 7.39935 7.88098 8.39132 8.9345 9.51567 10.1413 10.8199 11.5625 12.3845 13.3079 14.3656 15.6112 
-0.212356 0.00169486 0.220237 0.443486 0.671676 0.905057 1.1439 1.3885 1.63918 1.89629 2.1602 2.43134 2.71015 2.99715 3.29289 3.59798 3.91313 4.23909 4.57674 4.92705 5.29114 5.67029 6.06595 6.47984 6.91393 7.37057 7.85258 8.36331 8.90693 9.48855 10.1147 10.7938 11.537 12.3597 13.2837 14.3423 15.5889 
-0.212356 0.00169486 0.220237 0.443486 0.671676 0.905057 1.1439 1.3885 1.63918 1.89629 2.1602 2.43134 2.71015 2.99715 3.29289 3.59798 3.91313 4.23909 4.57674 4.92705 5.29114 5.67029 6.06595 6.47984 6.91393 7.37057 7.85258 8.36331 8.90693 9.48855 10.1147 10.7938 11.537 12.3597 13.2837 14.3423 15.5889 
-0.169035 0.0448071 0.263136 0.486168 0.714136 0.947291 1.1859 1.43027 1.6807 1.93756 2.20122 2.47209 2.75063 3.03735 3.3328 3.6376 3.95244 4.27808 4.6154 4.96537 5.32911 5.70789 6.10317 6.51665 6.95032 7.40652 7.88805 8.3983 8.94138 9.52243 10.148 10.8264 11.5689 12.3908 13.3139 14.3715 15.6168 
-0.169035 0.0448071 0.263136 0.486168 0.714136 0.947291 1.1859 1.43027 1.6807 1.93756 2.20122 2.47209 2.75063 3.03735 3.3328 3.6376 3.95244 4.27808 4.6154 4.96537 5.32911 5.70789 6.10317 6.51665 6.95032 7.40652 7.88805 8.3983 8.94138 9.52243 10.148 10.8264 11.5689 12.3908 13.3139 14.3715 15.6168 
-0.177678 0.0362055 0.254577 0.477652 0.705665 0.938864 1.17752 1.42194 1.67242 1.92933 2.19303 2.46396 2.74255 3.02933 3.32483 3.62969 3.94459 4.2703 4.60769 4.95773 5.32154 5.70039 6.09574 6.5093 6.94306 7.39935 7.88098 8.39132 8.9345 9.51567 10.1413 10.8199 11.5625 12.3845 13.3079 14.3656 15.6112 
-0.15178 0.0619789 0.280224 0.503169 0.731048 0.964112 1.20263 1.4469 1.69724 1.954 2.21755 2.48832 2.76675 3.05336 3.34869 3.65338 3.96809 4.29361 4.6308 4.98064 5.34423 5.72286 6.11799 6.53131 6.96481 7.42084 7.90218 8.41223 8.9551 9.53593 10.1612 10.8394 11.5816 12.4031 13.326 14.3831 15.6279 
-0.160402 0.0533985 0.271685 0.494674 0.722598 0.955707 1.19427 1.43859 1.68898 1.94578 2.20939 2.48021 2.7587 3.04536 3.34075 3.64549 3.96027 4.28585 4.62311 4.97301 5.33668 5.71538 6.11058 6.52398 6.95757 7.41368 7.89512 8.40527 8.94824 9.52919 10.1546 10.8329 11.5752 12.3969 13.32 14.3773 15.6224 
-0.143168 0.0705491 0.288751 0.511654 0.739489 0.972508 1.21098 1.4552 1.7055 1.9622 2.2257 2.49642 2.7748 3.06135 3.35663 3.66125 3.97591 4.30136 4.63849 4.98826 5.35178 5.73034 6.12539 6.53863 6.97205 7.42798 7.90924 8.41918 8.96195 9.54267 10.1678 10.8459 11.5879 12.4093 13.332 14.3889 15.6335 
-0.160402 0.0533985 0.271685 0.494674 0.722598 0.955707 1.19427 1.43859 1.68898 1.94578 2.20939 2.48021 2.7587 3.04536 3.34075 3.64549 3.96027 4.28585 4.62311 4.97301 5.33668 5.71538 6.11058 6.52398 6.95757 7.41368 7.89512 8.40527 8.94824 9.52919 10.1546 10.8329 11.5752 12.3969 13.32 14.3773 15.6224 
-0.186331 0.0275945 0.246008 0.469127 0.697183 0.930429 1.16913 1.41359 1.66413 1.92108 2.18484 2.45582 2.73447 3.0213 3.31686 3.62178 3.93674 4.26251 4.59996 4.95007 5.31395 5.69288 6.08831 6.50195 6.93579 7.39217 7.87389 8.38433 8.92762 9.5089 10.1347 10.8134 11.5561 12.3783 13.3019 14.3598 15.6056 
-0.194995 0.0189714 0.237428 0.46059 0.688691 0.921981 1.16073 1.40524 1.65582 1.91283 2.17664 2.44767 2.72637 3.01326 3.30888 3.61386 3.92888 4.25471 4.59223 4.94241 5.30636 5.68536 6.08087 6.49459 6.92851 7.38498 7.86679 8.37733 8.92073 9.50213 10.128 10.8068 11.5498 12.3721 13.2958 14.354 15.6001 
-0.20367 0.0103384 0.228837 0.452043 0.680188 0.913524 1.15232 1.39688 1.64751 1.90457 2.16843 2.43951 2.71827 3.00521 3.30089 3.60592 3.92101 4.24691 4.58449 4.93473 5.29876 5.67783 6.07341 6.48722 6.92122 7.37778 7.85969 8.37033 8.91383 9.49534 10.1214 10.8003 11.5434 12.3659 13.2898 14.3481 15.5945 
-0.20367 0.0103384 0.228837 0.452043 0.680188 0.913524 1.15232 1.39688 1.64751 1.90457 2.16843 2.43951 2.71827 3.00521 3.30089 3.60592 3.92101 4.24691 4.58449 4.93473 5.29876 5.67783 6.07341 6.48722 6.92122 7.37778 7.85969 8.37033 8.91383 9.49534 10.1214 10.8003 11.5434 12.3659 13.2898 14.3481 15.5945 
-0.186331 0.0275945 0.246008 0.469127 0.697183 0.930429 1.16913 1.41359 1.66413 1.92108 2.18484 2.45582 2.73447 3.0213 3.31686 3.62178 3.93674 4.26251 4.59996 4.95007 5.31395 5.69288 6.08831 6.50195 6.93579 7.39217 7.87389 8.38433 8.92762 9.5089 10.1347 10.8134 11.5561 12.3783 13.3019 14.3598 15.6056 
-0.169035 0.0448071 0.263136 0.486168 0.714136 0.947291 1.1859 1.43027 1.6807 1.93756 2.20122 2.47209 2.75063 3.03735 3.3328 3.6376 3.95244 4.27808 4.6154 4.96537 5.32911 5.70789 6.10317 6.51665 6.95032 7.40652 7.88805 8.3983 8.94138 9.52243 10.148 10.8264 11.5689 12.3908 13.3139 14.3715 15.6168 
-0.177678 0.0362055 0.254577 0.477652 0.705665 0.938864 1.17752 1.42194 1.67242 1.92933 2.19303 2.46396 2.74255 3.02933 3.32483 3.62969 3.94459 4.2703 4.60769 4.95773 5.32154 5.70039 6.09574 6.5093 6.94306 7.39935 7.88098 8.39132 8.9345 9.51567 10.1413 10.8199 11.5625 12.3845 13.3079 14.3656 15.6112 
-0.125977 0.0876586 0.305776 0.528593 0.756339 0.989268 1.22765 1.47178 1.72197 1.97858 2.24198 2.51259 2.79086 3.0773 3.37247 3.67697 3.99151 4.31684 4.65383 5.00346 5.36685 5.74526 6.14016 6.55324 6.98649 7.44225 7.92332 8.43306 8.97562 9.55611 10.181 10.8588 11.6006 12.4217 13.344 14.4004 15.6446 
-0.134568 0.0791087 0.297269 0.520128 0.747919 0.980894 1.21932 1.4635 1.71374 1.9704 2.23385 2.50451 2.78284 3.06933 3.36455 3.66912 3.98371 4.3091 4.64616 4.99586 5.35932 5.7378 6.13278 6.54594 6.97927 7.43512 7.91628 8.42613 8.96879 9.54939 10.1744 10.8523 11.5942 12.4155 13.338 14.3947 15.6391 
-0.134568 0.0791087 0.297269 0.520128 0.747919 0.980894 1.21932 1.4635 1.71374 1.9704 2.23385 2.50451 2.78284 3.06933 3.36455 3.66912 3.98371 4.3091 4.64616 4.99586 5.35932 5.7378 6.13278 6.54594 6.97927 7.43512 7.91628 8.42613 8.96879 9.54939 10.1744 10.8523 11.5942 12.4155 13.338 14.3947 15.6391 
-0.143168 0.0705491 0.288751 0.511654 0.739489 0.972508 1.21098 1.4552 1.7055 1.9622 2.2257 2.49642 2.7748 3.06135 3.35663 3.66125 3.97591 4.30136 4.63849 4.98826 5.35178 5.73034 6.12539 6.53863 6.97205 7.42798 7.90924 8.41918 8.96195 9.54267 10.1678 10.8459 11.5879 12.4093 13.332 14.3889 15.6335 
-0.134568 0.0791087 0.297269 0.520128 0.747919 0.980894 1.21932 1.4635 1.71374 1.9704 2.23385 2.50451 2.78284 3.06933 3.36455 3.66912 3.98371 4.3091 4.64616 4.99586 5.35932 5.7378 6.13278 6.54594 6.97927 7.43512 7.91628 8.42613 8.96879 9.54939 10.1744 10.8523 11.5942 12.4155 13.338 14.3947 15.6391 
-0.326236 -0.111639 0.107462 0.331282 0.560055 0.794033 1.03349 1.27872 1.53004 1.7878 2.05239 2.32422 2.60374 2.89147 3.18797 3.49384 3.80979 4.13659 4.4751 4.82631 5.19133 5.57145 5.96812 6.38306 6.81826 7.27608 7.75931 8.27136 8.81636 9.39947 10.0272 10.708 11.4531 12.2779 13.2044 14.2656 15.5154 
-0.326236 -0.111639 0.107462 0.331282 0.560055 0.794033 1.03349 1.27872 1.53004 1.7878 2.05239 2.32422 2.60374 2.89147 3.18797 3.49384 3.80979 4.13659 4.4751 4.82631 5.19133 5.57145 5.96812 6.38306 6.81826 7.27608 7.75931 8.27136 8.81636 9.39947 10.0272 10.708 11.4531 12.2779 13.2044 14.2656 15.5154 
-0.343919 -0.129236 0.0899509 0.313859 0.542723 0.776794 1.01634 1.26167 1.51309 1.77096 2.03565 2.30758 2.58722 2.87506 3.17168 3.47767 3.79375 4.12067 4.45932 4.81067 5.17583 5.5561 5.95293 6.36804 6.80341 7.26141 7.74483 8.25708 8.80229 9.38564 10.0136 10.6947 11.4401 12.2652 13.192 14.2537 15.504 
-0.335072 -0.120432 0.0987117 0.322576 0.551394 0.785419 1.02492 1.2702 1.52157 1.77938 2.04402 2.3159 2.59549 2.88327 3.17983 3.48576 3.80177 4.12864 4.46721 4.81849 5.18359 5.56378 5.96053 6.37556 6.81084 7.26875 7.75208 8.26422 8.80933 9.39256 10.0204 10.7014 11.4466 12.2716 13.1982 14.2597 15.5097 
-0.28222 -0.0678341 0.15105 0.37465 0.603197 0.836945 1.07616 1.32115 1.57222 1.82973 2.09406 2.36562 2.64487 2.93232 3.22852 3.53409 3.84973 4.17621 4.51438 4.86525 5.22991 5.60965 6.00594 6.42047 6.85524 7.3126 7.79536 8.3069 8.85136 9.4339 10.061 10.7412 11.4855 12.3095 13.235 14.2953 15.5438 
-0.28222 -0.0678341 0.15105 0.37465 0.603197 0.836945 1.07616 1.32115 1.57222 1.82973 2.09406 2.36562 2.64487 2.93232 3.22852 3.53409 3.84973 4.17621 4.51438 4.86525 5.22991 5.60965 6.00594 6.42047 6.85524 7.3126 7.79536 8.3069 8.85136 9.4339 10.061 10.7412 11.4855 12.3095 13.235 14.2953 15.5438 
-0.26469 -0.0503878 0.16841 0.391922 0.62038 0.854036 1.09316 1.33805 1.58903 1.84643 2.11066 2.38211 2.66125 2.94858 3.24467 3.55012 3.86564 4.19198 4.53003 4.88075 5.24528 5.62487 6.02099 6.43536 6.86997 7.32715 7.80972 8.32106 8.8653 9.44761 10.0745 10.7544 11.4984 12.3221 13.2473 14.3071 15.5551 
-0.255941 -0.0416808 0.177075 0.400542 0.628955 0.862565 1.10164 1.34649 1.59741 1.85477 2.11894 2.39034 2.66943 2.9567 3.25273 3.55813 3.87358 4.19986 4.53784 4.88849 5.25294 5.63246 6.02851 6.4428 6.87732 7.33441 7.81688 8.32812 8.87226 9.45445 10.0812 10.761 11.5049 12.3284 13.2534 14.3129 15.5607 
-0.238475 -0.024299 0.194371 0.417751 0.646075 0.879593 1.11858 1.36332 1.61415 1.87141 2.13548 2.40677 2.68575 2.97291 3.26882 3.5741 3.88943 4.21558 4.55343 4.90395 5.26825 5.64762 6.04352 6.45764 6.89199 7.3489 7.83119 8.34222 8.88615 9.46812 10.0946 10.7741 11.5177 12.3409 13.2655 14.3247 15.572 
-0.229757 -0.0156234 0.203003 0.42634 0.654619 0.888092 1.12703 1.37173 1.62251 1.87971 2.14373 2.41497 2.69389 2.981 3.27685 3.58207 3.89734 4.22343 4.56121 4.91166 5.27589 5.65518 6.051 6.46505 6.89931 7.35613 7.83833 8.34926 8.89309 9.47493 10.1013 10.7807 11.5242 12.3472 13.2716 14.3306 15.5776 
-0.212356 0.00169486 0.220237 0.443486 0.671676 0.905057 1.1439 1.3885 1.63918 1.89629 2.1602 2.43134 2.71015 2.99715 3.29289 3.59798 3.91313 4.23909 4.57674 4.92705 5.29114 5.67029 6.06595 6.47984 6.91393 7.37057 7.85258 8.36331 8.90693 9.48855 10.1147 10.7938 11.537 12.3597 13.2837 14.3423 15.5889 
-0.20367 0.0103384 0.228837 0.452043 0.680188 0.913524 1.15232 1.39688 1.64751 1.90457 2.16843 2.43951 2.71827 3.00521 3.30089 3.60592 3.92101 4.24691 4.58449 4.93473 5.29876 5.67783 6.07341 6.48722 6.92122 7.37778 7.85969 8.37033 8.91383 9.49534 10.1214 10.8003 11.5434 12.3659 13.2898 14.3481 15.5945 
-0.20367 0.0103384 0.228837 0.452043 0.680188 0.913524 1.15232 1.39688 1.64751 1.90457 2.16843 2.43951 2.71827 3.00521 3.30089 3.60592 3.92101 4.24691 4.58449 4.93473 5.29876 5.67783 6.07341 6.48722 6.92122 7.37778 7.85969 8.37033 8.91383 9.49534 10.1214 10.8003 11.5434 12.3659 13.2898 14.3481 15.5945 
-0.194995 0.0189714 0.237428 0.46059 0.688691 0.921981 1.16073 1.40524 1.65582 1.91283 2.17664 2.44767 2.72637 3.01326 3.30888 3.61386 3.92888 4.25471 4.59223 4.94241 5.30636 5.68536 6.08087 6.49459 6.92851 7.38498 7.86679 8.37733 8.92073 9.50213 10.128 10.8068 11.5498 12.3721 13.2958 14.354 15.6001 
-0.194995 0.0189714 0.237428 0.46059 0.688691 0.921981 1.16073 1.40524 1.65582 1.91283 2.17664 2.44767 2.72637 3.01326 3.30888 3.61386 3.92888 4.25471 4.59223 4.94241 5.30636 5.68536 6.08087 6.49459 6.92851 7.38498 7.86679 8.37733 8.92073 9.50213 10.128 10.8068 11.5498 12.3721 13.2958 14.354 15.6001 
-0.22105 -0.00695855 0.211626 0.434919 0.663153 0.89658 1.13547 1.38012 1.63085 1.88801 2.15197 2.42316 2.70203 2.98908 3.28488 3.59003 3.90524 4.23126 4.56898 4.91936 5.28352 5.66274 6.05848 6.47245 6.90662 7.36336 7.84546 8.35629 8.90001 9.48175 10.108 10.7872 11.5306 12.3534 13.2777 14.3364 15.5832 
-0.194995 0.0189714 0.237428 0.46059 0.688691 0.921981 1.16073 1.40524 1.65582 1.91283 2.17664 2.44767 2.72637 3.01326 3.30888 3.61386 3.92888 4.25471 4.59223 4.94241 5.30636 5.68536 6.08087 6.49459 6.92851 7.38498 7.86679 8.37733 8.92073 9.50213 10.128 10.8068 11.5498 12.3721 13.2958 14.354 15.6001 
-0.169035 0.0448071 0.263136 0.486168 0.714136 0.947291 1.1859 1.43027 1.6807 1.93756 2.20122 2.47209 2.75063 3.03735 3.3328 3.6376 3.95244 4.27808 4.6154 4.96537 5.32911 5.70789 6.10317 6.51665 6.95032 7.40652 7.88805 8.3983 8.94138 9.52243 10.148 10.8264 11.5689 12.3908 13.3139 14.3715 15.6168 
-0.160402 0.0533985 0.271685 0.494674 0.722598 0.955707 1.19427 1.43859 1.68898 1.94578 2.20939 2.48021 2.7587 3.04536 3.34075 3.64549 3.96027 4.28585 4.62311 4.97301 5.33668 5.71538 6.11058 6.52398 6.95757 7.41368 7.89512 8.40527 8.94824 9.52919 10.1546 10.8329 11.5752 12.3969 13.32 14.3773 15.6224 
-0.160402 0.0533985 0.271685 0.494674 0.722598 0.955707 1.19427 1.43859 1.68898 1.94578 2.20939 2.48021 2.7587 3.04536 3.34075 3.64549 3.96027 4.28585 4.62311 4.97301 5.33668 5.71538 6.11058 6.52398 6.95757 7.41368 7.89512 8.40527 8.94824 9.52919 10.1546 10.8329 11.5752 12.3969 13.32 14.3773 15.6224 
-0.160402 0.0533985 0.271685 0.494674 0.722598 0.955707 1.19427 1.43859 1.68898 1.94578 2.20939 2.48021 2.7587 3.04536 3.34075 3.64549 3.96027 4.28585 4.62311 4.97301 5.33668 5.71538 6.11058 6.52398 6.95757 7.41368 7.89512 8.40527 8.94824 9.52919 10.1546 10.8329 11.5752 12.3969 13.32 14.3773 15.6224 
-0.186331 0.0275945 0.246008 0.469127 0.697183 0.930429 1.16913 1.41359 1.66413 1.92108 2.18484 2.45582 2.73447 3.0213 3.31686 3.62178 3.93674 4.26251 4.59996 4.95007 5.31395 5.69288 6.08831 6.50195 6.93579 7.39217 7.87389 8.38433 8.92762 9.5089 10.1347 10.8134 11.5561 12.3783 13.3019 14.3598 15.6056 
-0.186331 0.0275945 0.246008 0.469127 0.697183 0.930429 1.16913 1.41359 1.66413 1.92108 2.18484 2.45582 2.73447 3.0213 3.31686 3.62178 3.93674 4.26251 4.59996 4.95007 5.31395 5.69288 6.08831 6.50195 6.93579 7.39217 7.87389 8.38433 8.92762 9.5089 10.1347 10.8134 11.5561 12.3783 13.3019 14.3598 15.6056 
-0.186331 0.0275945 0.246008 0.469127 0.697183 0.930429 1.16913 1.41359 1.66413 1.92108 2.18484 2.45582 2.73447 3.0213 3.31686 3.62178 3.93674 4.26251 4.59996 4.95007 5.31395 5.69288 6.08831 6.50195 6.93579 7.39217 7.87389 8.38433 8.92762 9.5089 10.1347 10.8134 11.5561 12.3783 13.3019 14.3598 15.6056 
-0.186331 0.0275945 0.246008 0.469127 0.697183 0.930429 1.16913 1.41359 1.66413 1.92108 2.18484 2.45582 2.73447 3.0213 3.31686 3.62178 3.93674 4.26251 4.59996 4.95007 5.31395 5.69288 6.08831 6.50195 6.93579 7.39217 7.87389 8.38433 8.92762 9.5089 10.1347 10.8134 11.5561 12.3783 13.3019 14.3598 15.6056 
-0.186331 0.0275945 0.246008 0.469127 0.697183 0.930429 1.16913 1.41359 1.66413 1.92108 2.18484 2.45582 2.73447 3.0213 3.31686 3.62178 3.93674 4.26251 4.59996 4.95007 5.31395 5.69288 6.08831 6.50195 6.93579 7.39217 7.87389 8.38433 8.92762 9.5089 10.1347 10.8134 11.5561 12.3783 13.3019 14.3598 15.6056 
-0.186331 0.0275945 0.246008 0.469127 0.697183 0.930429 1.16913 1.41359 1.66413 1.92108 2.18484 2.45582 2.73447 3.0213 3.31686 3.62178 3.93674 4.26251 4.59996 4.95007 5.31395 5.69288 6.08831 6.50195 6.93579 7.39217 7.87389 8.38433 8.92762 9.5089 10.1347 10.8134 11.5561 12.3783 13.3019 14.3598 15.6056 
-0.177678 0.0362055 0.254577 0.477652 0.705665 0.938864 1.17752 1.42194 1.67242 1.92933 2.19303 2.46396 2.74255 3.02933 3.32483 3.62969 3.94459 4.2703 4.60769 4.95773 5.32154 5.70039 6.09574 6.5093 6.94306 7.39935 7.88098 8.39132 8.9345 9.51567 10.1413 10.8199 11.5625 12.3845 13.3079 14.3656 15.6112 
-0.177678 0.0362055 0.254577 0.477652 0.705665 0.938864 1.17752 1.42194 1.67242 1.92933 2.19303 2.46396 2.74255 3.02933 3.32483 3.62969 3.94459 4.2703 4.60769 4.95773 5.32154 5.70039 6.09574 6.5093 6.94306 7.39935 7.88098 8.39132 8.9345 9.51567 10.1413 10.8199 11.5625 12.3845 13.3079 14.3656 15.6112 
-0.169035 0.0448071 0.263136 0.486168 0.714136 0.947291 1.1859 1.43027 1.6807 1.93756 2.20122 2.47209 2.75063 3.03735 3.3328 3.6376 3.95244 4.27808 4.6154 4.96537 5.32911 5.70789 6.10317 6.51665 6.95032 7.40652 7.88805 8.3983 8.94138 9.52243 10.148 10.8264 11.5689 12.3908 13.3139 14.3715 15.6168 
-0.160402 0.0533985 0.271685 0.494674 0.722598 0.955707 1.19427 1.43859 1.68898 1.94578 2.20939 2.48021 2.7587 3.04536 3.34075 3.64549 3.96027 4.28585 4.62311 4.97301 5.33668 5.71538 6.11058 6.52398 6.95757 7.41368 7.89512 8.40527 8.94824 9.52919 10.1546 10.8329 11.5752 12.3969 13.32 14.3773 15.6224 
-0.125977 0.0876586 0.305776 0.528593 0.756339 0.989268 1.22765 1.47178 1.72197 1.97858 2.24198 2.51259 2.79086 3.0773 3.37247 3.67697 3.99151 4.31684 4.65383 5.00346 5.36685 5.74526 6.14016 6.55324 6.98649 7.44225 7.92332 8.43306 8.97562 9.55611 10.181 10.8588 11.6006 12.4217 13.344 14.4004 15.6446 
-0.108826 0.104726 0.32276 0.54549 0.773149 1.00599 1.24428 1.48831 1.73841 1.99492 2.25822 2.52872 2.80689 3.09322 3.38827 3.69266 4.00707 4.33227 4.66914 5.01863 5.38188 5.76015 6.15489 6.56781 7.00089 7.45648 7.93736 8.44691 8.98926 9.56953 10.1942 10.8717 11.6132 12.434 13.3559 14.412 15.6557 
-0.117396 0.0961972 0.314273 0.537046 0.76475 0.997634 1.23597 1.48005 1.7302 1.98676 2.2501 2.52066 2.79888 3.08527 3.38037 3.68482 3.99929 4.32456 4.66149 5.01105 5.37437 5.75271 6.14753 6.56053 6.99369 7.44937 7.93034 8.43999 8.98244 9.56283 10.1876 10.8653 11.6069 12.4278 13.3499 14.4062 15.6501 
-0.15178 0.0619789 0.280224 0.503169 0.731048 0.964112 1.20263 1.4469 1.69724 1.954 2.21755 2.48832 2.76675 3.05336 3.34869 3.65338 3.96809 4.29361 4.6308 4.98064 5.34423 5.72286 6.11799 6.53131 6.96481 7.42084 7.90218 8.41223 8.9551 9.53593 10.1612 10.8394 11.5816 12.4031 13.326 14.3831 15.6279 
-0.134568 0.0791087 0.297269 0.520128 0.747919 0.980894 1.21932 1.4635 1.71374 1.9704 2.23385 2.50451 2.78284 3.06933 3.36455 3.66912 3.98371 4.3091 4.64616 4.99586 5.35932 5.7378 6.13278 6.54594 6.97927 7.43512 7.91628 8.42613 8.96879 9.54939 10.1744 10.8523 11.5942 12.4155 13.338 14.3947 15.6391 
-0.308596 -0.0940844 0.12493 0.348661 0.577344 0.81123 1.05059 1.29572 1.54694 1.80461 2.06909 2.34081 2.62022 2.90784 3.20422 3.50997 3.8258 4.15247 4.49084 4.84191 5.20679 5.58676 5.98328 6.39805 6.83308 7.29072 7.77376 8.2856 8.83039 9.41327 10.0408 10.7213 11.4661 12.2906 13.2167 14.2775 15.5268 
-0.326236 -0.111639 0.107462 0.331282 0.560055 0.794033 1.03349 1.27872 1.53004 1.7878 2.05239 2.32422 2.60374 2.89147 3.18797 3.49384 3.80979 4.13659 4.4751 4.82631 5.19133 5.57145 5.96812 6.38306 6.81826 7.27608 7.75931 8.27136 8.81636 9.39947 10.0272 10.708 11.4531 12.2779 13.2044 14.2656 15.5154 
-0.335072 -0.120432 0.0987117 0.322576 0.551394 0.785419 1.02492 1.2702 1.52157 1.77938 2.04402 2.3159 2.59549 2.88327 3.17983 3.48576 3.80177 4.12864 4.46721 4.81849 5.18359 5.56378 5.96053 6.37556 6.81084 7.26875 7.75208 8.26422 8.80933 9.39256 10.0204 10.7014 11.4466 12.2716 13.1982 14.2597 15.5097 
-0.308596 -0.0940844 0.12493 0.348661 0.577344 0.81123 1.05059 1.29572 1.54694 1.80461 2.06909 2.34081 2.62022 2.90784 3.20422 3.50997 3.8258 4.15247 4.49084 4.84191 5.20679 5.58676 5.98328 6.39805 6.83308 7.29072 7.77376 8.2856 8.83039 9.41327 10.0408 10.7213 11.4661 12.2906 13.2167 14.2775 15.5268 
-0.308596 -0.0940844 0.12493 0.348661 0.577344 0.81123 1.05059 1.29572 1.54694 1.80461 2.06909 2.34081 2.62022 2.90784 3.20422 3.50997 3.8258 4.15247 4.49084 4.84191 5.20679 5.58676 5.98328 6.39805 6.83308 7.29072 7.77376 8.2856 8.83039 9.41327 10.0408 10.7213 11.4661 12.2906 13.2167 14.2775 15.5268 
-0.308596 -0.0940844 0.12493 0.348661 0.577344 0.81123 1.05059 1.29572 1.54694 1.80461 2.06909 2.34081 2.62022 2.90784 3.20422 3.50997 3.8258 4.15247 4.49084 4.84191 5.20679 5.58676 5.98328 6.39805 6.83308 7.29072 7.77376 8.2856 8.83039 9.41327 10.0408 10.7213 11.4661 12.2906 13.2167 14.2775 15.5268 
-0.273449 -0.0591056 0.159736 0.383291 0.611794 0.845496 1.08467 1.32961 1.58063 1.83809 2.10236 2.37387 2.65307 2.94046 3.2366 3.54211 3.85769 4.1841 4.52221 4.87301 5.2376 5.61726 6.01347 6.42792 6.86261 7.31988 7.80254 8.31398 8.85834 9.44076 10.0678 10.7478 11.492 12.3158 13.2412 14.3012 15.5494 
-0.255941 -0.0416808 0.177075 0.400542 0.628955 0.862565 1.10164 1.34649 1.59741 1.85477 2.11894 2.39034 2.66943 2.9567 3.25273 3.55813 3.87358 4.19986 4.53784 4.88849 5.25294 5.63246 6.02851 6.4428 6.87732 7.33441 7.81688 8.32812 8.87226 9.45445 10.0812 10.761 11.5049 12.3284 13.2534 14.3129 15.5607 
-0.238475 -0.024299 0.194371 0.417751 0.646075 0.879593 1.11858 1.36332 1.61415 1.87141 2.13548 2.40677 2.68575 2.97291 3.26882 3.5741 3.88943 4.21558 4.55343 4.90395 5.26825 5.64762 6.04352 6.45764 6.89199 7.3489 7.83119 8.34222 8.88615 9.46812 10.0946 10.7741 11.5177 12.3409 13.2655 14.3247 15.572 
-0.238475 -0.024299 0.194371 0.417751 0.646075 0.879593 1.11858 1.36332 1.61415 1.87141 2.13548 2.40677 2.68575 2.97291 3.26882 3.5741 3.88943 4.21558 4.55343 4.90395 5.26825 5.64762 6.04352 6.45764 6.89199 7.3489 7.83119 8.34222 8.88615 9.46812 10.0946 10.7741 11.5177 12.3409 13.2655 14.3247 15.572 
-0.22105 -0.00695855 0.211626 0.434919 0.663153 0.89658 1.13547 1.38012 1.63085 1.88801 2.15197 2.42316 2.70203 2.98908 3.28488 3.59003 3.90524 4.23126 4.56898 4.91936 5.28352 5.66274 6.05848 6.47245 6.90662 7.36336 7.84546 8.35629 8.90001 9.48175 10.108 10.7872 11.5306 12.3534 13.2777 14.3364 15.5832 
-0.20367 0.0103384 0.228837 0.452043 0.680188 0.913524 1.15232 1.39688 1.64751 1.90457 2.16843 2.43951 2.71827 3.00521 3.30089 3.60592 3.92101 4.24691 4.58449 4.93473 5.29876 5.67783 6.07341 6.48722 6.92122 7.37778 7.85969 8.37033 8.91383 9.49534 10.1214 10.8003 11.5434 12.3659 13.2898 14.3481 15.5945 
-0.20367 0.0103384 0.228837 0.452043 0.680188 0.913524 1.15232 1.39688 1.64751 1.90457 2.16843 2.43951 2.71827 3.00521 3.30089 3.60592 3.92101 4.24691 4.58449 4.93473 5.29876 5.67783 6.07341 6.48722 6.92122 7.37778 7.85969 8.37033 8.91383 9.49534 10.1214 10.8003 11.5434 12.3659 13.2898 14.3481 15.5945 
-0.212356 0.00169486 0.220237 0.443486 0.671676 0.905057 1.1439 1.3885 1.63918 1.89629 2.1602 2.43134 2.71015 2.99715 3.29289 3.59798 3.91313 4.23909 4.57674 4.92705 5.29114 5.67029 6.06595 6.47984 6.91393 7.37057 7.85258 8.36331 8.90693 9.48855 10.1147 10.7938 11.537 12.3597 13.2837 14.3423 15.5889 
-0.212356 0.00169486 0.220237 0.443486 0.671676 0.905057 1.1439 1.3885 1.63918 1.89629 2.1602 2.43134 2.71015 2.99715 3.29289 3.59798 3.91313 4.23909 4.57674 4.92705 5.29114 5.67029 6.06595 6.47984 6.91393 7.37057 7.85258 8.36331 8.90693 9.48855 10.1147 10.7938 11.537 12.3597 13.2837 14.3423 15.5889 
-0.22105 -0.00695855 0.211626 0.434919 0.663153 0.89658 1.13547 1.38012 1.63085 1.88801 2.15197 2.42316 2.70203 2.98908 3.28488 3.59003 3.90524 4.23126 4.56898 4.91936 5.28352 5.66274 6.05848 6.47245 6.90662 7.36336 7.84546 8.35629 8.90001 9.48175 10.108 10.7872 11.5306 12.3534 13.2777 14.3364 15.5832 
-0.20367 0.0103384 0.228837 0.452043 0.680188 0.913524 1.15232 1.39688 1.64751 1.90457 2.16843 2.43951 2.71827 3.00521 3.30089 3.60592 3.92101 4.24691 4.58449 4.93473 5.29876 5.67783 6.07341 6.48722 6.92122 7.37778 7.85969 8.37033 8.91383 9.49534 10.1214 10.8003 11.5434 12.3659 13.2898 14.3481 15.5945 
-0.194995 0.0189714 0.237428 0.46059 0.688691 0.921981 1.16073 1.40524 1.65582 1.91283 2.17664 2.44767 2.72637 3.01326 3.30888 3.61386 3.92888 4.25471 4.59223 4.94241 5.30636 5.68536 6.08087 6.49459 6.92851 7.38498 7.86679 8.37733 8.92073 9.50213 10.128 10.8068 11.5498 12.3721 13.2958 14.354 15.6001 
-0.177678 0.0362055 0.254577 0.477652 0.705665 0.938864 1.17752 1.42194 1.67242 1.92933 2.19303 2.46396 2.74255 3.02933 3.32483 3.62969 3.94459 4.2703 4.60769 4.95773 5.32154 5.70039 6.09574 6.5093 6.94306 7.39935 7.88098 8.39132 8.9345 9.51567 10.1413 10.8199 11.5625 12.3845 13.3079 14.3656 15.6112 
-0.160402 0.0533985 0.271685 0.494674 0.722598 0.955707 1.19427 1.43859 1.68898 1.94578 2.20939 2.48021 2.7587 3.04536 3.34075 3.64549 3.96027 4.28585 4.62311 4.97301 5.33668 5.71538 6.11058 6.52398 6.95757 7.41368 7.89512 8.40527 8.94824 9.52919 10.1546 10.8329 11.5752 12.3969 13.32 14.3773 15.6224 
-0.160402 0.0533985 0.271685 0.494674 0.722598 0.955707 1.19427 1.43859 1.68898 1.94578 2.20939 2.48021 2.7587 3.04536 3.34075 3.64549 3.96027 4.28585 4.62311 4.97301 5.33668 5.71538 6.11058 6.52398 6.95757 7.41368 7.89512 8.40527 8.94824 9.52919 10.1546 10.8329 11.5752 12.3969 13.32 14.3773 15.6224 
-0.177678 0.0362055 0.254577 0.477652 0.705665 0.938864 1.17752 1.42194 1.67242 1.92933 2.19303 2.46396 2.74255 3.02933 3.32483 3.62969 3.94459 4.2703 4.60769 4.95773 5.32154 5.70039 6.09574 6.5093 6.94306 7.39935 7.88098 8.39132 8.9345 9.51567 10.1413 10.8199 11.5625 12.3845 13.3079 14.3656 15.6112 
-0.177678 0.0362055 0.254577 0.477652 0.705665 0.938864 1.17752 1.42194 1.67242 1.92933 2.19303 2.46396 2.74255 3.02933 3.32483 3.62969 3.94459 4.2703 4.60769 4.95773 5.32154 5.70039 6.09574 6.5093 6.94306 7.39935 7.88098 8.39132 8.9345 9.51567 10.1413 10.8199 11.5625 12.3845 13.3079 14.3656 15.6112 
-0.177678 0.0362055 0.254577 0.477652 0.705665 0.938864 1.17752 1.42194 1.67242 1.92933 2.19303 2.46396 2.74255 3.02933 3.32483 3.62969 3.94459 4.2703 4.60769 4.95773 5.32154 5.70039 6.09574 6.5093 6.94306 7.39935 7.88098 8.39132 8.9345 9.51567 10.1413 10.8199 11.5625 12.3845 13.3079 14.3656 15.6112 
-0.169035 0.0448071 0.263136 0.486168 0.714136 0.947291 1.1859 1.43027 1.6807 1.93756 2.20122 2.47209 2.75063 3.03735 3.3328 3.6376 3.95244 4.27808 4.6154 4.96537 5.32911 5.70789 6.10317 6.51665 6.95032 7.40652 7.88805 8.3983 8.94138 9.52243 10.148 10.8264 11.5689 12.3908 13.3139 14.3715 15.6168 
-0.160402 0.0533985 0.271685 0.494674 0.722598 0.955707 1.19427 1.43859 1.68898 1.94578 2.20939 2.48021 2.7587 3.04536 3.34075 3.64549 3.96027 4.28585 4.62311 4.97301 5.33668 5.71538 6.11058 6.52398 6.95757 7.41368 7.89512 8.40527 8.94824 9.52919 10.1546 10.8329 11.5752 12.3969 13.32 14.3773 15.6224 
-0.160402 0.0533985 0.271685 0.494674 0.722598 0.955707 1.19427 1.43859 1.68898 1.94578 2.20939 2.48021 2.7587 3.04536 3.34075 3.64549 3.96027 4.28585 4.62311 4.97301 5.33668 5.71538 6.11058 6.52398 6.95757 7.41368 7.89512 8.40527 8.94824 9.52919 10.1546 10.8329 11.5752 12.3969 13.32 14.3773 15.6224 
-0.160402 0.0533985 0.271685 0.494674 0.722598 0.955707 1.19427 1.43859 1.68898 1.94578 2.20939 2.48021 2.7587 3.04536 3.34075 3.64549 3.96027 4.28585 4.62311 4.97301 5.33668 5.71538 6.11058 6.52398 6.95757 7.41368 7.89512 8.40527 8.94824 9.52919 10.1546 10.8329 11.5752 12.3969 13.32 14.3773 15.6224 
-0.169035 0.0448071 0.263136 0.486168 0.714136 0.947291 1.1859 1.43027 1.6807 1.93756 2.20122 2.47209 2.75063 3.03735 3.3328 3.6376 3.95244 4.27808 4.6154 4.96537 5.32911 5.70789 6.10317 6.51665 6.95032 7.40652 7.88805 8.3983 8.94138 9.52243 10.148 10.8264 11.5689 12.3908 13.3139 14.3715 15.6168 
-0.15178 0.0619789 0.280224 0.503169 0.731048 0.964112 1.20263 1.4469 1.69724 1.954 2.21755 2.48832 2.76675 3.05336 3.34869 3.65338 3.96809 4.29361 4.6308 4.98064 5.34423 5.72286 6.11799 6.53131 6.96481 7.42084 7.90218 8.41223 8.9551 9.53593 10.1612 10.8394 11.5816 12.4031 13.326 14.3831 15.6279 
-0.143168 0.0705491 0.288751 0.511654 0.739489 0.972508 1.21098 1.4552 1.7055 1.9622 2.2257 2.49642 2.7748 3.06135 3.35663 3.66125 3.97591 4.30136 4.63849 4.98826 5.35178 5.73034 6.12539 6.53863 6.97205 7.42798 7.90924 8.41918 8.96195 9.54267 10.1678 10.8459 11.5879 12.4093 13.332 14.3889 15.6335 
-0.134568 0.0791087 0.297269 0.520128 0.747919 0.980894 1.21932 1.4635 1.71374 1.9704 2.23385 2.50451 2.78284 3.06933 3.36455 3.66912 3.98371 4.3091 4.64616 4.99586 5.35932 5.7378 6.13278 6.54594 6.97927 7.43512 7.91628 8.42613 8.96879 9.54939 10.1744 10.8523 11.5942 12.4155 13.338 14.3947 15.6391 
-0.125977 0.0876586 0.305776 0.528593 0.756339 0.989268 1.22765 1.47178 1.72197 1.97858 2.24198 2.51259 2.79086 3.0773 3.37247 3.67697 3.99151 4.31684 4.65383 5.00346 5.36685 5.74526 6.14016 6.55324 6.98649 7.44225 7.92332 8.43306 8.97562 9.55611 10.181 10.8588 11.6006 12.4217 13.344 14.4004 15.6446 
-0.125977 0.0876586 0.305776 0.528593 0.756339 0.989268 1.22765 1.47178 1.72197 1.97858 2.24198 2.51259 2.79086 3.0773 3.37247 3.67697 3.99151 4.31684 4.65383 5.00346 5.36685 5.74526 6.14016 6.55324 6.98649 7.44225 7.92332 8.43306 8.97562 9.55611 10.181 10.8588 11.6006 12.4217 13.344 14.4004 15.6446 
-0.108826 0.104726 0.32276 0.54549 0.773149 1.00599 1.24428 1.48831 1.73841 1.99492 2.25822 2.52872 2.80689 3.09322 3.38827 3.69266 4.00707 4.33227 4.66914 5.01863 5.38188 5.76015 6.15489 6.56781 7.00089 7.45648 7.93736 8.44691 8.98926 9.56953 10.1942 10.8717 11.6132 12.434 13.3559 14.412 15.6557 
-0.125977 0.0876586 0.305776 0.528593 0.756339 0.989268 1.22765 1.47178 1.72197 1.97858 2.24198 2.51259 2.79086 3.0773 3.37247 3.67697 3.99151 4.31684 4.65383 5.00346 5.36685 5.74526 6.14016 6.55324 6.98649 7.44225 7.92332 8.43306 8.97562 9.55611 10.181 10.8588 11.6006 12.4217 13.344 14.4004 15.6446 
-0.28222 -0.0678341 0.15105 0.37465 0.603197 0.836945 1.07616 1.32115 1.57222 1.82973 2.09406 2.36562 2.64487 2.93232 3.22852 3.53409 3.84973 4.17621 4.51438 4.86525 5.22991 5.60965 6.00594 6.42047 6.85524 7.3126 7.79536 8.3069 8.85136 9.4339 10.061 10.7412 11.4855 12.3095 13.235 14.2953 15.5438 
-0.299794 -0.085323 0.133647 0.357334 0.585972 0.819812 1.05913 1.30421 1.55538 1.81299 2.07742 2.34909 2.62845 2.91601 3.21233 3.51802 3.83379 4.16039 4.4987 4.8497 5.21451 5.5944 5.99084 6.40553 6.84048 7.29802 7.78097 8.29271 8.83739 9.42015 10.0475 10.7279 11.4726 12.2969 13.2228 14.2834 15.5324 
-0.335072 -0.120432 0.0987117 0.322576 0.551394 0.785419 1.02492 1.2702 1.52157 1.77938 2.04402 2.3159 2.59549 2.88327 3.17983 3.48576 3.80177 4.12864 4.46721 4.81849 5.18359 5.56378 5.96053 6.37556 6.81084 7.26875 7.75208 8.26422 8.80933 9.39256 10.0204 10.7014 11.4466 12.2716 13.1982 14.2597 15.5097 
-0.326236 -0.111639 0.107462 0.331282 0.560055 0.794033 1.03349 1.27872 1.53004 1.7878 2.05239 2.32422 2.60374 2.89147 3.18797 3.49384 3.80979 4.13659 4.4751 4.82631 5.19133 5.57145 5.96812 6.38306 6.81826 7.27608 7.75931 8.27136 8.81636 9.39947 10.0272 10.708 11.4531 12.2779 13.2044 14.2656 15.5154 
-0.326236 -0.111639 0.107462 0.331282 0.560055 0.794033 1.03349 1.27872 1.53004 1.7878 2.05239 2.32422 2.60374 2.89147 3.18797 3.49384 3.80979 4.13659 4.4751 4.82631 5.19133 5.57145 5.96812 6.38306 6.81826 7.27608 7.75931 8.27136 8.81636 9.39947 10.0272 10.708 11.4531 12.2779 13.2044 14.2656 15.5154 
-0.326236 -0.111639 0.107462 0.331282 0.560055 0.794033 1.03349 1.27872 1.53004 1.7878 2.05239 2.32422 2.60374 2.89147 3.18797 3.49384 3.80979 4.13659 4.4751 4.82631 5.19133 5.57145 5.96812 6.38306 6.81826 7.27608 7.75931 8.27136 8.81636 9.39947 10.0272 10.708 11.4531 12.2779 13.2044 14.2656 15.5154 
-0.299794 -0.085323 0.133647 0.357334 0.585972 0.819812 1.05913 1.30421 1.55538 1.81299 2.07742 2.34909 2.62845 2.91601 3.21233 3.51802 3.83379 4.16039 4.4987 4.8497 5.21451 5.5944 5.99084 6.40553 6.84048 7.29802 7.78097 8.29271 8.83739 9.42015 10.0475 10.7279 11.4726 12.2969 13.2228 14.2834 15.5324 
-0.26469 -0.0503878 0.16841 0.391922 0.62038 0.854036 1.09316 1.33805 1.58903 1.84643 2.11066 2.38211 2.66125 2.94858 3.24467 3.55012 3.86564 4.19198 4.53003 4.88075 5.24528 5.62487 6.02099 6.43536 6.86997 7.32715 7.80972 8.32106 8.8653 9.44761 10.0745 10.7544 11.4984 12.3221 13.2473 14.3071 15.5551 
-0.238475 -0.024299 0.194371 0.417751 0.646075 0.879593 1.11858 1.36332 1.61415 1.87141 2.13548 2.40677 2.68575 2.97291 3.26882 3.5741 3.88943 4.21558 4.55343 4.90395 5.26825 5.64762 6.04352 6.45764 6.89199 7.3489 7.83119 8.34222 8.88615 9.46812 10.0946 10.7741 11.5177 12.3409 13.2655 14.3247 15.572 
-0.229757 -0.0156234 0.203003 0.42634 0.654619 0.888092 1.12703 1.37173 1.62251 1.87971 2.14373 2.41497 2.69389 2.981 3.27685 3.58207 3.89734 4.22343 4.56121 4.91166 5.27589 5.65518 6.051 6.46505 6.89931 7.35613 7.83833 8.34926 8.89309 9.47493 10.1013 10.7807 11.5242 12.3472 13.2716 14.3306 15.5776 
-0.229757 -0.0156234 0.203003 0.42634 0.654619 0.888092 1.12703 1.37173 1.62251 1.87971 2.14373 2.41497 2.69389 2.981 3.27685 3.58207 3.89734 4.22343 4.56121 4.91166 5.27589 5.65518 6.051 6.46505 6.89931 7.35613 7.83833 8.34926 8.89309 9.47493 10.1013 10.7807 11.5242 12.3472 13.2716 14.3306 15.5776 
-0.212356 0.00169486 0.220237 0.443486 0.671676 0.905057 1.1439 1.3885 1.63918 1.89629 2.1602 2.43134 2.71015 2.99715 3.29289 3.59798 3.91313 4.23909 4.57674 4.92705 5.29114 5.67029 6.06595 6.47984 6.91393 7.37057 7.85258 8.36331 8.90693 9.48855 10.1147 10.7938 11.537 12.3597 13.2837 14.3423 15.5889 
-0.20367 0.0103384 0.228837 0.452043 0.680188 0.913524 1.15232 1.39688 1.64751 1.90457 2.16843 2.43951 2.71827 3.00521 3.30089 3.60592 3.92101 4.24691 4.58449 4.93473 5.29876 5.67783 6.07341 6.48722 6.92122 7.37778 7.85969 8.37033 8.91383 9.49534 10.1214 10.8003 11.5434 12.3659 13.2898 14.3481 15.5945 
-0.20367 0.0103384 0.228837 0.452043 0.680188 0.913524 1.15232 1.39688 1.64751 1.90457 2.16843 2.43951 2.71827 3.00521 3.30089 3.60592 3.92101 4.24691 4.58449 4.93473 5.29876 5.67783 6.07341 6.48722 6.92122 7.37778 7.85969 8.37033 8.91383 9.49534 10.1214 10.8003 11.5434 12.3659 13.2898 14.3481 15.5945 
-0.212356 0.00169486 0.220237 0.443486 0.671676 0.905057 1.1439 1.3885 1.63918 1.89629 2.1602 2.43134 2.71015 2.99715 3.29289 3.59798 3.91313 4.23909 4.57674 4.92705 5.29114 5.67029 6.06595 6.47984 6.91393 7.37057 7.85258 8.36331 8.90693 9.48855 10.1147 10.7938 11.537 12.3597 13.2837 14.3423 15.5889 
-0.20367 0.0103384 0.228837 0.452043 0.680188 0.913524 1.15232 1.39688 1.64751 1.90457 2.16843 2.43951 2.71827 3.00521 3.30089 3.60592 3.92101 4.24691 4.58449 4.93473 5.29876 5.67783 6.07341 6.48722 6.92122 7.37778 7.85969 8.37033 8.91383 9.49534 10.1214 10.8003 11.5434 12.3659 13.2898 14.3481 15.5945 
-0.20367 0.0103384 0.228837 0.452043 0.680188 0.913524 1.15232 1.39688 1.64751 1.90457 2.16843 2.43951 2.71827 3.00521 3.30089 3.60592 3.92101 4.24691 4.58449 4.93473 5.29876 5.67783 6.07341 6.48722 6.92122 7.37778 7.85969 8.37033 8.91383 9.49534 10.1214 10.8003 11.5434 12.3659 13.2898 14.3481 15.5945 
-0.194995 0.0189714 0.237428 0.46059 0.688691 0.921981 1.16073 1.40524 1.65582 1.91283 2.17664 2.44767 2.72637 3.01326 3.30888 3.61386 3.92888 4.25471 4.59223 4.94241 5.30636 5.68536 6.08087 6.49459 6.92851 7.38498 7.86679 8.37733 8.92073 9.50213 10.128 10.8068 11.5498 12.3721 13.2958 14.354 15.6001 
-0.177678 0.0362055 0.254577 0.477652 0.705665 0.938864 1.17752 1.42194 1.67242 1.92933 2.19303 2.46396 2.74255 3.02933 3.32483 3.62969 3.94459 4.2703 4.60769 4.95773 5.32154 5.70039 6.09574 6.5093 6.94306 7.39935 7.88098 8.39132 8.9345 9.51567 10.1413 10.8199 11.5625 12.3845 13.3079 14.3656 15.6112 
-0.177678 0.0362055 0.254577 0.477652 0.705665 0.938864 1.17752 1.42194 1.67242 1.92933 2.19303 2.46396 2.74255 3.02933 3.32483 3.62969 3.94459 4.2703 4.60769 4.95773 5.32154 5.70039 6.09574 6.5093 6.94306 7.39935 7.88098 8.39132 8.9345 9.51567 10.1413 10.8199 11.5625 12.3845 13.3079 14.3656 15.6112 
-0.160402 0.0533985 0.271685 0.494674 0.722598 0.955707 1.19427 1.43859 1.68898 1.94578 2.20939 2.48021 2.7587 3.04536 3.34075 3.64549 3.96027 4.28585 4.62311 4.97301 5.33668 5.71538 6.11058 6.52398 6.95757 7.41368 7.89512 8.40527 8.94824 9.52919 10.1546 10.8329 11.5752 12.3969 13.32 14.3773 15.6224 
-0.15178 0.0619789 0.280224 0.503169 0.731048 0.964112 1.20263 1.4469 1.69724 1.954 2.21755 2.48832 2.76675 3.05336 3.34869 3.65338 3.96809 4.29361 4.6308 4.98064 5.34423 5.72286 6.11799 6.53131 6.96481 7.42084 7.90218 8.41223 8.9551 9.53593 10.1612 10.8394 11.5816 12.4031 13.326 14.3831 15.6279 
-0.143168 0.0705491 0.288751 0.511654 0.739489 0.972508 1.21098 1.4552 1.7055 1.9622 2.2257 2.49642 2.7748 3.06135 3.35663 3.66125 3.97591 4.30136 4.63849 4.98826 5.35178 5.73034 6.12539 6.53863 6.97205 7.42798 7.90924 8.41918 8.96195 9.54267 10.1678 10.8459 11.5879 12.4093 13.332 14.3889 15.6335 
-0.15178 0.0619789 0.280224 0.503169 0.731048 0.964112 1.20263 1.4469 1.69724 1.954 2.21755 2.48832 2.76675 3.05336 3.34869 3.65338 3.96809 4.29361 4.6308 4.98064 5.34423 5.72286 6.11799 6.53131 6.96481 7.42084 7.90218 8.41223 8.9551 9.53593 10.1612 10.8394 11.5816 12.4031 13.326 14.3831 15.6279 
-0.15178 0.0619789 0.280224 0.503169 0.731048 0.964112 1.20263 1.4469 1.69724 1.954 2.21755 2.48832 2.76675 3.05336 3.34869 3.65338 3.96809 4.29361 4.6308 4.98064 5.34423 5.72286 6.11799 6.53131 6.96481 7.42084 7.90218 8.41223 8.9551 9.53593 10.1612 10.8394 11.5816 12.4031 13.326 14.3831 15.6279 
-0.143168 0.0705491 0.288751 0.511654 0.739489 0.972508 1.21098 1.4552 1.7055 1.9622 2.2257 2.49642 2.7748 3.06135 3.35663 3.66125 3.97591 4.30136 4.63849 4.98826 5.35178 5.73034 6.12539 6.53863 6.97205 7.42798 7.90924 8.41918 8.96195 9.54267 10.1678 10.8459 11.5879 12.4093 13.332 14.3889 15.6335 
-0.143168 0.0705491 0.288751 0.511654 0.739489 0.972508 1.21098 1.4552 1.7055 1.9622 2.2257 2.49642 2.7748 3.06135 3.35663 3.66125 3.97591 4.30136 4.63849 4.98826 5.35178 5.73034 6.12539 6.53863 6.97205 7.42798 7.90924 8.41918 8.96195 9.54267 10.1678 10.8459 11.5879 12.4093 13.332 14.3889 15.6335 
-0.160402 0.0533985 0.271685 0.494674 0.722598 0.955707 1.19427 1.43859 1.68898 1.94578 2.20939 2.48021 2.7587 3.04536 3.34075 3.64549 3.96027 4.28585 4.62311 4.97301 5.33668 5.71538 6.11058 6.52398 6.95757 7.41368 7.89512 8.40527 8.94824 9.52919 10.1546 10.8329 11.5752 12.3969 13.32 14.3773 15.6224 
-0.160402 0.0533985 0.271685 0.494674 0.722598 0.955707 1.19427 1.43859 1.68898 1.94578 2.20939 2.48021 2.7587 3.04536 3.34075 3.64549 3.96027 4.28585 4.62311 4.97301 5.33668 5.71538 6.11058 6.52398 6.95757 7.41368 7.89512 8.40527 8.94824 9.52919 10.1546 10.8329 11.5752 12.3969 13.32 14.3773 15.6224 
-0.160402 0.0533985 0.271685 0.494674 0.722598 0.955707 1.19427 1.43859 1.68898 1.94578 2.20939 2.48021 2.7587 3.04536 3.34075 3.64549 3.96027 4.28585 4.62311 4.97301 5.33668 5.71538 6.11058 6.52398 6.95757 7.41368 7.89512 8.40527 8.94824 9.52919 10.1546 10.8329 11.5752 12.3969 13.32 14.3773 15.6224 
-0.143168 0.0705491 0.288751 0.511654 0.739489 0.972508 1.21098 1.4552 1.7055 1.9622 2.2257 2.49642 2.7748 3.06135 3.35663 3.66125 3.97591 4.30136 4.63849 4.98826 5.35178 5.73034 6.12539 6.53863 6.97205 7.42798 7.90924 8.41918 8.96195 9.54267 10.1678 10.8459 11.5879 12.4093 13.332 14.3889 15.6335 
-0.134568 0.0791087 0.297269 0.520128 0.747919 0.980894 1.21932 1.4635 1.71374 1.9704 2.23385 2.50451 2.78284 3.06933 3.36455 3.66912 3.98371 4.3091 4.64616 4.99586 5.35932 5.7378 6.13278 6.54594 6.97927 7.43512 7.91628 8.42613 8.96879 9.54939 10.1744 10.8523 11.5942 12.4155 13.338 14.3947 15.6391 
-0.143168 0.0705491 0.288751 0.511654 0.739489 0.972508 1.21098 1.4552 1.7055 1.9622 2.2257 2.49642 2.7748 3.06135 3.35663 3.66125 3.97591 4.30136 4.63849 4.98826 5.35178 5.73034 6.12539 6.53863 6.97205 7.42798 7.90924 8.41918 8.96195 9.54267 10.1678 10.8459 11.5879 12.4093 13.332 14.3889 15.6335 
-0.15178 0.0619789 0.280224 0.503169 0.731048 0.964112 1.20263 1.4469 1.69724 1.954 2.21755 2.48832 2.76675 3.05336 3.34869 3.65338 3.96809 4.29361 4.6308 4.98064 5.34423 5.72286 6.11799 6.53131 6.96481 7.42084 7.90218 8.41223 8.9551 9.53593 10.1612 10.8394 11.5816 12.4031 13.326 14.3831 15.6279 
-0.134568 0.0791087 0.297269 0.520128 0.747919 0.980894 1.21932 1.4635 1.71374 1.9704 2.23385 2.50451 2.78284 3.06933 3.36455 3.66912 3.98371 4.3091 4.64616 4.99586 5.35932 5.7378 6.13278 6.54594 6.97927 7.43512 7.91628 8.42613 8.96879 9.54939 10.1744 10.8523 11.5942 12.4155 13.338 14.3947 15.6391 
-0.15178 0.0619789 0.280224 0.503169 0.731048 0.964112 1.20263 1.4469 1.69724 1.954 2.21755 2.48832 2.76675 3.05336 3.34869 3.65338 3.96809 4.29361 4.6308 4.98064 5.34423 5.72286 6.11799 6.53131 6.96481 7.42084 7.90218 8.41223 8.9551 9.53593 10.1612 10.8394 11.5816 12.4031 13.326 14.3831 15.6279 
-0.255941 -0.0416808 0.177075 0.400542 0.628955 0.862565 1.10164 1.34649 1.59741 1.85477 2.11894 2.39034 2.66943 2.9567 3.25273 3.55813 3.87358 4.19986 4.53784 4.88849 5.25294 5.63246 6.02851 6.4428 6.87732 7.33441 7.81688 8.32812 8.87226 9.45445 10.0812 10.761 11.5049 12.3284 13.2534 14.3129 15.5607 
-0.26469 -0.0503878 0.16841 0.391922 0.62038 0.854036 1.09316 1.33805 1.58903 1.84643 2.11066 2.38211 2.66125 2.94858 3.24467 3.55012 3.86564 4.19198 4.53003 4.88075 5.24528 5.62487 6.02099 6.43536 6.86997 7.32715 7.80972 8.32106 8.8653 9.44761 10.0745 10.7544 11.4984 12.3221 13.2473 14.3071 15.5551 
-0.299794 -0.085323 0.133647 0.357334 0.585972 0.819812 1.05913 1.30421 1.55538 1.81299 2.07742 2.34909 2.62845 2.91601 3.21233 3.51802 3.83379 4.16039 4.4987 4.8497 5.21451 5.5944 5.99084 6.40553 6.84048 7.29802 7.78097 8.29271 8.83739 9.42015 10.0475 10.7279 11.4726 12.2969 13.2228 14.2834 15.5324 
-0.308596 -0.0940844 0.12493 0.348661 0.577344 0.81123 1.05059 1.29572 1.54694 1.80461 2.06909 2.34081 2.62022 2.90784 3.20422 3.50997 3.8258 4.15247 4.49084 4.84191 5.20679 5.58676 5.98328 6.39805 6.83308 7.29072 7.77376 8.2856 8.83039 9.41327 10.0408 10.7213 11.4661 12.2906 13.2167 14.2775 15.5268 
-0.291002 -0.0765732 0.142354 0.365997 0.59459 0.828384 1.06765 1.31268 1.56381 1.82137 2.08575 2.35736 2.63666 2.92417 3.22043 3.52606 3.84176 4.1683 4.50655 4.85748 5.22221 5.60203 5.99839 6.41301 6.84786 7.30532 7.78817 8.29981 8.84438 9.42703 10.0543 10.7346 11.4791 12.3032 13.2289 14.2893 15.5381 
-0.291002 -0.0765732 0.142354 0.365997 0.59459 0.828384 1.06765 1.31268 1.56381 1.82137 2.08575 2.35736 2.63666 2.92417 3.22043 3.52606 3.84176 4.1683 4.50655 4.85748 5.22221 5.60203 5.99839 6.41301 6.84786 7.30532 7.78817 8.29981 8.84438 9.42703 10.0543 10.7346 11.4791 12.3032 13.2289 14.2893 15.5381 
-0.291002 -0.0765732 0.142354 0.365997 0.59459 0.828384 1.06765 1.31268 1.56381 1.82137 2.08575 2.35736 2.63666 2.92417 3.22043 3.52606 3.84176 4.1683 4.50655 4.85748 5.22221 5.60203 5.99839 6.41301 6.84786 7.30532 7.78817 8.29981 8.84438 9.42703 10.0543 10.7346 11.4791 12.3032 13.2289 14.2893 15.5381 
-0.255941 -0.0416808 0.177075 0.400542 0.628955 0.862565 1.10164 1.34649 1.59741 1.85477 2.11894 2.39034 2.66943 2.9567 3.25273 3.55813 3.87358 4.19986 4.53784 4.88849 5.25294 5.63246 6.02851 6.4428 6.87732 7.33441 7.81688 8.32812 8.87226 9.45445 10.0812 10.761 11.5049 12.3284 13.2534 14.3129 15.5607 
-0.229757 -0.0156234 0.203003 0.42634 0.654619 0.888092 1.12703 1.37173 1.62251 1.87971 2.14373 2.41497 2.69389 2.981 3.27685 3.58207 3.89734 4.22343 4.56121 4.91166 5.27589 5.65518 6.051 6.46505 6.89931 7.35613 7.83833 8.34926 8.89309 9.47493 10.1013 10.7807 11.5242 12.3472 13.2716 14.3306 15.5776 
-0.212356 0.00169486 0.220237 0.443486 0.671676 0.905057 1.1439 1.3885 1.63918 1.89629 2.1602 2.43134 2.71015 2.99715 3.29289 3.59798 3.91313 4.23909 4.57674 4.92705 5.29114 5.67029 6.06595 6.47984 6.91393 7.37057 7.85258 8.36331 8.90693 9.48855 10.1147 10.7938 11.537 12.3597 13.2837 14.3423 15.5889 
-0.186331 0.0275945 0.246008 0.469127 0.697183 0.930429 1.16913 1.41359 1.66413 1.92108 2.18484 2.45582 2.73447 3.0213 3.31686 3.62178 3.93674 4.26251 4.59996 4.95007 5.31395 5.69288 6.08831 6.50195 6.93579 7.39217 7.87389 8.38433 8.92762 9.5089 10.1347 10.8134 11.5561 12.3783 13.3019 14.3598 15.6056 
-0.160402 0.0533985 0.271685 0.494674 0.722598 0.955707 1.19427 1.43859 1.68898 1.94578 2.20939 2.48021 2.7587 3.04536 3.34075 3.64549 3.96027 4.28585 4.62311 4.97301 5.33668 5.71538 6.11058 6.52398 6.95757 7.41368 7.89512 8.40527 8.94824 9.52919 10.1546 10.8329 11.5752 12.3969 13.32 14.3773 15.6224 
-0.160402 0.0533985 0.271685 0.494674 0.722598 0.955707 1.19427 1.43859 1.68898 1.94578 2.20939 2.48021 2.7587 3.04536 3.34075 3.64549 3.96027 4.28585 4.62311 4.97301 5.33668 5.71538 6.11058 6.52398 6.95757 7.41368 7.89512 8.40527 8.94824 9.52919 10.1546 10.8329 11.5752 12.3969 13.32 14.3773 15.6224 
-0.169035 0.0448071 0.263136 0.486168 0.714136 0.947291 1.1859 1.43027 1.6807 1.93756 2.20122 2.47209 2.75063 3.03735 3.3328 3.6376 3.95244 4.27808 4.6154 4.96537 5.32911 5.70789 6.10317 6.51665 6.95032 7.40652 7.88805 8.3983 8.94138 9.52243 10.148 10.8264 11.5689 12.3908 13.3139 14.3715 15.6168 
-0.194995 0.0189714 0.237428 0.46059 0.688691 0.921981 1.16073 1.40524 1.65582 1.91283 2.17664 2.44767 2.72637 3.01326 3.30888 3.61386 3.92888 4.25471 4.59223 4.94241 5.30636 5.68536 6.08087 6.49459 6.92851 7.38498 7.86679 8.37733 8.92073 9.50213 10.128 10.8068 11.5498 12.3721 13.2958 14.354 15.6001 
-0.194995 0.0189714 0.237428 0.46059 0.688691 0.921981 1.16073 1.40524 1.65582 1.91283 2.17664 2.44767 2.72637 3.01326 3.30888 3.61386 3.92888 4.25471 4.59223 4.94241 5.30636 5.68536 6.08087 6.49459 6.92851 7.38498 7.86679 8.37733 8.92073 9.50213 10.128 10.8068 11.5498 12.3721 13.2958 14.354 15.6001 
-0.177678 0.0362055 0.254577 0.477652 0.705665 0.938864 1.17752 1.42194 1.67242 1.92933 2.19303 2.46396 2.74255 3.02933 3.32483 3.62969 3.94459 4.2703 4.60769 4.95773 5.32154 5.70039 6.09574 6.5093 6.94306 7.39935 7.88098 8.39132 8.9345 9.51567 10.1413 10.8199 11.5625 12.3845 13.3079 14.3656 15.6112 
-0.186331 0.0275945 0.246008 0.469127 0.697183 0.930429 1.16913 1.41359 1.66413 1.92108 2.18484 2.45582 2.73447 3.0213 3.31686 3.62178 3.93674 4.26251 4.59996 4.95007 5.31395 5.69288 6.08831 6.50195 6.93579 7.39217 7.87389 8.38433 8.92762 9.5089 10.1347 10.8134 11.5561 12.3783 13.3019 14.3598 15.6056 
-0.194995 0.0189714 0.237428 0.46059 0.688691 0.921981 1.16073 1.40524 1.65582 1.91283 2.17664 2.44767 2.72637 3.01326 3.30888 3.61386 3.92888 4.25471 4.59223 4.94241 5.30636 5.68536 6.08087 6.49459 6.92851 7.38498 7.86679 8.37733 8.92073 9.50213 10.128 10.8068 11.5498 12.3721 13.2958 14.354 15.6001 
-0.186331 0.0275945 0.246008 0.469127 0.697183 0.930429 1.16913 1.41359 1.66413 1.92108 2.18484 2.45582 2.73447 3.0213 3.31686 3.62178 3.93674 4.26251 4.59996 4.95007 5.31395 5.69288 6.08831 6.50195 6.93579 7.39217 7.87389 8.38433 8.92762 9.5089 10.1347 10.8134 11.5561 12.3783 13.3019 14.3598 15.6056 
-0.169035 0.0448071 0.263136 0.486168 0.714136 0.947291 1.1859 1.43027 1.6807 1.93756 2.20122 2.47209 2.75063 3.03735 3.3328 3.6376 3.95244 4.27808 4.6154 4.96537 5.32911 5.70789 6.10317 6.51665 6.95032 7.40652 7.88805 8.3983 8.94138 9.52243 10.148 10.8264 11.5689 12.3908 13.3139 14.3715 15.6168 
-0.15178 0.0619789 0.280224 0.503169 0.731048 0.964112 1.20263 1.4469 1.69724 1.954 2.21755 2.48832 2.76675 3.05336 3.34869 3.65338 3.96809 4.29361 4.6308 4.98064 5.34423 5.72286 6.11799 6.53131 6.96481 7.42084 7.90218 8.41223 8.9551 9.53593 10.1612 10.8394 11.5816 12.4031 13.326 14.3831 15.6279 
-0.143168 0.0705491 0.288751 0.511654 0.739489 0.972508 1.21098 1.4552 1.7055 1.9622 2.2257 2.49642 2.7748 3.06135 3.35663 3.66125 3.97591 4.30136 4.63849 4.98826 5.35178 5.73034 6.12539 6.53863 6.97205 7.42798 7.90924 8.41918 8.96195 9.54267 10.1678 10.8459 11.5879 12.4093 13.332 14.3889 15.6335 
-0.125977 0.0876586 0.305776 0.528593 0.756339 0.989268 1.22765 1.47178 1.72197 1.97858 2.24198 2.51259 2.79086 3.0773 3.37247 3.67697 3.99151 4.31684 4.65383 5.00346 5.36685 5.74526 6.14016 6.55324 6.98649 7.44225 7.92332 8.43306 8.97562 9.55611 10.181 10.8588 11.6006 12.4217 13.344 14.4004 15.6446 
-0.134568 0.0791087 0.297269 0.520128 0.747919 0.980894 1.21932 1.4635 1.71374 1.9704 2.23385 2.50451 2.78284 3.06933 3.36455 3.66912 3.98371 4.3091 4.64616 4.99586 5.35932 5.7378 6.13278 6.54594 6.97927 7.43512 7.91628 8.42613 8.96879 9.54939 10.1744 10.8523 11.5942 12.4155 13.338 14.3947 15.6391 
-0.125977 0.0876586 0.305776 0.528593 0.756339 0.989268 1.22765 1.47178 1.72197 1.97858 2.24198 2.51259 2.79086 3.0773 3.37247 3.67697 3.99151 4.31684 4.65383 5.00346 5.36685 5.74526 6.14016 6.55324 6.98649 7.44225 7.92332 8.43306 8.97562 9.55611 10.181 10.8588 11.6006 12.4217 13.344 14.4004 15.6446 
-0.125977 0.0876586 0.305776 0.528593 0.756339 0.989268 1.22765 1.47178 1.72197 1.97858 2.24198 2.51259 2.79086 3.0773 3.37247 3.67697 3.99151 4.31684 4.65383 5.00346 5.36685 5.74526 6.14016 6.55324 6.98649 7.44225 7.92332 8.43306 8.97562 9.55611 10.181 10.8588 11.6006 12.4217 13.344 14.4004 15.6446 
-0.125977 0.0876586 0.305776 0.528593 0.756339 0.989268 1.22765 1.47178 1.72197 1.97858 2.24198 2.51259 2.79086 3.0773 3.37247 3.67697 3.99151 4.31684 4.65383 5.00346 5.36685 5.74526 6.14016 6.55324 6.98649 7.44225 7.92332 8.43306 8.97562 9.55611 10.181 10.8588 11.6006 12.4217 13.344 14.4004 15.6446 
-0.125977 0.0876586 0.305776 0.528593 0.756339 0.989268 1.22765 1.47178 1.72197 1.97858 2.24198 2.51259 2.79086 3.0773 3.37247 3.67697 3.99151 4.31684 4.65383 5.00346 5.36685 5.74526 6.14016 6.55324 6.98649 7.44225 7.92332 8.43306 8.97562 9.55611 10.181 10.8588 11.6006 12.4217 13.344 14.4004 15.6446 
-0.117396 0.0961972 0.314273 0.537046 0.76475 0.997634 1.23597 1.48005 1.7302 1.98676 2.2501 2.52066 2.79888 3.08527 3.38037 3.68482 3.99929 4.32456 4.66149 5.01105 5.37437 5.75271 6.14753 6.56053 6.99369 7.44937 7.93034 8.43999 8.98244 9.56283 10.1876 10.8653 11.6069 12.4278 13.3499 14.4062 15.6501 
-0.108826 0.104726 0.32276 0.54549 0.773149 1.00599 1.24428 1.48831 1.73841 1.99492 2.25822 2.52872 2.80689 3.09322 3.38827 3.69266 4.00707 4.33227 4.66914 5.01863 5.38188 5.76015 6.15489 6.56781 7.00089 7.45648 7.93736 8.44691 8.98926 9.56953 10.1942 10.8717 11.6132 12.434 13.3559 14.412 15.6557 
-0.15178 0.0619789 0.280224 0.503169 0.731048 0.964112 1.20263 1.4469 1.69724 1.954 2.21755 2.48832 2.76675 3.05336 3.34869 3.65338 3.96809 4.29361 4.6308 4.98064 5.34423 5.72286 6.11799 6.53131 6.96481 7.42084 7.90218 8.41223 8.9551 9.53593 10.1612 10.8394 11.5816 12.4031 13.326 14.3831 15.6279 
-0.160402 0.0533985 0.271685 0.494674 0.722598 0.955707 1.19427 1.43859 1.68898 1.94578 2.20939 2.48021 2.7587 3.04536 3.34075 3.64549 3.96027 4.28585 4.62311 4.97301 5.33668 5.71538 6.11058 6.52398 6.95757 7.41368 7.89512 8.40527 8.94824 9.52919 10.1546 10.8329 11.5752 12.3969 13.32 14.3773 15.6224 
-0.177678 0.0362055 0.254577 0.477652 0.705665 0.938864 1.17752 1.42194 1.67242 1.92933 2.19303 2.46396 2.74255 3.02933 3.32483 3.62969 3.94459 4.2703 4.60769 4.95773 5.32154 5.70039 6.09574 6.5093 6.94306 7.39935 7.88098 8.39132 8.9345 9.51567 10.1413 10.8199 11.5625 12.3845 13.3079 14.3656 15.6112 
-0.143168 0.0705491 0.288751 0.511654 0.739489 0.972508 1.21098 1.4552 1.7055 1.9622 2.2257 2.49642 2.7748 3.06135 3.35663 3.66125 3.97591 4.30136 4.63849 4.98826 5.35178 5.73034 6.12539 6.53863 6.97205 7.42798 7.90924 8.41918 8.96195 9.54267 10.1678 10.8459 11.5879 12.4093 13.332 14.3889 15.6335 
-0.143168 0.0705491 0.288751 0.511654 0.739489 0.972508 1.21098 1.4552 1.7055 1.9622 2.2257 2.49642 2.7748 3.06135 3.35663 3.66125 3.97591 4.30136 4.63849 4.98826 5.35178 5.73034 6.12539 6.53863 6.97205 7.42798 7.90924 8.41918 8.96195 9.54267 10.1678 10.8459 11.5879 12.4093 13.332 14.3889 15.6335 
-0.255941 -0.0416808 0.177075 0.400542 0.628955 0.862565 1.10164 1.34649 1.59741 1.85477 2.11894 2.39034 2.66943 2.9567 3.25273 3.55813 3.87358 4.19986 4.53784 4.88849 5.25294 5.63246 6.02851 6.4428 6.87732 7.33441 7.81688 8.32812 8.87226 9.45445 10.0812 10.761 11.5049 12.3284 13.2534 14.3129 15.5607 
-0.247201 -0.0329835 0.185729 0.409152 0.637521 0.871085 1.11012 1.35491 1.60579 1.86309 2.12721 2.39856 2.67759 2.96481 3.26078 3.56612 3.88151 4.20773 4.54564 4.89623 5.2606 5.64004 6.03602 6.45022 6.88466 7.34166 7.82404 8.33518 8.87921 9.46129 10.0879 10.7675 11.5113 12.3346 13.2595 14.3188 15.5664 
-0.26469 -0.0503878 0.16841 0.391922 0.62038 0.854036 1.09316 1.33805 1.58903 1.84643 2.11066 2.38211 2.66125 2.94858 3.24467 3.55012 3.86564 4.19198 4.53003 4.88075 5.24528 5.62487 6.02099 6.43536 6.86997 7.32715 7.80972 8.32106 8.8653 9.44761 10.0745 10.7544 11.4984 12.3221 13.2473 14.3071 15.5551 
-0.317412 -0.102856 0.116201 0.339976 0.568704 0.802636 1.04204 1.28722 1.5385 1.79621 2.06074 2.33252 2.61199 2.89966 3.1961 3.50191 3.8178 4.14453 4.48298 4.83412 5.19907 5.57911 5.9757 6.39056 6.82568 7.2834 7.76654 8.27848 8.82338 9.40637 10.034 10.7147 11.4596 12.2843 13.2105 14.2716 15.5211 
-0.308596 -0.0940844 0.12493 0.348661 0.577344 0.81123 1.05059 1.29572 1.54694 1.80461 2.06909 2.34081 2.62022 2.90784 3.20422 3.50997 3.8258 4.15247 4.49084 4.84191 5.20679 5.58676 5.98328 6.39805 6.83308 7.29072 7.77376 8.2856 8.83039 9.41327 10.0408 10.7213 11.4661 12.2906 13.2167 14.2775 15.5268 
-0.255941 -0.0416808 0.177075 0.400542 0.628955 0.862565 1.10164 1.34649 1.59741 1.85477 2.11894 2.39034 2.66943 2.9567 3.25273 3.55813 3.87358 4.19986 4.53784 4.88849 5.25294 5.63246 6.02851 6.4428 6.87732 7.33441 7.81688 8.32812 8.87226 9.45445 10.0812 10.761 11.5049 12.3284 13.2534 14.3129 15.5607 
-0.229757 -0.0156234 0.203003 0.42634 0.654619 0.888092 1.12703 1.37173 1.62251 1.87971 2.14373 2.41497 2.69389 2.981 3.27685 3.58207 3.89734 4.22343 4.56121 4.91166 5.27589 5.65518 6.051 6.46505 6.89931 7.35613 7.83833 8.34926 8.89309 9.47493 10.1013 10.7807 11.5242 12.3472 13.2716 14.3306 15.5776 
-0.20367 0.0103384 0.228837 0.452043 0.680188 0.913524 1.15232 1.39688 1.64751 1.90457 2.16843 2.43951 2.71827 3.00521 3.30089 3.60592 3.92101 4.24691 4.58449 4.93473 5.29876 5.67783 6.07341 6.48722 6.92122 7.37778 7.85969 8.37033 8.91383 9.49534 10.1214 10.8003 11.5434 12.3659 13.2898 14.3481 15.5945 
-0.194995 0.0189714 0.237428 0.46059 0.688691 0.921981 1.16073 1.40524 1.65582 1.91283 2.17664 2.44767 2.72637 3.01326 3.30888 3.61386 3.92888 4.25471 4.59223 4.94241 5.30636 5.68536 6.08087 6.49459 6.92851 7.38498 7.86679 8.37733 8.92073 9.50213 10.128 10.8068 11.5498 12.3721 13.2958 14.354 15.6001 
-0.169035 0.0448071 0.263136 0.486168 0.714136 0.947291 1.1859 1.43027 1.6807 1.93756 2.20122 2.47209 2.75063 3.03735 3.3328 3.6376 3.95244 4.27808 4.6154 4.96537 5.32911 5.70789 6.10317 6.51665 6.95032 7.40652 7.88805 8.3983 8.94138 9.52243 10.148 10.8264 11.5689 12.3908 13.3139 14.3715 15.6168 
-0.160402 0.0533985 0.271685 0.494674 0.722598 0.955707 1.19427 1.43859 1.68898 1.94578 2.20939 2.48021 2.7587 3.04536 3.34075 3.64549 3.96027 4.28585 4.62311 4.97301 5.33668 5.71538 6.11058 6.52398 6.95757 7.41368 7.89512 8.40527 8.94824 9.52919 10.1546 10.8329 11.5752 12.3969 13.32 14.3773 15.6224 
-0.160402 0.0533985 0.271685 0.494674 0.722598 0.955707 1.19427 1.43859 1.68898 1.94578 2.20939 2.48021 2.7587 3.04536 3.34075 3.64549 3.96027 4.28585 4.62311 4.97301 5.33668 5.71538 6.11058 6.52398 6.95757 7.41368 7.89512 8.40527 8.94824 9.52919 10.1546 10.8329 11.5752 12.3969 13.32 14.3773 15.6224 
-0.169035 0.0448071 0.263136 0.486168 0.714136 0.947291 1.1859 1.43027 1.6807 1.93756 2.20122 2.47209 2.75063 3.03735 3.3328 3.6376 3.95244 4.27808 4.6154 4.96537 5.32911 5.70789 6.10317 6.51665 6.95032 7.40652 7.88805 8.3983 8.94138 9.52243 10.148 10.8264 11.5689 12.3908 13.3139 14.3715 15.6168 
-0.15178 0.0619789 0.280224 0.503169 0.731048 0.964112 1.20263 1.4469 1.69724 1.954 2.21755 2.48832 2.76675 3.05336 3.34869 3.65338 3.96809 4.29361 4.6308 4.98064 5.34423 5.72286 6.11799 6.53131 6.96481 7.42084 7.90218 8.41223 8.9551 9.53593 10.1612 10.8394 11.5816 12.4031 13.326 14.3831 15.6279 
-0.186331 0.0275945 0.246008 0.469127 0.697183 0.930429 1.16913 1.41359 1.66413 1.92108 2.18484 2.45582 2.73447 3.0213 3.31686 3.62178 3.93674 4.26251 4.59996 4.95007 5.31395 5.69288 6.08831 6.50195 6.93579 7.39217 7.87389 8.38433 8.92762 9.5089 10.1347 10.8134 11.5561 12.3783 13.3019 14.3598 15.6056 
-0.169035 0.0448071 0.263136 0.486168 0.714136 0.947291 1.1859 1.43027 1.6807 1.93756 2.20122 2.47209 2.75063 3.03735 3.3328 3.6376 3.95244 4.27808 4.6154 4.96537 5.32911 5.70789 6.10317 6.51665 6.95032 7.40652 7.88805 8.3983 8.94138 9.52243 10.148 10.8264 11.5689 12.3908 13.3139 14.3715 15.6168 
-0.177678 0.0362055 0.254577 0.477652 0.705665 0.938864 1.17752 1.42194 1.67242 1.92933 2.19303 2.46396 2.74255 3.02933 3.32483 3.62969 3.94459 4.2703 4.60769 4.95773 5.32154 5.70039 6.09574 6.5093 6.94306 7.39935 7.88098 8.39132 8.9345 9.51567 10.1413 10.8199 11.5625 12.3845 13.3079 14.3656 15.6112 
-0.194995 0.0189714 0.237428 0.46059 0.688691 0.921981 1.16073 1.40524 1.65582 1.91283 2.17664 2.44767 2.72637 3.01326 3.30888 3.61386 3.92888 4.25471 4.59223 4.94241 5.30636 5.68536 6.08087 6.49459 6.92851 7.38498 7.86679 8.37733 8.92073 9.50213 10.128 10.8068 11.5498 12.3721 13.2958 14.354 15.6001 
-0.177678 0.0362055 0.254577 0.477652 0.705665 0.938864 1.17752 1.42194 1.67242 1.92933 2.19303 2.46396 2.74255 3.02933 3.32483 3.62969 3.94459 4.2703 4.60769 4.95773 5.32154 5.70039 6.09574 6.5093 6.94306 7.39935 7.88098 8.39132 8.9345 9.51567 10.1413 10.8199 11.5625 12.3845 13.3079 14.3656 15.6112 
-0.15178 0.0619789 0.280224 0.503169 0.731048 0.964112 1.20263 1.4469 1.69724 1.954 2.21755 2.48832 2.76675 3.05336 3.34869 3.65338 3.96809 4.29361 4.6308 4.98064 5.34423 5.72286 6.11799 6.53131 6.96481 7.42084 7.90218 8.41223 8.9551 9.53593 10.1612 10.8394 11.5816 12.4031 13.326 14.3831 15.6279 
-0.169035 0.0448071 0.263136 0.486168 0.714136 0.947291 1.1859 1.43027 1.6807 1.93756 2.20122 2.47209 2.75063 3.03735 3.3328 3.6376 3.95244 4.27808 4.6154 4.96537 5.32911 5.70789 6.10317 6.51665 6.95032 7.40652 7.88805 8.3983 8.94138 9.52243 10.148 10.8264 11.5689 12.3908 13.3139 14.3715 15.6168 
-0.15178 0.0619789 0.280224 0.503169 0.731048 0.964112 1.20263 1.4469 1.69724 1.954 2.21755 2.48832 2.76675 3.05336 3.34869 3.65338 3.96809 4.29361 4.6308 4.98064 5.34423 5.72286 6.11799 6.53131 6.96481 7.42084 7.90218 8.41223 8.9551 9.53593 10.1612 10.8394 11.5816 12.4031 13.326 14.3831 15.6279 
-0.15178 0.0619789 0.280224 0.503169 0.731048 0.964112 1.20263 1.4469 1.69724 1.954 2.21755 2.48832 2.76675 3.05336 3.34869 3.65338 3.96809 4.29361 4.6308 4.98064 5.34423 5.72286 6.11799 6.53131 6.96481 7.42084 7.90218 8.41223 8.9551 9.53593 10.1612 10.8394 11.5816 12.4031 13.326 14.3831 15.6279 
-0.134568 0.0791087 0.297269 0.520128 0.747919 0.980894 1.21932 1.4635 1.71374 1.9704 2.23385 2.50451 2.78284 3.06933 3.36455 3.66912 3.98371 4.3091 4.64616 4.99586 5.35932 5.7378 6.13278 6.54594 6.97927 7.43512 7.91628 8.42613 8.96879 9.54939 10.1744 10.8523 11.5942 12.4155 13.338 14.3947 15.6391 
-0.134568 0.0791087 0.297269 0.520128 0.747919 0.980894 1.21932 1.4635 1.71374 1.9704 2.23385 2.50451 2.78284 3.06933 3.36455 3.66912 3.98371 4.3091 4.64616 4.99586 5.35932 5.7378 6.13278 6.54594 6.97927 7.43512 7.91628 8.42613 8.96879 9.54939 10.1744 10.8523 11.5942 12.4155 13.338 14.3947 15.6391 
-0.134568 0.0791087 0.297269 0.520128 0.747919 0.980894 1.21932 1.4635 1.71374 1.9704 2.23385 2.50451 2.78284 3.06933 3.36455 3.66912 3.98371 4.3091 4.64616 4.99586 5.35932 5.7378 6.13278 6.54594 6.97927 7.43512 7.91628 8.42613 8.96879 9.54939 10.1744 10.8523 11.5942 12.4155 13.338 14.3947 15.6391 
-0.134568 0.0791087 0.297269 0.520128 0.747919 0.980894 1.21932 1.4635 1.71374 1.9704 2.23385 2.50451 2.78284 3.06933 3.36455 3.66912 3.98371 4.3091 4.64616 4.99586 5.35932 5.7378 6.13278 6.54594 6.97927 7.43512 7.91628 8.42613 8.96879 9.54939 10.1744 10.8523 11.5942 12.4155 13.338 14.3947 15.6391 
-0.125977 0.0876586 0.305776 0.528593 0.756339 0.989268 1.22765 1.47178 1.72197 1.97858 2.24198 2.51259 2.79086 3.0773 3.37247 3.67697 3.99151 4.31684 4.65383 5.00346 5.36685 5.74526 6.14016 6.55324 6.98649 7.44225 7.92332 8.43306 8.97562 9.55611 10.181 10.8588 11.6006 12.4217 13.344 14.4004 15.6446 
-0.108826 0.104726 0.32276 0.54549 0.773149 1.00599 1.24428 1.48831 1.73841 1.99492 2.25822 2.52872 2.80689 3.09322 3.38827 3.69266 4.00707 4.33227 4.66914 5.01863 5.38188 5.76015 6.15489 6.56781 7.00089 7.45648 7.93736 8.44691 8.98926 9.56953 10.1942 10.8717 11.6132 12.434 13.3559 14.412 15.6557 
-0.117396 0.0961972 0.314273 0.537046 0.76475 0.997634 1.23597 1.48005 1.7302 1.98676 2.2501 2.52066 2.79888 3.08527 3.38037 3.68482 3.99929 4.32456 4.66149 5.01105 5.37437 5.75271 6.14753 6.56053 6.99369 7.44937 7.93034 8.43999 8.98244 9.56283 10.1876 10.8653 11.6069 12.4278 13.3499 14.4062 15.6501 
-0.134568 0.0791087 0.297269 0.520128 0.747919 0.980894 1.21932 1.4635 1.71374 1.9704 2.23385 2.50451 2.78284 3.06933 3.36455 3.66912 3.98371 4.3091 4.64616 4.99586 5.35932 5.7378 6.13278 6.54594 6.97927 7.43512 7.91628 8.42613 8.96879 9.54939 10.1744 10.8523 11.5942 12.4155 13.338 14.3947 15.6391 
-0.160402 0.0533985 0.271685 0.494674 0.722598 0.955707 1.19427 1.43859 1.68898 1.94578 2.20939 2.48021 2.7587 3.04536 3.34075 3.64549 3.96027 4.28585 4.62311 4.97301 5.33668 5.71538 6.11058 6.52398 6.95757 7.41368 7.89512 8.40527 8.94824 9.52919 10.1546 10.8329 11.5752 12.3969 13.32 14.3773 15.6224 
-0.177678 0.0362055 0.254577 0.477652 0.705665 0.938864 1.17752 1.42194 1.67242 1.92933 2.19303 2.46396 2.74255 3.02933 3.32483 3.62969 3.94459 4.2703 4.60769 4.95773 5.32154 5.70039 6.09574 6.5093 6.94306 7.39935 7.88098 8.39132 8.9345 9.51567 10.1413 10.8199 11.5625 12.3845 13.3079 14.3656 15.6112 
-0.177678 0.0362055 0.254577 0.477652 0.705665 0.938864 1.17752 1.42194 1.67242 1.92933 2.19303 2.46396 2.74255 3.02933 3.32483 3.62969 3.94459 4.2703 4.60769 4.95773 5.32154 5.70039 6.09574 6.5093 6.94306 7.39935 7.88098 8.39132 8.9345 9.51567 10.1413 10.8199 11.5625 12.3845 13.3079 14.3656 15.6112 
-0.169035 0.0448071 0.263136 0.486168 0.714136 0.947291 1.1859 1.43027 1.6807 1.93756 2.20122 2.47209 2.75063 3.03735 3.3328 3.6376 3.95244 4.27808 4.6154 4.96537 5.32911 5.70789 6.10317 6.51665 6.95032 7.40652 7.88805 8.3983 8.94138 9.52243 10.148 10.8264 11.5689 12.3908 13.3139 14.3715 15.6168 
-0.143168 0.0705491 0.288751 0.511654 0.739489 0.972508 1.21098 1.4552 1.7055 1.9622 2.2257 2.49642 2.7748 3.06135 3.35663 3.66125 3.97591 4.30136 4.63849 4.98826 5.35178 5.73034 6.12539 6.53863 6.97205 7.42798 7.90924 8.41918 8.96195 9.54267 10.1678 10.8459 11.5879 12.4093 13.332 14.3889 15.6335 
-0.26469 -0.0503878 0.16841 0.391922 0.62038 0.854036 1.09316 1.33805 1.58903 1.84643 2.11066 2.38211 2.66125 2.94858 3.24467 3.55012 3.86564 4.19198 4.53003 4.88075 5.24528 5.62487 6.02099 6.43536 6.86997 7.32715 7.80972 8.32106 8.8653 9.44761 10.0745 10.7544 11.4984 12.3221 13.2473 14.3071 15.5551 
-0.273449 -0.0591056 0.159736 0.383291 0.611794 0.845496 1.08467 1.32961 1.58063 1.83809 2.10236 2.37387 2.65307 2.94046 3.2366 3.54211 3.85769 4.1841 4.52221 4.87301 5.2376 5.61726 6.01347 6.42792 6.86261 7.31988 7.80254 8.31398 8.85834 9.44076 10.0678 10.7478 11.492 12.3158 13.2412 14.3012 15.5494 
-0.26469 -0.0503878 0.16841 0.391922 0.62038 0.854036 1.09316 1.33805 1.58903 1.84643 2.11066 2.38211 2.66125 2.94858 3.24467 3.55012 3.86564 4.19198 4.53003 4.88075 5.24528 5.62487 6.02099 6.43536 6.86997 7.32715 7.80972 8.32106 8.8653 9.44761 10.0745 10.7544 11.4984 12.3221 13.2473 14.3071 15.5551 
-0.238475 -0.024299 0.194371 0.417751 0.646075 0.879593 1.11858 1.36332 1.61415 1.87141 2.13548 2.40677 2.68575 2.97291 3.26882 3.5741 3.88943 4.21558 4.55343 4.90395 5.26825 5.64762 6.04352 6.45764 6.89199 7.3489 7.83119 8.34222 8.88615 9.46812 10.0946 10.7741 11.5177 12.3409 13.2655 14.3247 15.572 
-0.229757 -0.0156234 0.203003 0.42634 0.654619 0.888092 1.12703 1.37173 1.62251 1.87971 2.14373 2.41497 2.69389 2.981 3.27685 3.58207 3.89734 4.22343 4.56121 4.91166 5.27589 5.65518 6.051 6.46505 6.89931 7.35613 7.83833 8.34926 8.89309 9.47493 10.1013 10.7807 11.5242 12.3472 13.2716 14.3306 15.5776 
-0.229757 -0.0156234 0.203003 0.42634 0.654619 0.888092 1.12703 1.37173 1.62251 1.87971 2.14373 2.41497 2.69389 2.981 3.27685 3.58207 3.89734 4.22343 4.56121 4.91166 5.27589 5.65518 6.051 6.46505 6.89931 7.35613 7.83833 8.34926 8.89309 9.47493 10.1013 10.7807 11.5242 12.3472 13.2716 14.3306 15.5776 
-0.212356 0.00169486 0.220237 0.443486 0.671676 0.905057 1.1439 1.3885 1.63918 1.89629 2.1602 2.43134 2.71015 2.99715 3.29289 3.59798 3.91313 4.23909 4.57674 4.92705 5.29114 5.67029 6.06595 6.47984 6.91393 7.37057 7.85258 8.36331 8.90693 9.48855 10.1147 10.7938 11.537 12.3597 13.2837 14.3423 15.5889 
-0.186331 0.0275945 0.246008 0.469127 0.697183 0.930429 1.16913 1.41359 1.66413 1.92108 2.18484 2.45582 2.73447 3.0213 3.31686 3.62178 3.93674 4.26251 4.59996 4.95007 5.31395 5.69288 6.08831 6.50195 6.93579 7.39217 7.87389 8.38433 8.92762 9.5089 10.1347 10.8134 11.5561 12.3783 13.3019 14.3598 15.6056 
-0.186331 0.0275945 0.246008 0.469127 0.697183 0.930429 1.16913 1.41359 1.66413 1.92108 2.18484 2.45582 2.73447 3.0213 3.31686 3.62178 3.93674 4.26251 4.59996 4.95007 5.31395 5.69288 6.08831 6.50195 6.93579 7.39217 7.87389 8.38433 8.92762 9.5089 10.1347 10.8134 11.5561 12.3783 13.3019 14.3598 15.6056 
-0.186331 0.0275945 0.246008 0.469127 0.697183 0.930429 1.16913 1.41359 1.66413 1.92108 2.18484 2.45582 2.73447 3.0213 3.31686 3.62178 3.93674 4.26251 4.59996 4.95007 5.31395 5.69288 6.08831 6.50195 6.93579 7.39217 7.87389 8.38433 8.92762 9.5089 10.1347 10.8134 11.5561 12.3783 13.3019 14.3598 15.6056 
-0.186331 0.0275945 0.246008 0.469127 0.697183 0.930429 1.16913 1.41359 1.66413 1.92108 2.18484 2.45582 2.73447 3.0213 3.31686 3.62178 3.93674 4.26251 4.59996 4.95007 5.31395 5.69288 6.08831 6.50195 6.93579 7.39217 7.87389 8.38433 8.92762 9.5089 10.1347 10.8134 11.5561 12.3783 13.3019 14.3598 15.6056 
-0.22105 -0.00695855 0.211626 0.434919 0.663153 0.89658 1.13547 1.38012 1.63085 1.88801 2.15197 2.42316 2.70203 2.98908 3.28488 3.59003 3.90524 4.23126 4.56898 4.91936 5.28352 5.66274 6.05848 6.47245 6.90662 7.36336 7.84546 8.35629 8.90001 9.48175 10.108 10.7872 11.5306 12.3534 13.2777 14.3364 15.5832 
-0.194995 0.0189714 0.237428 0.46059 0.688691 0.921981 1.16073 1.40524 1.65582 1.91283 2.17664 2.44767 2.72637 3.01326 3.30888 3.61386 3.92888 4.25471 4.59223 4.94241 5.30636 5.68536 6.08087 6.49459 6.92851 7.38498 7.86679 8.37733 8.92073 9.50213 10.128 10.8068 11.5498 12.3721 13.2958 14.354 15.6001 
-0.169035 0.0448071 0.263136 0.486168 0.714136 0.947291 1.1859 1.43027 1.6807 1.93756 2.20122 2.47209 2.75063 3.03735 3.3328 3.6376 3.95244 4.27808 4.6154 4.96537 5.32911 5.70789 6.10317 6.51665 6.95032 7.40652 7.88805 8.3983 8.94138 9.52243 10.148 10.8264 11.5689 12.3908 13.3139 14.3715 15.6168 
-0.169035 0.0448071 0.263136 0.486168 0.714136 0.947291 1.1859 1.43027 1.6807 1.93756 2.20122 2.47209 2.75063 3.03735 3.3328 3.6376 3.95244 4.27808 4.6154 4.96537 5.32911 5.70789 6.10317 6.51665 6.95032 7.40652 7.88805 8.3983 8.94138 9.52243 10.148 10.8264 11.5689 12.3908 13.3139 14.3715 15.6168 
-0.177678 0.0362055 0.254577 0.477652 0.705665 0.938864 1.17752 1.42194 1.67242 1.92933 2.19303 2.46396 2.74255 3.02933 3.32483 3.62969 3.94459 4.2703 4.60769 4.95773 5.32154 5.70039 6.09574 6.5093 6.94306 7.39935 7.88098 8.39132 8.9345 9.51567 10.1413 10.8199 11.5625 12.3845 13.3079 14.3656 15.6112 
-0.177678 0.0362055 0.254577 0.477652 0.705665 0.938864 1.17752 1.42194 1.67242 1.92933 2.19303 2.46396 2.74255 3.02933 3.32483 3.62969 3.94459 4.2703 4.60769 4.95773 5.32154 5.70039 6.09574 6.5093 6.94306 7.39935 7.88098 8.39132 8.9345 9.51567 10.1413 10.8199 11.5625 12.3845 13.3079 14.3656 15.6112 
-0.143168 0.0705491 0.288751 0.511654 0.739489 0.972508 1.21098 1.4552 1.7055 1.9622 2.2257 2.49642 2.7748 3.06135 3.35663 3.66125 3.97591 4.30136 4.63849 4.98826 5.35178 5.73034 6.12539 6.53863 6.97205 7.42798 7.90924 8.41918 8.96195 9.54267 10.1678 10.8459 11.5879 12.4093 13.332 14.3889 15.6335 
-0.15178 0.0619789 0.280224 0.503169 0.731048 0.964112 1.20263 1.4469 1.69724 1.954 2.21755 2.48832 2.76675 3.05336 3.34869 3.65338 3.96809 4.29361 4.6308 4.98064 5.34423 5.72286 6.11799 6.53131 6.96481 7.42084 7.90218 8.41223 8.9551 9.53593 10.1612 10.8394 11.5816 12.4031 13.326 14.3831 15.6279 
-0.15178 0.0619789 0.280224 0.503169 0.731048 0.964112 1.20263 1.4469 1.69724 1.954 2.21755 2.48832 2.76675 3.05336 3.34869 3.65338 3.96809 4.29361 4.6308 4.98064 5.34423 5.72286 6.11799 6.53131 6.96481 7.42084 7.90218 8.41223 8.9551 9.53593 10.1612 10.8394 11.5816 12.4031 13.326 14.3831 15.6279 
-0.143168 0.0705491 0.288751 0.511654 0.739489 0.972508 1.21098 1.4552 1.7055 1.9622 2.2257 2.49642 2.7748 3.06135 3.35663 3.66125 3.97591 4.30136 4.63849 4.98826 5.35178 5.73034 6.12539 6.53863 6.97205 7.42798 7.90924 8.41918 8.96195 9.54267 10.1678 10.8459 11.5879 12.4093 13.332 14.3889 15.6335 
-0.125977 0.0876586 0.305776 0.528593 0.756339 0.989268 1.22765 1.47178 1.72197 1.97858 2.24198 2.51259 2.79086 3.0773 3.37247 3.67697 3.99151 4.31684 4.65383 5.00346 5.36685 5.74526 6.14016 6.55324 6.98649 7.44225 7.92332 8.43306 8.97562 9.55611 10.181 10.8588 11.6006 12.4217 13.344 14.4004 15.6446 
-0.15178 0.0619789 0.280224 0.503169 0.731048 0.964112 1.20263 1.4469 1.69724 1.954 2.21755 2.48832 2.76675 3.05336 3.34869 3.65338 3.96809 4.29361 4.6308 4.98064 5.34423 5.72286 6.11799 6.53131 6.96481 7.42084 7.90218 8.41223 8.9551 9.53593 10.1612 10.8394 11.5816 12.4031 13.326 14.3831 15.6279 
-0.134568 0.0791087 0.297269 0.520128 0.747919 0.980894 1.21932 1.4635 1.71374 1.9704 2.23385 2.50451 2.78284 3.06933 3.36455 3.66912 3.98371 4.3091 4.64616 4.99586 5.35932 5.7378 6.13278 6.54594 6.97927 7.43512 7.91628 8.42613 8.96879 9.54939 10.1744 10.8523 11.5942 12.4155 13.338 14.3947 15.6391 
-0.125977 0.0876586 0.305776 0.528593 0.756339 0.989268 1.22765 1.47178 1.72197 1.97858 2.24198 2.51259 2.79086 3.0773 3.37247 3.67697 3.99151 4.31684 4.65383 5.00346 5.36685 5.74526 6.14016 6.55324 6.98649 7.44225 7.92332 8.43306 8.97562 9.55611 10.181 10.8588 11.6006 12.4217 13.344 14.4004 15.6446 
-0.134568 0.0791087 0.297269 0.520128 0.747919 0.980894 1.21932 1.4635 1.71374 1.9704 2.23385 2.50451 2.78284 3.06933 3.36455 3.66912 3.98371 4.3091 4.64616 4.99586 5.35932 5.7378 6.13278 6.54594 6.97927 7.43512 7.91628 8.42613 8.96879 9.54939 10.1744 10.8523 11.5942 12.4155 13.338 14.3947 15.6391 
-0.134568 0.0791087 0.297269 0.520128 0.747919 0.980894 1.21932 1.4635 1.71374 1.9704 2.23385 2.50451 2.78284 3.06933 3.36455 3.66912 3.98371 4.3091 4.64616 4.99586 5.35932 5.7378 6.13278 6.54594 6.97927 7.43512 7.91628 8.42613 8.96879 9.54939 10.1744 10.8523 11.5942 12.4155 13.338 14.3947 15.6391 
-0.134568 0.0791087 0.297269 0.520128 0.747919 0.980894 1.21932 1.4635 1.71374 1.9704 2.23385 2.50451 2.78284 3.06933 3.36455 3.66912 3.98371 4.3091 4.64616 4.99586 5.35932 5.7378 6.13278 6.54594 6.97927 7.43512 7.91628 8.42613 8.96879 9.54939 10.1744 10.8523 11.5942 12.4155 13.338 14.3947 15.6391 
-0.125977 0.0876586 0.305776 0.528593 0.756339 0.989268 1.22765 1.47178 1.72197 1.97858 2.24198 2.51259 2.79086 3.0773 3.37247 3.67697 3.99151 4.31684 4.65383 5.00346 5.36685 5.74526 6.14016 6.55324 6.98649 7.44225 7.92332 8.43306 8.97562 9.55611 10.181 10.8588 11.6006 12.4217 13.344 14.4004 15.6446 
-0.125977 0.0876586 0.305776 0.528593 0.756339 0.989268 1.22765 1.47178 1.72197 1.97858 2.24198 2.51259 2.79086 3.0773 3.37247 3.67697 3.99151 4.31684 4.65383 5.00346 5.36685 5.74526 6.14016 6.55324 6.98649 7.44225 7.92332 8.43306 8.97562 9.55611 10.181 10.8588 11.6006 12.4217 13.344 14.4004 15.6446 
-0.15178 0.0619789 0.280224 0.503169 0.731048 0.964112 1.20263 1.4469 1.69724 1.954 2.21755 2.48832 2.76675 3.05336 3.34869 3.65338 3.96809 4.29361 4.6308 4.98064 5.34423 5.72286 6.11799 6.53131 6.96481 7.42084 7.90218 8.41223 8.9551 9.53593 10.1612 10.8394 11.5816 12.4031 13.326 14.3831 15.6279 
-0.169035 0.0448071 0.263136 0.486168 0.714136 0.947291 1.1859 1.43027 1.6807 1.93756 2.20122 2.47209 2.75063 3.03735 3.3328 3.6376 3.95244 4.27808 4.6154 4.96537 5.32911 5.70789 6.10317 6.51665 6.95032 7.40652 7.88805 8.3983 8.94138 9.52243 10.148 10.8264 11.5689 12.3908 13.3139 14.3715 15.6168 
-0.177678 0.0362055 0.254577 0.477652 0.705665 0.938864 1.17752 1.42194 1.67242 1.92933 2.19303 2.46396 2.74255 3.02933 3.32483 3.62969 3.94459 4.2703 4.60769 4.95773 5.32154 5.70039 6.09574 6.5093 6.94306 7.39935 7.88098 8.39132 8.9345 9.51567 10.1413 10.8199 11.5625 12.3845 13.3079 14.3656 15.6112 
-0.169035 0.0448071 0.263136 0.486168 0.714136 0.947291 1.1859 1.43027 1.6807 1.93756 2.20122 2.47209 2.75063 3.03735 3.3328 3.6376 3.95244 4.27808 4.6154 4.96537 5.32911 5.70789 6.10317 6.51665 6.95032 7.40652 7.88805 8.3983 8.94138 9.52243 10.148 10.8264 11.5689 12.3908 13.3139 14.3715 15.6168 
-0.160402 0.0533985 0.271685 0.494674 0.722598 0.955707 1.19427 1.43859 1.68898 1.94578 2.20939 2.48021 2.7587 3.04536 3.34075 3.64549 3.96027 4.28585 4.62311 4.97301 5.33668 5.71538 6.11058 6.52398 6.95757 7.41368 7.89512 8.40527 8.94824 9.52919 10.1546 10.8329 11.5752 12.3969 13.32 14.3773 15.6224 
-0.160402 0.0533985 0.271685 0.494674 0.722598 0.955707 1.19427 1.43859 1.68898 1.94578 2.20939 2.48021 2.7587 3.04536 3.34075 3.64549 3.96027 4.28585 4.62311 4.97301 5.33668 5.71538 6.11058 6.52398 6.95757 7.41368 7.89512 8.40527 8.94824 9.52919 10.1546 10.8329 11.5752 12.3969 13.32 14.3773 15.6224 
-0.273449 -0.0591056 0.159736 0.383291 0.611794 0.845496 1.08467 1.32961 1.58063 1.83809 2.10236 2.37387 2.65307 2.94046 3.2366 3.54211 3.85769 4.1841 4.52221 4.87301 5.2376 5.61726 6.01347 6.42792 6.86261 7.31988 7.80254 8.31398 8.85834 9.44076 10.0678 10.7478 11.492 12.3158 13.2412 14.3012 15.5494 
-0.299794 -0.085323 0.133647 0.357334 0.585972 0.819812 1.05913 1.30421 1.55538 1.81299 2.07742 2.34909 2.62845 2.91601 3.21233 3.51802 3.83379 4.16039 4.4987 4.8497 5.21451 5.5944 5.99084 6.40553 6.84048 7.29802 7.78097 8.29271 8.83739 9.42015 10.0475 10.7279 11.4726 12.2969 13.2228 14.2834 15.5324 
-0.273449 -0.0591056 0.159736 0.383291 0.611794 0.845496 1.08467 1.32961 1.58063 1.83809 2.10236 2.37387 2.65307 2.94046 3.2366 3.54211 3.85769 4.1841 4.52221 4.87301 5.2376 5.61726 6.01347 6.42792 6.86261 7.31988 7.80254 8.31398 8.85834 9.44076 10.0678 10.7478 11.492 12.3158 13.2412 14.3012 15.5494 
-0.28222 -0.0678341 0.15105 0.37465 0.603197 0.836945 1.07616 1.32115 1.57222 1.82973 2.09406 2.36562 2.64487 2.93232 3.22852 3.53409 3.84973 4.17621 4.51438 4.86525 5.22991 5.60965 6.00594 6.42047 6.85524 7.3126 7.79536 8.3069 8.85136 9.4339 10.061 10.7412 11.4855 12.3095 13.235 14.2953 15.5438 
-0.229757 -0.0156234 0.203003 0.42634 0.654619 0.888092 1.12703 1.37173 1.62251 1.87971 2.14373 2.41497 2.69389 2.981 3.27685 3.58207 3.89734 4.22343 4.56121 4.91166 5.27589 5.65518 6.051 6.46505 6.89931 7.35613 7.83833 8.34926 8.89309 9.47493 10.1013 10.7807 11.5242 12.3472 13.2716 14.3306 15.5776 
-0.212356 0.00169486 0.220237 0.443486 0.671676 0.905057 1.1439 1.3885 1.63918 1.89629 2.1602 2.43134 2.71015 2.99715 3.29289 3.59798 3.91313 4.23909 4.57674 4.92705 5.29114 5.67029 6.06595 6.47984 6.91393 7.37057 7.85258 8.36331 8.90693 9.48855 10.1147 10.7938 11.537 12.3597 13.2837 14.3423 15.5889 
-0.238475 -0.024299 0.194371 0.417751 0.646075 0.879593 1.11858 1.36332 1.61415 1.87141 2.13548 2.40677 2.68575 2.97291 3.26882 3.5741 3.88943 4.21558 4.55343 4.90395 5.26825 5.64762 6.04352 6.45764 6.89199 7.3489 7.83119 8.34222 8.88615 9.46812 10.0946 10.7741 11.5177 12.3409 13.2655 14.3247 15.572 
-0.212356 0.00169486 0.220237 0.443486 0.671676 0.905057 1.1439 1.3885 1.63918 1.89629 2.1602 2.43134 2.71015 2.99715 3.29289 3.59798 3.91313 4.23909 4.57674 4.92705 5.29114 5.67029 6.06595 6.47984 6.91393 7.37057 7.85258 8.36331 8.90693 9.48855 10.1147 10.7938 11.537 12.3597 13.2837 14.3423 15.5889 
-0.212356 0.00169486 0.220237 0.443486 0.671676 0.905057 1.1439 1.3885 1.63918 1.89629 2.1602 2.43134 2.71015 2.99715 3.29289 3.59798 3.91313 4.23909 4.57674 4.92705 5.29114 5.67029 6.06595 6.47984 6.91393 7.37057 7.85258 8.36331 8.90693 9.48855 10.1147 10.7938 11.537 12.3597 13.2837 14.3423 15.5889 
-0.212356 0.00169486 0.220237 0.443486 0.671676 0.905057 1.1439 1.3885 1.63918 1.89629 2.1602 2.43134 2.71015 2.99715 3.29289 3.59798 3.91313 4.23909 4.57674 4.92705 5.29114 5.67029 6.06595 6.47984 6.91393 7.37057 7.85258 8.36331 8.90693 9.48855 10.1147 10.7938 11.537 12.3597 13.2837 14.3423 15.5889 
-0.194995 0.0189714 0.237428 0.46059 0.688691 0.921981 1.16073 1.40524 1.65582 1.91283 2.17664 2.44767 2.72637 3.01326 3.30888 3.61386 3.92888 4.25471 4.59223 4.94241 5.30636 5.68536 6.08087 6.49459 6.92851 7.38498 7.86679 8.37733 8.92073 9.50213 10.128 10.8068 11.5498 12.3721 13.2958 14.354 15.6001 
-0.247201 -0.0329835 0.185729 0.409152 0.637521 0.871085 1.11012 1.35491 1.60579 1.86309 2.12721 2.39856 2.67759 2.96481 3.26078 3.56612 3.88151 4.20773 4.54564 4.89623 5.2606 5.64004 6.03602 6.45022 6.88466 7.34166 7.82404 8.33518 8.87921 9.46129 10.0879 10.7675 11.5113 12.3346 13.2595 14.3188 15.5664 
-0.20367 0.0103384 0.228837 0.452043 0.680188 0.913524 1.15232 1.39688 1.64751 1.90457 2.16843 2.43951 2.71827 3.00521 3.30089 3.60592 3.92101 4.24691 4.58449 4.93473 5.29876 5.67783 6.07341 6.48722 6.92122 7.37778 7.85969 8.37033 8.91383 9.49534 10.1214 10.8003 11.5434 12.3659 13.2898 14.3481 15.5945 
-0.194995 0.0189714 0.237428 0.46059 0.688691 0.921981 1.16073 1.40524 1.65582 1.91283 2.17664 2.44767 2.72637 3.01326 3.30888 3.61386 3.92888 4.25471 4.59223 4.94241 5.30636 5.68536 6.08087 6.49459 6.92851 7.38498 7.86679 8.37733 8.92073 9.50213 10.128 10.8068 11.5498 12.3721 13.2958 14.354 15.6001 
-0.15178 0.0619789 0.280224 0.503169 0.731048 0.964112 1.20263 1.4469 1.69724 1.954 2.21755 2.48832 2.76675 3.05336 3.34869 3.65338 3.96809 4.29361 4.6308 4.98064 5.34423 5.72286 6.11799 6.53131 6.96481 7.42084 7.90218 8.41223 8.9551 9.53593 10.1612 10.8394 11.5816 12.4031 13.326 14.3831 15.6279 
-0.186331 0.0275945 0.246008 0.469127 0.697183 0.930429 1.16913 1.41359 1.66413 1.92108 2.18484 2.45582 2.73447 3.0213 3.31686 3.62178 3.93674 4.26251 4.59996 4.95007 5.31395 5.69288 6.08831 6.50195 6.93579 7.39217 7.87389 8.38433 8.92762 9.5089 10.1347 10.8134 11.5561 12.3783 13.3019 14.3598 15.6056 
-0.20367 0.0103384 0.228837 0.452043 0.680188 0.913524 1.15232 1.39688 1.64751 1.90457 2.16843 2.43951 2.71827 3.00521 3.30089 3.60592 3.92101 4.24691 4.58449 4.93473 5.29876 5.67783 6.07341 6.48722 6.92122 7.37778 7.85969 8.37033 8.91383 9.49534 10.1214 10.8003 11.5434 12.3659 13.2898 14.3481 15.5945 
-0.186331 0.0275945 0.246008 0.469127 0.697183 0.930429 1.16913 1.41359 1.66413 1.92108 2.18484 2.45582 2.73447 3.0213 3.31686 3.62178 3.93674 4.26251 4.59996 4.95007 5.31395 5.69288 6.08831 6.50195 6.93579 7.39217 7.87389 8.38433 8.92762 9.5089 10.1347 10.8134 11.5561 12.3783 13.3019 14.3598 15.6056 
-0.15178 0.0619789 0.280224 0.503169 0.731048 0.964112 1.20263 1.4469 1.69724 1.954 2.21755 2.48832 2.76675 3.05336 3.34869 3.65338 3.96809 4.29361 4.6308 4.98064 5.34423 5.72286 6.11799 6.53131 6.96481 7.42084 7.90218 8.41223 8.9551 9.53593 10.1612 10.8394 11.5816 12.4031 13.326 14.3831 15.6279 
-0.169035 0.0448071 0.263136 0.486168 0.714136 0.947291 1.1859 1.43027 1.6807 1.93756 2.20122 2.47209 2.75063 3.03735 3.3328 3.6376 3.95244 4.27808 4.6154 4.96537 5.32911 5.70789 6.10317 6.51665 6.95032 7.40652 7.88805 8.3983 8.94138 9.52243 10.148 10.8264 11.5689 12.3908 13.3139 14.3715 15.6168 
-0.134568 0.0791087 0.297269 0.520128 0.747919 0.980894 1.21932 1.4635 1.71374 1.9704 2.23385 2.50451 2.78284 3.06933 3.36455 3.66912 3.98371 4.3091 4.64616 4.99586 5.35932 5.7378 6.13278 6.54594 6.97927 7.43512 7.91628 8.42613 8.96879 9.54939 10.1744 10.8523 11.5942 12.4155 13.338 14.3947 15.6391 
-0.125977 0.0876586 0.305776 0.528593 0.756339 0.989268 1.22765 1.47178 1.72197 1.97858 2.24198 2.51259 2.79086 3.0773 3.37247 3.67697 3.99151 4.31684 4.65383 5.00346 5.36685 5.74526 6.14016 6.55324 6.98649 7.44225 7.92332 8.43306 8.97562 9.55611 10.181 10.8588 11.6006 12.4217 13.344 14.4004 15.6446 
-0.125977 0.0876586 0.305776 0.528593 0.756339 0.989268 1.22765 1.47178 1.72197 1.97858 2.24198 2.51259 2.79086 3.0773 3.37247 3.67697 3.99151 4.31684 4.65383 5.00346 5.36685 5.74526 6.14016 6.55324 6.98649 7.44225 7.92332 8.43306 8.97562 9.55611 10.181 10.8588 11.6006 12.4217 13.344 14.4004 15.6446 
-0.117396 0.0961972 0.314273 0.537046 0.76475 0.997634 1.23597 1.48005 1.7302 1.98676 2.2501 2.52066 2.79888 3.08527 3.38037 3.68482 3.99929 4.32456 4.66149 5.01105 5.37437 5.75271 6.14753 6.56053 6.99369 7.44937 7.93034 8.43999 8.98244 9.56283 10.1876 10.8653 11.6069 12.4278 13.3499 14.4062 15.6501 
-0.108826 0.104726 0.32276 0.54549 0.773149 1.00599 1.24428 1.48831 1.73841 1.99492 2.25822 2.52872 2.80689 3.09322 3.38827 3.69266 4.00707 4.33227 4.66914 5.01863 5.38188 5.76015 6.15489 6.56781 7.00089 7.45648 7.93736 8.44691 8.98926 9.56953 10.1942 10.8717 11.6132 12.434 13.3559 14.412 15.6557 
-0.125977 0.0876586 0.305776 0.528593 0.756339 0.989268 1.22765 1.47178 1.72197 1.97858 2.24198 2.51259 2.79086 3.0773 3.37247 3.67697 3.99151 4.31684 4.65383 5.00346 5.36685 5.74526 6.14016 6.55324 6.98649 7.44225 7.92332 8.43306 8.97562 9.55611 10.181 10.8588 11.6006 12.4217 13.344 14.4004 15.6446 
-0.125977 0.0876586 0.305776 0.528593 0.756339 0.989268 1.22765 1.47178 1.72197 1.97858 2.24198 2.51259 2.79086 3.0773 3.37247 3.67697 3.99151 4.31684 4.65383 5.00346 5.36685 5.74526 6.14016 6.55324 6.98649 7.44225 7.92332 8.43306 8.97562 9.55611 10.181 10.8588 11.6006 12.4217 13.344 14.4004 15.6446 
-0.117396 0.0961972 0.314273 0.537046 0.76475 0.997634 1.23597 1.48005 1.7302 1.98676 2.2501 2.52066 2.79888 3.08527 3.38037 3.68482 3.99929 4.32456 4.66149 5.01105 5.37437 5.75271 6.14753 6.56053 6.99369 7.44937 7.93034 8.43999 8.98244 9.56283 10.1876 10.8653 11.6069 12.4278 13.3499 14.4062 15.6501 
-0.134568 0.0791087 0.297269 0.520128 0.747919 0.980894 1.21932 1.4635 1.71374 1.9704 2.23385 2.50451 2.78284 3.06933 3.36455 3.66912 3.98371 4.3091 4.64616 4.99586 5.35932 5.7378 6.13278 6.54594 6.97927 7.43512 7.91628 8.42613 8.96879 9.54939 10.1744 10.8523 11.5942 12.4155 13.338 14.3947 15.6391 
-0.160402 0.0533985 0.271685 0.494674 0.722598 0.955707 1.19427 1.43859 1.68898 1.94578 2.20939 2.48021 2.7587 3.04536 3.34075 3.64549 3.96027 4.28585 4.62311 4.97301 5.33668 5.71538 6.11058 6.52398 6.95757 7.41368 7.89512 8.40527 8.94824 9.52919 10.1546 10.8329 11.5752 12.3969 13.32 14.3773 15.6224 
-0.169035 0.0448071 0.263136 0.486168 0.714136 0.947291 1.1859 1.43027 1.6807 1.93756 2.20122 2.47209 2.75063 3.03735 3.3328 3.6376 3.95244 4.27808 4.6154 4.96537 5.32911 5.70789 6.10317 6.51665 6.95032 7.40652 7.88805 8.3983 8.94138 9.52243 10.148 10.8264 11.5689 12.3908 13.3139 14.3715 15.6168 
-0.169035 0.0448071 0.263136 0.486168 0.714136 0.947291 1.1859 1.43027 1.6807 1.93756 2.20122 2.47209 2.75063 3.03735 3.3328 3.6376 3.95244 4.27808 4.6154 4.96537 5.32911 5.70789 6.10317 6.51665 6.95032 7.40652 7.88805 8.3983 8.94138 9.52243 10.148 10.8264 11.5689 12.3908 13.3139 14.3715 15.6168 
-0.169035 0.0448071 0.263136 0.486168 0.714136 0.947291 1.1859 1.43027 1.6807 1.93756 2.20122 2.47209 2.75063 3.03735 3.3328 3.6376 3.95244 4.27808 4.6154 4.96537 5.32911 5.70789 6.10317 6.51665 6.95032 7.40652 7.88805 8.3983 8.94138 9.52243 10.148 10.8264 11.5689 12.3908 13.3139 14.3715 15.6168 
-0.15178 0.0619789 0.280224 0.503169 0.731048 0.964112 1.20263 1.4469 1.69724 1.954 2.21755 2.48832 2.76675 3.05336 3.34869 3.65338 3.96809 4.29361 4.6308 4.98064 5.34423 5.72286 6.11799 6.53131 6.96481 7.42084 7.90218 8.41223 8.9551 9.53593 10.1612 10.8394 11.5816 12.4031 13.326 14.3831 15.6279 
-0.15178 0.0619789 0.280224 0.503169 0.731048 0.964112 1.20263 1.4469 1.69724 1.954 2.21755 2.48832 2.76675 3.05336 3.34869 3.65338 3.96809 4.29361 4.6308 4.98064 5.34423 5.72286 6.11799 6.53131 6.96481 7.42084 7.90218 8.41223 8.9551 9.53593 10.1612 10.8394 11.5816 12.4031 13.326 14.3831 15.6279 
-0.15178 0.0619789 0.280224 0.503169 0.731048 0.964112 1.20263 1.4469 1.69724 1.954 2.21755 2.48832 2.76675 3.05336 3.34869 3.65338 3.96809 4.29361 4.6308 4.98064 5.34423 5.72286 6.11799 6.53131 6.96481 7.42084 7.90218 8.41223 8.9551 9.53593 10.1612 10.8394 11.5816 12.4031 13.326 14.3831 15.6279 
-0.299794 -0.085323 0.133647 0.357334 0.585972 0.819812 1.05913 1.30421 1.55538 1.81299 2.07742 2.34909 2.62845 2.91601 3.21233 3.51802 3.83379 4.16039 4.4987 4.8497 5.21451 5.5944 5.99084 6.40553 6.84048 7.29802 7.78097 8.29271 8.83739 9.42015 10.0475 10.7279 11.4726 12.2969 13.2228 14.2834 15.5324 
-0.291002 -0.0765732 0.142354 0.365997 0.59459 0.828384 1.06765 1.31268 1.56381 1.82137 2.08575 2.35736 2.63666 2.92417 3.22043 3.52606 3.84176 4.1683 4.50655 4.85748 5.22221 5.60203 5.99839 6.41301 6.84786 7.30532 7.78817 8.29981 8.84438 9.42703 10.0543 10.7346 11.4791 12.3032 13.2289 14.2893 15.5381 
-0.299794 -0.085323 0.133647 0.357334 0.585972 0.819812 1.05913 1.30421 1.55538 1.81299 2.07742 2.34909 2.62845 2.91601 3.21233 3.51802 3.83379 4.16039 4.4987 4.8497 5.21451 5.5944 5.99084 6.40553 6.84048 7.29802 7.78097 8.29271 8.83739 9.42015 10.0475 10.7279 11.4726 12.2969 13.2228 14.2834 15.5324 
-0.317412 -0.102856 0.116201 0.339976 0.568704 0.802636 1.04204 1.28722 1.5385 1.79621 2.06074 2.33252 2.61199 2.89966 3.1961 3.50191 3.8178 4.14453 4.48298 4.83412 5.19907 5.57911 5.9757 6.39056 6.82568 7.2834 7.76654 8.27848 8.82338 9.40637 10.034 10.7147 11.4596 12.2843 13.2105 14.2716 15.5211 
-0.308596 -0.0940844 0.12493 0.348661 0.577344 0.81123 1.05059 1.29572 1.54694 1.80461 2.06909 2.34081 2.62022 2.90784 3.20422 3.50997 3.8258 4.15247 4.49084 4.84191 5.20679 5.58676 5.98328 6.39805 6.83308 7.29072 7.77376 8.2856 8.83039 9.41327 10.0408 10.7213 11.4661 12.2906 13.2167 14.2775 15.5268 
-0.247201 -0.0329835 0.185729 0.409152 0.637521 0.871085 1.11012 1.35491 1.60579 1.86309 2.12721 2.39856 2.67759 2.96481 3.26078 3.56612 3.88151 4.20773 4.54564 4.89623 5.2606 5.64004 6.03602 6.45022 6.88466 7.34166 7.82404 8.33518 8.87921 9.46129 10.0879 10.7675 11.5113 12.3346 13.2595 14.3188 15.5664 
-0.247201 -0.0329835 0.185729 0.409152 0.637521 0.871085 1.11012 1.35491 1.60579 1.86309 2.12721 2.39856 2.67759 2.96481 3.26078 3.56612 3.88151 4.20773 4.54564 4.89623 5.2606 5.64004 6.03602 6.45022 6.88466 7.34166 7.82404 8.33518 8.87921 9.46129 10.0879 10.7675 11.5113 12.3346 13.2595 14.3188 15.5664 
-0.238475 -0.024299 0.194371 0.417751 0.646075 0.879593 1.11858 1.36332 1.61415 1.87141 2.13548 2.40677 2.68575 2.97291 3.26882 3.5741 3.88943 4.21558 4.55343 4.90395 5.26825 5.64762 6.04352 6.45764 6.89199 7.3489 7.83119 8.34222 8.88615 9.46812 10.0946 10.7741 11.5177 12.3409 13.2655 14.3247 15.572 
-0.229757 -0.0156234 0.203003 0.42634 0.654619 0.888092 1.12703 1.37173 1.62251 1.87971 2.14373 2.41497 2.69389 2.981 3.27685 3.58207 3.89734 4.22343 4.56121 4.91166 5.27589 5.65518 6.051 6.46505 6.89931 7.35613 7.83833 8.34926 8.89309 9.47493 10.1013 10.7807 11.5242 12.3472 13.2716 14.3306 15.5776 
-0.212356 0.00169486 0.220237 0.443486 0.671676 0.905057 1.1439 1.3885 1.63918 1.89629 2.1602 2.43134 2.71015 2.99715 3.29289 3.59798 3.91313 4.23909 4.57674 4.92705 5.29114 5.67029 6.06595 6.47984 6.91393 7.37057 7.85258 8.36331 8.90693 9.48855 10.1147 10.7938 11.537 12.3597 13.2837 14.3423 15.5889 
-0.212356 0.00169486 0.220237 0.443486 0.671676 0.905057 1.1439 1.3885 1.63918 1.89629 2.1602 2.43134 2.71015 2.99715 3.29289 3.59798 3.91313 4.23909 4.57674 4.92705 5.29114 5.67029 6.06595 6.47984 6.91393 7.37057 7.85258 8.36331 8.90693 9.48855 10.1147 10.7938 11.537 12.3597 13.2837 14.3423 15.5889 
-0.22105 -0.00695855 0.211626 0.434919 0.663153 0.89658 1.13547 1.38012 1.63085 1.88801 2.15197 2.42316 2.70203 2.98908 3.28488 3.59003 3.90524 4.23126 4.56898 4.91936 5.28352 5.66274 6.05848 6.47245 6.90662 7.36336 7.84546 8.35629 8.90001 9.48175 10.108 10.7872 11.5306 12.3534 13.2777 14.3364 15.5832 
-0.20367 0.0103384 0.228837 0.452043 0.680188 0.913524 1.15232 1.39688 1.64751 1.90457 2.16843 2.43951 2.71827 3.00521 3.30089 3.60592 3.92101 4.24691 4.58449 4.93473 5.29876 5.67783 6.07341 6.48722 6.92122 7.37778 7.85969 8.37033 8.91383 9.49534 10.1214 10.8003 11.5434 12.3659 13.2898 14.3481 15.5945 
-0.186331 0.0275945 0.246008 0.469127 0.697183 0.930429 1.16913 1.41359 1.66413 1.92108 2.18484 2.45582 2.73447 3.0213 3.31686 3.62178 3.93674 4.26251 4.59996 4.95007 5.31395 5.69288 6.08831 6.50195 6.93579 7.39217 7.87389 8.38433 8.92762 9.5089 10.1347 10.8134 11.5561 12.3783 13.3019 14.3598 15.6056 
-0.169035 0.0448071 0.263136 0.486168 0.714136 0.947291 1.1859 1.43027 1.6807 1.93756 2.20122 2.47209 2.75063 3.03735 3.3328 3.6376 3.95244 4.27808 4.6154 4.96537 5.32911 5.70789 6.10317 6.51665 6.95032 7.40652 7.88805 8.3983 8.94138 9.52243 10.148 10.8264 11.5689 12.3908 13.3139 14.3715 15.6168 
-0.186331 0.0275945 0.246008 0.469127 0.697183 0.930429 1.16913 1.41359 1.66413 1.92108 2.18484 2.45582 2.73447 3.0213 3.31686 3.62178 3.93674 4.26251 4.59996 4.95007 5.31395 5.69288 6.08831 6.50195 6.93579 7.39217 7.87389 8.38433 8.92762 9.5089 10.1347 10.8134 11.5561 12.3783 13.3019 14.3598 15.6056 
-0.194995 0.0189714 0.237428 0.46059 0.688691 0.921981 1.16073 1.40524 1.65582 1.91283 2.17664 2.44767 2.72637 3.01326 3.30888 3.61386 3.92888 4.25471 4.59223 4.94241 5.30636 5.68536 6.08087 6.49459 6.92851 7.38498 7.86679 8.37733 8.92073 9.50213 10.128 10.8068 11.5498 12.3721 13.2958 14.354 15.6001 
-0.186331 0.0275945 0.246008 0.469127 0.697183 0.930429 1.16913 1.41359 1.66413 1.92108 2.18484 2.45582 2.73447 3.0213 3.31686 3.62178 3.93674 4.26251 4.59996 4.95007 5.31395 5.69288 6.08831 6.50195 6.93579 7.39217 7.87389 8.38433 8.92762 9.5089 10.1347 10.8134 11.5561 12.3783 13.3019 14.3598 15.6056 
-0.194995 0.0189714 0.237428 0.46059 0.688691 0.921981 1.16073 1.40524 1.65582 1.91283 2.17664 2.44767 2.72637 3.01326 3.30888 3.61386 3.92888 4.25471 4.59223 4.94241 5.30636 5.68536 6.08087 6.49459 6.92851 7.38498 7.86679 8.37733 8.92073 9.50213 10.128 10.8068 11.5498 12.3721 13.2958 14.354 15.6001 
-0.186331 0.0275945 0.246008 0.469127 0.697183 0.930429 1.16913 1.41359 1.66413 1.92108 2.18484 2.45582 2.73447 3.0213 3.31686 3.62178 3.93674 4.26251 4.59996 4.95007 5.31395 5.69288 6.08831 6.50195 6.93579 7.39217 7.87389 8.38433 8.92762 9.5089 10.1347 10.8134 11.5561 12.3783 13.3019 14.3598 15.6056 
-0.160402 0.0533985 0.271685 0.494674 0.722598 0.955707 1.19427 1.43859 1.68898 1.94578 2.20939 2.48021 2.7587 3.04536 3.34075 3.64549 3.96027 4.28585 4.62311 4.97301 5.33668 5.71538 6.11058 6.52398 6.95757 7.41368 7.89512 8.40527 8.94824 9.52919 10.1546 10.8329 11.5752 12.3969 13.32 14.3773 15.6224 
-0.143168 0.0705491 0.288751 0.511654 0.739489 0.972508 1.21098 1.4552 1.7055 1.9622 2.2257 2.49642 2.7748 3.06135 3.35663 3.66125 3.97591 4.30136 4.63849 4.98826 5.35178 5.73034 6.12539 6.53863 6.97205 7.42798 7.90924 8.41918 8.96195 9.54267 10.1678 10.8459 11.5879 12.4093 13.332 14.3889 15.6335 
-0.134568 0.0791087 0.297269 0.520128 0.747919 0.980894 1.21932 1.4635 1.71374 1.9704 2.23385 2.50451 2.78284 3.06933 3.36455 3.66912 3.98371 4.3091 4.64616 4.99586 5.35932 5.7378 6.13278 6.54594 6.97927 7.43512 7.91628 8.42613 8.96879 9.54939 10.1744 10.8523 11.5942 12.4155 13.338 14.3947 15.6391 
-0.134568 0.0791087 0.297269 0.520128 0.747919 0.980894 1.21932 1.4635 1.71374 1.9704 2.23385 2.50451 2.78284 3.06933 3.36455 3.66912 3.98371 4.3091 4.64616 4.99586 5.35932 5.7378 6.13278 6.54594 6.97927 7.43512 7.91628 8.42613 8.96879 9.54939 10.1744 10.8523 11.5942 12.4155 13.338 14.3947 15.6391 
-0.134568 0.0791087 0.297269 0.520128 0.747919 0.980894 1.21932 1.4635 1.71374 1.9704 2.23385 2.50451 2.78284 3.06933 3.36455 3.66912 3.98371 4.3091 4.64616 4.99586 5.35932 5.7378 6.13278 6.54594 6.97927 7.43512 7.91628 8.42613 8.96879 9.54939 10.1744 10.8523 11.5942 12.4155 13.338 14.3947 15.6391 
-0.117396 0.0961972 0.314273 0.537046 0.76475 0.997634 1.23597 1.48005 1.7302 1.98676 2.2501 2.52066 2.79888 3.08527 3.38037 3.68482 3.99929 4.32456 4.66149 5.01105 5.37437 5.75271 6.14753 6.56053 6.99369 7.44937 7.93034 8.43999 8.98244 9.56283 10.1876 10.8653 11.6069 12.4278 13.3499 14.4062 15.6501 
-0.108826 0.104726 0.32276 0.54549 0.773149 1.00599 1.24428 1.48831 1.73841 1.99492 2.25822 2.52872 2.80689 3.09322 3.38827 3.69266 4.00707 4.33227 4.66914 5.01863 5.38188 5.76015 6.15489 6.56781 7.00089 7.45648 7.93736 8.44691 8.98926 9.56953 10.1942 10.8717 11.6132 12.434 13.3559 14.412 15.6557 
-0.117396 0.0961972 0.314273 0.537046 0.76475 0.997634 1.23597 1.48005 1.7302 1.98676 2.2501 2.52066 2.79888 3.08527 3.38037 3.68482 3.99929 4.32456 4.66149 5.01105 5.37437 5.75271 6.14753 6.56053 6.99369 7.44937 7.93034 8.43999 8.98244 9.56283 10.1876 10.8653 11.6069 12.4278 13.3499 14.4062 15.6501 
-0.125977 0.0876586 0.305776 0.528593 0.756339 0.989268 1.22765 1.47178 1.72197 1.97858 2.24198 2.51259 2.79086 3.0773 3.37247 3.67697 3.99151 4.31684 4.65383 5.00346 5.36685 5.74526 6.14016 6.55324 6.98649 7.44225 7.92332 8.43306 8.97562 9.55611 10.181 10.8588 11.6006 12.4217 13.344 14.4004 15.6446 
-0.15178 0.0619789 0.280224 0.503169 0.731048 0.964112 1.20263 1.4469 1.69724 1.954 2.21755 2.48832 2.76675 3.05336 3.34869 3.65338 3.96809 4.29361 4.6308 4.98064 5.34423 5.72286 6.11799 6.53131 6.96481 7.42084 7.90218 8.41223 8.9551 9.53593 10.1612 10.8394 11.5816 12.4031 13.326 14.3831 15.6279 
-0.169035 0.0448071 0.263136 0.486168 0.714136 0.947291 1.1859 1.43027 1.6807 1.93756 2.20122 2.47209 2.75063 3.03735 3.3328 3.6376 3.95244 4.27808 4.6154 4.96537 5.32911 5.70789 6.10317 6.51665 6.95032 7.40652 7.88805 8.3983 8.94138 9.52243 10.148 10.8264 11.5689 12.3908 13.3139 14.3715 15.6168 
-0.160402 0.0533985 0.271685 0.494674 0.722598 0.955707 1.19427 1.43859 1.68898 1.94578 2.20939 2.48021 2.7587 3.04536 3.34075 3.64549 3.96027 4.28585 4.62311 4.97301 5.33668 5.71538 6.11058 6.52398 6.95757 7.41368 7.89512 8.40527 8.94824 9.52919 10.1546 10.8329 11.5752 12.3969 13.32 14.3773 15.6224 
-0.15178 0.0619789 0.280224 0.503169 0.731048 0.964112 1.20263 1.4469 1.69724 1.954 2.21755 2.48832 2.76675 3.05336 3.34869 3.65338 3.96809 4.29361 4.6308 4.98064 5.34423 5.72286 6.11799 6.53131 6.96481 7.42084 7.90218 8.41223 8.9551 9.53593 10.1612 10.8394 11.5816 12.4031 13.326 14.3831 15.6279 
-0.134568 0.0791087 0.297269 0.520128 0.747919 0.980894 1.21932 1.4635 1.71374 1.9704 2.23385 2.50451 2.78284 3.06933 3.36455 3.66912 3.98371 4.3091 4.64616 4.99586 5.35932 5.7378 6.13278 6.54594 6.97927 7.43512 7.91628 8.42613 8.96879 9.54939 10.1744 10.8523 11.5942 12.4155 13.338 14.3947 15.6391 
-0.134568 0.0791087 0.297269 0.520128 0.747919 0.980894 1.21932 1.4635 1.71374 1.9704 2.23385 2.50451 2.78284 3.06933 3.36455 3.66912 3.98371 4.3091 4.64616 4.99586 5.35932 5.7378 6.13278 6.54594 6.97927 7.43512 7.91628 8.42613 8.96879 9.54939 10.1744 10.8523 11.5942 12.4155 13.338 14.3947 15.6391 
-0.143168 0.0705491 0.288751 0.511654 0.739489 0.972508 1.21098 1.4552 1.7055 1.9622 2.2257 2.49642 2.7748 3.06135 3.35663 3.66125 3.97591 4.30136 4.63849 4.98826 5.35178 5.73034 6.12539 6.53863 6.97205 7.42798 7.90924 8.41918 8.96195 9.54267 10.1678 10.8459 11.5879 12.4093 13.332 14.3889 15.6335 
-0.308596 -0.0940844 0.12493 0.348661 0.577344 0.81123 1.05059 1.29572 1.54694 1.80461 2.06909 2.34081 2.62022 2.90784 3.20422 3.50997 3.8258 4.15247 4.49084 4.84191 5.20679 5.58676 5.98328 6.39805 6.83308 7.29072 7.77376 8.2856 8.83039 9.41327 10.0408 10.7213 11.4661 12.2906 13.2167 14.2775 15.5268 
-0.299794 -0.085323 0.133647 0.357334 0.585972 0.819812 1.05913 1.30421 1.55538 1.81299 2.07742 2.34909 2.62845 2.91601 3.21233 3.51802 3.83379 4.16039 4.4987 4.8497 5.21451 5.5944 5.99084 6.40553 6.84048 7.29802 7.78097 8.29271 8.83739 9.42015 10.0475 10.7279 11.4726 12.2969 13.2228 14.2834 15.5324 
-0.299794 -0.085323 0.133647 0.357334 0.585972 0.819812 1.05913 1.30421 1.55538 1.81299 2.07742 2.34909 2.62845 2.91601 3.21233 3.51802 3.83379 4.16039 4.4987 4.8497 5.21451 5.5944 5.99084 6.40553 6.84048 7.29802 7.78097 8.29271 8.83739 9.42015 10.0475 10.7279 11.4726 12.2969 13.2228 14.2834 15.5324 
-0.308596 -0.0940844 0.12493 0.348661 0.577344 0.81123 1.05059 1.29572 1.54694 1.80461 2.06909 2.34081 2.62022 2.90784 3.20422 3.50997 3.8258 4.15247 4.49084 4.84191 5.20679 5.58676 5.98328 6.39805 6.83308 7.29072 7.77376 8.2856 8.83039 9.41327 10.0408 10.7213 11.4661 12.2906 13.2167 14.2775 15.5268 
-0.326236 -0.111639 0.107462 0.331282 0.560055 0.794033 1.03349 1.27872 1.53004 1.7878 2.05239 2.32422 2.60374 2.89147 3.18797 3.49384 3.80979 4.13659 4.4751 4.82631 5.19133 5.57145 5.96812 6.38306 6.81826 7.27608 7.75931 8.27136 8.81636 9.39947 10.0272 10.708 11.4531 12.2779 13.2044 14.2656 15.5154 
-0.273449 -0.0591056 0.159736 0.383291 0.611794 0.845496 1.08467 1.32961 1.58063 1.83809 2.10236 2.37387 2.65307 2.94046 3.2366 3.54211 3.85769 4.1841 4.52221 4.87301 5.2376 5.61726 6.01347 6.42792 6.86261 7.31988 7.80254 8.31398 8.85834 9.44076 10.0678 10.7478 11.492 12.3158 13.2412 14.3012 15.5494 
-0.291002 -0.0765732 0.142354 0.365997 0.59459 0.828384 1.06765 1.31268 1.56381 1.82137 2.08575 2.35736 2.63666 2.92417 3.22043 3.52606 3.84176 4.1683 4.50655 4.85748 5.22221 5.60203 5.99839 6.41301 6.84786 7.30532 7.78817 8.29981 8.84438 9.42703 10.0543 10.7346 11.4791 12.3032 13.2289 14.2893 15.5381 
-0.273449 -0.0591056 0.159736 0.383291 0.611794 0.845496 1.08467 1.32961 1.58063 1.83809 2.10236 2.37387 2.65307 2.94046 3.2366 3.54211 3.85769 4.1841 4.52221 4.87301 5.2376 5.61726 6.01347 6.42792 6.86261 7.31988 7.80254 8.31398 8.85834 9.44076 10.0678 10.7478 11.492 12.3158 13.2412 14.3012 15.5494 
-0.247201 -0.0329835 0.185729 0.409152 0.637521 0.871085 1.11012 1.35491 1.60579 1.86309 2.12721 2.39856 2.67759 2.96481 3.26078 3.56612 3.88151 4.20773 4.54564 4.89623 5.2606 5.64004 6.03602 6.45022 6.88466 7.34166 7.82404 8.33518 8.87921 9.46129 10.0879 10.7675 11.5113 12.3346 13.2595 14.3188 15.5664 
-0.212356 0.00169486 0.220237 0.443486 0.671676 0.905057 1.1439 1.3885 1.63918 1.89629 2.1602 2.43134 2.71015 2.99715 3.29289 3.59798 3.91313 4.23909 4.57674 4.92705 5.29114 5.67029 6.06595 6.47984 6.91393 7.37057 7.85258 8.36331 8.90693 9.48855 10.1147 10.7938 11.537 12.3597 13.2837 14.3423 15.5889 
-0.22105 -0.00695855 0.211626 0.434919 0.663153 0.89658 1.13547 1.38012 1.63085 1.88801 2.15197 2.42316 2.70203 2.98908 3.28488 3.59003 3.90524 4.23126 4.56898 4.91936 5.28352 5.66274 6.05848 6.47245 6.90662 7.36336 7.84546 8.35629 8.90001 9.48175 10.108 10.7872 11.5306 12.3534 13.2777 14.3364 15.5832 
-0.229757 -0.0156234 0.203003 0.42634 0.654619 0.888092 1.12703 1.37173 1.62251 1.87971 2.14373 2.41497 2.69389 2.981 3.27685 3.58207 3.89734 4.22343 4.56121 4.91166 5.27589 5.65518 6.051 6.46505 6.89931 7.35613 7.83833 8.34926 8.89309 9.47493 10.1013 10.7807 11.5242 12.3472 13.2716 14.3306 15.5776 
-0.186331 0.0275945 0.246008 0.469127 0.697183 0.930429 1.16913 1.41359 1.66413 1.92108 2.18484 2.45582 2.73447 3.0213 3.31686 3.62178 3.93674 4.26251 4.59996 4.95007 5.31395 5.69288 6.08831 6.50195 6.93579 7.39217 7.87389 8.38433 8.92762 9.5089 10.1347 10.8134 11.5561 12.3783 13.3019 14.3598 15.6056 
-0.186331 0.0275945 0.246008 0.469127 0.697183 0.930429 1.16913 1.41359 1.66413 1.92108 2.18484 2.45582 2.73447 3.0213 3.31686 3.62178 3.93674 4.26251 4.59996 4.95007 5.31395 5.69288 6.08831 6.50195 6.93579 7.39217 7.87389 8.38433 8.92762 9.5089 10.1347 10.8134 11.5561 12.3783 13.3019 14.3598 15.6056 
-0.194995 0.0189714 0.237428 0.46059 0.688691 0.921981 1.16073 1.40524 1.65582 1.91283 2.17664 2.44767 2.72637 3.01326 3.30888 3.61386 3.92888 4.25471 4.59223 4.94241 5.30636 5.68536 6.08087 6.49459 6.92851 7.38498 7.86679 8.37733 8.92073 9.50213 10.128 10.8068 11.5498 12.3721 13.2958 14.354 15.6001 
-0.186331 0.0275945 0.246008 0.469127 0.697183 0.930429 1.16913 1.41359 1.66413 1.92108 2.18484 2.45582 2.73447 3.0213 3.31686 3.62178 3.93674 4.26251 4.59996 4.95007 5.31395 5.69288 6.08831 6.50195 6.93579 7.39217 7.87389 8.38433 8.92762 9.5089 10.1347 10.8134 11.5561 12.3783 13.3019 14.3598 15.6056 
-0.186331 0.0275945 0.246008 0.469127 0.697183 0.930429 1.16913 1.41359 1.66413 1.92108 2.18484 2.45582 2.73447 3.0213 3.31686 3.62178 3.93674 4.26251 4.59996 4.95007 5.31395 5.69288 6.08831 6.50195 6.93579 7.39217 7.87389 8.38433 8.92762 9.5089 10.1347 10.8134 11.5561 12.3783 13.3019 14.3598 15.6056 
-0.20367 0.0103384 0.228837 0.452043 0.680188 0.913524 1.15232 1.39688 1.64751 1.90457 2.16843 2.43951 2.71827 3.00521 3.30089 3.60592 3.92101 4.24691 4.58449 4.93473 5.29876 5.67783 6.07341 6.48722 6.92122 7.37778 7.85969 8.37033 8.91383 9.49534 10.1214 10.8003 11.5434 12.3659 13.2898 14.3481 15.5945 
-0.212356 0.00169486 0.220237 0.443486 0.671676 0.905057 1.1439 1.3885 1.63918 1.89629 2.1602 2.43134 2.71015 2.99715 3.29289 3.59798 3.91313 4.23909 4.57674 4.92705 5.29114 5.67029 6.06595 6.47984 6.91393 7.37057 7.85258 8.36331 8.90693 9.48855 10.1147 10.7938 11.537 12.3597 13.2837 14.3423 15.5889 
-0.186331 0.0275945 0.246008 0.469127 0.697183 0.930429 1.16913 1.41359 1.66413 1.92108 2.18484 2.45582 2.73447 3.0213 3.31686 3.62178 3.93674 4.26251 4.59996 4.95007 5.31395 5.69288 6.08831 6.50195 6.93579 7.39217 7.87389 8.38433 8.92762 9.5089 10.1347 10.8134 11.5561 12.3783 13.3019 14.3598 15.6056 
-0.177678 0.0362055 0.254577 0.477652 0.705665 0.938864 1.17752 1.42194 1.67242 1.92933 2.19303 2.46396 2.74255 3.02933 3.32483 3.62969 3.94459 4.2703 4.60769 4.95773 5.32154 5.70039 6.09574 6.5093 6.94306 7.39935 7.88098 8.39132 8.9345 9.51567 10.1413 10.8199 11.5625 12.3845 13.3079 14.3656 15.6112 
-0.15178 0.0619789 0.280224 0.503169 0.731048 0.964112 1.20263 1.4469 1.69724 1.954 2.21755 2.48832 2.76675 3.05336 3.34869 3.65338 3.96809 4.29361 4.6308 4.98064 5.34423 5.72286 6.11799 6.53131 6.96481 7.42084 7.90218 8.41223 8.9551 9.53593 10.1612 10.8394 11.5816 12.4031 13.326 14.3831 15.6279 
-0.143168 0.0705491 0.288751 0.511654 0.739489 0.972508 1.21098 1.4552 1.7055 1.9622 2.2257 2.49642 2.7748 3.06135 3.35663 3.66125 3.97591 4.30136 4.63849 4.98826 5.35178 5.73034 6.12539 6.53863 6.97205 7.42798 7.90924 8.41918 8.96195 9.54267 10.1678 10.8459 11.5879 12.4093 13.332 14.3889 15.6335 
-0.143168 0.0705491 0.288751 0.511654 0.739489 0.972508 1.21098 1.4552 1.7055 1.9622 2.2257 2.49642 2.7748 3.06135 3.35663 3.66125 3.97591 4.30136 4.63849 4.98826 5.35178 5.73034 6.12539 6.53863 6.97205 7.42798 7.90924 8.41918 8.96195 9.54267 10.1678 10.8459 11.5879 12.4093 13.332 14.3889 15.6335 
-0.125977 0.0876586 0.305776 0.528593 0.756339 0.989268 1.22765 1.47178 1.72197 1.97858 2.24198 2.51259 2.79086 3.0773 3.37247 3.67697 3.99151 4.31684 4.65383 5.00346 5.36685 5.74526 6.14016 6.55324 6.98649 7.44225 7.92332 8.43306 8.97562 9.55611 10.181 10.8588 11.6006 12.4217 13.344 14.4004 15.6446 
-0.117396 0.0961972 0.314273 0.537046 0.76475 0.997634 1.23597 1.48005 1.7302 1.98676 2.2501 2.52066 2.79888 3.08527 3.38037 3.68482 3.99929 4.32456 4.66149 5.01105 5.37437 5.75271 6.14753 6.56053 6.99369 7.44937 7.93034 8.43999 8.98244 9.56283 10.1876 10.8653 11.6069 12.4278 13.3499 14.4062 15.6501 
-0.125977 0.0876586 0.305776 0.528593 0.756339 0.989268 1.22765 1.47178 1.72197 1.97858 2.24198 2.51259 2.79086 3.0773 3.37247 3.67697 3.99151 4.31684 4.65383 5.00346 5.36685 5.74526 6.14016 6.55324 6.98649 7.44225 7.92332 8.43306 8.97562 9.55611 10.181 10.8588 11.6006 12.4217 13.344 14.4004 15.6446 
-0.125977 0.0876586 0.305776 0.528593 0.756339 0.989268 1.22765 1.47178 1.72197 1.97858 2.24198 2.51259 2.79086 3.0773 3.37247 3.67697 3.99151 4.31684 4.65383 5.00346 5.36685 5.74526 6.14016 6.55324 6.98649 7.44225 7.92332 8.43306 8.97562 9.55611 10.181 10.8588 11.6006 12.4217 13.344 14.4004 15.6446 
-0.125977 0.0876586 0.305776 0.528593 0.756339 0.989268 1.22765 1.47178 1.72197 1.97858 2.24198 2.51259 2.79086 3.0773 3.37247 3.67697 3.99151 4.31684 4.65383 5.00346 5.36685 5.74526 6.14016 6.55324 6.98649 7.44225 7.92332 8.43306 8.97562 9.55611 10.181 10.8588 11.6006 12.4217 13.344 14.4004 15.6446 
-0.15178 0.0619789 0.280224 0.503169 0.731048 0.964112 1.20263 1.4469 1.69724 1.954 2.21755 2.48832 2.76675 3.05336 3.34869 3.65338 3.96809 4.29361 4.6308 4.98064 5.34423 5.72286 6.11799 6.53131 6.96481 7.42084 7.90218 8.41223 8.9551 9.53593 10.1612 10.8394 11.5816 12.4031 13.326 14.3831 15.6279 
-0.169035 0.0448071 0.263136 0.486168 0.714136 0.947291 1.1859 1.43027 1.6807 1.93756 2.20122 2.47209 2.75063 3.03735 3.3328 3.6376 3.95244 4.27808 4.6154 4.96537 5.32911 5.70789 6.10317 6.51665 6.95032 7.40652 7.88805 8.3983 8.94138 9.52243 10.148 10.8264 11.5689 12.3908 13.3139 14.3715 15.6168 
-0.15178 0.0619789 0.280224 0.503169 0.731048 0.964112 1.20263 1.4469 1.69724 1.954 2.21755 2.48832 2.76675 3.05336 3.34869 3.65338 3.96809 4.29361 4.6308 4.98064 5.34423 5.72286 6.11799 6.53131 6.96481 7.42084 7.90218 8.41223 8.9551 9.53593 10.1612 10.8394 11.5816 12.4031 13.326 14.3831 15.6279 
-0.143168 0.0705491 0.288751 0.511654 0.739489 0.972508 1.21098 1.4552 1.7055 1.9622 2.2257 2.49642 2.7748 3.06135 3.35663 3.66125 3.97591 4.30136 4.63849 4.98826 5.35178 5.73034 6.12539 6.53863 6.97205 7.42798 7.90924 8.41918 8.96195 9.54267 10.1678 10.8459 11.5879 12.4093 13.332 14.3889 15.6335 
-0.134568 0.0791087 0.297269 0.520128 0.747919 0.980894 1.21932 1.4635 1.71374 1.9704 2.23385 2.50451 2.78284 3.06933 3.36455 3.66912 3.98371 4.3091 4.64616 4.99586 5.35932 5.7378 6.13278 6.54594 6.97927 7.43512 7.91628 8.42613 8.96879 9.54939 10.1744 10.8523 11.5942 12.4155 13.338 14.3947 15.6391 
-0.125977 0.0876586 0.305776 0.528593 0.756339 0.989268 1.22765 1.47178 1.72197 1.97858 2.24198 2.51259 2.79086 3.0773 3.37247 3.67697 3.99151 4.31684 4.65383 5.00346 5.36685 5.74526 6.14016 6.55324 6.98649 7.44225 7.92332 8.43306 8.97562 9.55611 10.181 10.8588 11.6006 12.4217 13.344 14.4004 15.6446 
-0.125977 0.0876586 0.305776 0.528593 0.756339 0.989268 1.22765 1.47178 1.72197 1.97858 2.24198 2.51259 2.79086 3.0773 3.37247 3.67697 3.99151 4.31684 4.65383 5.00346 5.36685 5.74526 6.14016 6.55324 6.98649 7.44225 7.92332 8.43306 8.97562 9.55611 10.181 10.8588 11.6006 12.4217 13.344 14.4004 15.6446 
-0.326236 -0.111639 0.107462 0.331282 0.560055 0.794033 1.03349 1.27872 1.53004 1.7878 2.05239 2.32422 2.60374 2.89147 3.18797 3.49384 3.80979 4.13659 4.4751 4.82631 5.19133 5.57145 5.96812 6.38306 6.81826 7.27608 7.75931 8.27136 8.81636 9.39947 10.0272 10.708 11.4531 12.2779 13.2044 14.2656 15.5154 
-0.308596 -0.0940844 0.12493 0.348661 0.577344 0.81123 1.05059 1.29572 1.54694 1.80461 2.06909 2.34081 2.62022 2.90784 3.20422 3.50997 3.8258 4.15247 4.49084 4.84191 5.20679 5.58676 5.98328 6.39805 6.83308 7.29072 7.77376 8.2856 8.83039 9.41327 10.0408 10.7213 11.4661 12.2906 13.2167 14.2775 15.5268 
-0.28222 -0.0678341 0.15105 0.37465 0.603197 0.836945 1.07616 1.32115 1.57222 1.82973 2.09406 2.36562 2.64487 2.93232 3.22852 3.53409 3.84973 4.17621 4.51438 4.86525 5.22991 5.60965 6.00594 6.42047 6.85524 7.3126 7.79536 8.3069 8.85136 9.4339 10.061 10.7412 11.4855 12.3095 13.235 14.2953 15.5438 
-0.273449 -0.0591056 0.159736 0.383291 0.611794 0.845496 1.08467 1.32961 1.58063 1.83809 2.10236 2.37387 2.65307 2.94046 3.2366 3.54211 3.85769 4.1841 4.52221 4.87301 5.2376 5.61726 6.01347 6.42792 6.86261 7.31988 7.80254 8.31398 8.85834 9.44076 10.0678 10.7478 11.492 12.3158 13.2412 14.3012 15.5494 
-0.291002 -0.0765732 0.142354 0.365997 0.59459 0.828384 1.06765 1.31268 1.56381 1.82137 2.08575 2.35736 2.63666 2.92417 3.22043 3.52606 3.84176 4.1683 4.50655 4.85748 5.22221 5.60203 5.99839 6.41301 6.84786 7.30532 7.78817 8.29981 8.84438 9.42703 10.0543 10.7346 11.4791 12.3032 13.2289 14.2893 15.5381 
-0.308596 -0.0940844 0.12493 0.348661 0.577344 0.81123 1.05059 1.29572 1.54694 1.80461 2.06909 2.34081 2.62022 2.90784 3.20422 3.50997 3.8258 4.15247 4.49084 4.84191 5.20679 5.58676 5.98328 6.39805 6.83308 7.29072 7.77376 8.2856 8.83039 9.41327 10.0408 10.7213 11.4661 12.2906 13.2167 14.2775 15.5268 
-0.308596 -0.0940844 0.12493 0.348661 0.577344 0.81123 1.05059 1.29572 1.54694 1.80461 2.06909 2.34081 2.62022 2.90784 3.20422 3.50997 3.8258 4.15247 4.49084 4.84191 5.20679 5.58676 5.98328 6.39805 6.83308 7.29072 7.77376 8.2856 8.83039 9.41327 10.0408 10.7213 11.4661 12.2906 13.2167 14.2775 15.5268 
-0.291002 -0.0765732 0.142354 0.365997 0.59459 0.828384 1.06765 1.31268 1.56381 1.82137 2.08575 2.35736 2.63666 2.92417 3.22043 3.52606 3.84176 4.1683 4.50655 4.85748 5.22221 5.60203 5.99839 6.41301 6.84786 7.30532 7.78817 8.29981 8.84438 9.42703 10.0543 10.7346 11.4791 12.3032 13.2289 14.2893 15.5381 
-0.255941 -0.0416808 0.177075 0.400542 0.628955 0.862565 1.10164 1.34649 1.59741 1.85477 2.11894 2.39034 2.66943 2.9567 3.25273 3.55813 3.87358 4.19986 4.53784 4.88849 5.25294 5.63246 6.02851 6.4428 6.87732 7.33441 7.81688 8.32812 8.87226 9.45445 10.0812 10.761 11.5049 12.3284 13.2534 14.3129 15.5607 
-0.229757 -0.0156234 0.203003 0.42634 0.654619 0.888092 1.12703 1.37173 1.62251 1.87971 2.14373 2.41497 2.69389 2.981 3.27685 3.58207 3.89734 4.22343 4.56121 4.91166 5.27589 5.65518 6.051 6.46505 6.89931 7.35613 7.83833 8.34926 8.89309 9.47493 10.1013 10.7807 11.5242 12.3472 13.2716 14.3306 15.5776 
-0.238475 -0.024299 0.194371 0.417751 0.646075 0.879593 1.11858 1.36332 1.61415 1.87141 2.13548 2.40677 2.68575 2.97291 3.26882 3.5741 3.88943 4.21558 4.55343 4.90395 5.26825 5.64762 6.04352 6.45764 6.89199 7.3489 7.83119 8.34222 8.88615 9.46812 10.0946 10.7741 11.5177 12.3409 13.2655 14.3247 15.572 
-0.229757 -0.0156234 0.203003 0.42634 0.654619 0.888092 1.12703 1.37173 1.62251 1.87971 2.14373 2.41497 2.69389 2.981 3.27685 3.58207 3.89734 4.22343 4.56121 4.91166 5.27589 5.65518 6.051 6.46505 6.89931 7.35613 7.83833 8.34926 8.89309 9.47493 10.1013 10.7807 11.5242 12.3472 13.2716 14.3306 15.5776 
-0.177678 0.0362055 0.254577 0.477652 0.705665 0.938864 1.17752 1.42194 1.67242 1.92933 2.19303 2.46396 2.74255 3.02933 3.32483 3.62969 3.94459 4.2703 4.60769 4.95773 5.32154 5.70039 6.09574 6.5093 6.94306 7.39935 7.88098 8.39132 8.9345 9.51567 10.1413 10.8199 11.5625 12.3845 13.3079 14.3656 15.6112 
-0.186331 0.0275945 0.246008 0.469127 0.697183 0.930429 1.16913 1.41359 1.66413 1.92108 2.18484 2.45582 2.73447 3.0213 3.31686 3.62178 3.93674 4.26251 4.59996 4.95007 5.31395 5.69288 6.08831 6.50195 6.93579 7.39217 7.87389 8.38433 8.92762 9.5089 10.1347 10.8134 11.5561 12.3783 13.3019 14.3598 15.6056 
-0.194995 0.0189714 0.237428 0.46059 0.688691 0.921981 1.16073 1.40524 1.65582 1.91283 2.17664 2.44767 2.72637 3.01326 3.30888 3.61386 3.92888 4.25471 4.59223 4.94241 5.30636 5.68536 6.08087 6.49459 6.92851 7.38498 7.86679 8.37733 8.92073 9.50213 10.128 10.8068 11.5498 12.3721 13.2958 14.354 15.6001 
-0.194995 0.0189714 0.237428 0.46059 0.688691 0.921981 1.16073 1.40524 1.65582 1.91283 2.17664 2.44767 2.72637 3.01326 3.30888 3.61386 3.92888 4.25471 4.59223 4.94241 5.30636 5.68536 6.08087 6.49459 6.92851 7.38498 7.86679 8.37733 8.92073 9.50213 10.128 10.8068 11.5498 12.3721 13.2958 14.354 15.6001 
-0.20367 0.0103384 0.228837 0.452043 0.680188 0.913524 1.15232 1.39688 1.64751 1.90457 2.16843 2.43951 2.71827 3.00521 3.30089 3.60592 3.92101 4.24691 4.58449 4.93473 5.29876 5.67783 6.07341 6.48722 6.92122 7.37778 7.85969 8.37033 8.91383 9.49534 10.1214 10.8003 11.5434 12.3659 13.2898 14.3481 15.5945 
-0.20367 0.0103384 0.228837 0.452043 0.680188 0.913524 1.15232 1.39688 1.64751 1.90457 2.16843 2.43951 2.71827 3.00521 3.30089 3.60592 3.92101 4.24691 4.58449 4.93473 5.29876 5.67783 6.07341 6.48722 6.92122 7.37778 7.85969 8.37033 8.91383 9.49534 10.1214 10.8003 11.5434 12.3659 13.2898 14.3481 15.5945 
-0.194995 0.0189714 0.237428 0.46059 0.688691 0.921981 1.16073 1.40524 1.65582 1.91283 2.17664 2.44767 2.72637 3.01326 3.30888 3.61386 3.92888 4.25471 4.59223 4.94241 5.30636 5.68536 6.08087 6.49459 6.92851 7.38498 7.86679 8.37733 8.92073 9.50213 10.128 10.8068 11.5498 12.3721 13.2958 14.354 15.6001 
-0.186331 0.0275945 0.246008 0.469127 0.697183 0.930429 1.16913 1.41359 1.66413 1.92108 2.18484 2.45582 2.73447 3.0213 3.31686 3.62178 3.93674 4.26251 4.59996 4.95007 5.31395 5.69288 6.08831 6.50195 6.93579 7.39217 7.87389 8.38433 8.92762 9.5089 10.1347 10.8134 11.5561 12.3783 13.3019 14.3598 15.6056 
-0.169035 0.0448071 0.263136 0.486168 0.714136 0.947291 1.1859 1.43027 1.6807 1.93756 2.20122 2.47209 2.75063 3.03735 3.3328 3.6376 3.95244 4.27808 4.6154 4.96537 5.32911 5.70789 6.10317 6.51665 6.95032 7.40652 7.88805 8.3983 8.94138 9.52243 10.148 10.8264 11.5689 12.3908 13.3139 14.3715 15.6168 
-0.15178 0.0619789 0.280224 0.503169 0.731048 0.964112 1.20263 1.4469 1.69724 1.954 2.21755 2.48832 2.76675 3.05336 3.34869 3.65338 3.96809 4.29361 4.6308 4.98064 5.34423 5.72286 6.11799 6.53131 6.96481 7.42084 7.90218 8.41223 8.9551 9.53593 10.1612 10.8394 11.5816 12.4031 13.326 14.3831 15.6279 
-0.143168 0.0705491 0.288751 0.511654 0.739489 0.972508 1.21098 1.4552 1.7055 1.9622 2.2257 2.49642 2.7748 3.06135 3.35663 3.66125 3.97591 4.30136 4.63849 4.98826 5.35178 5.73034 6.12539 6.53863 6.97205 7.42798 7.90924 8.41918 8.96195 9.54267 10.1678 10.8459 11.5879 12.4093 13.332 14.3889 15.6335 
-0.15178 0.0619789 0.280224 0.503169 0.731048 0.964112 1.20263 1.4469 1.69724 1.954 2.21755 2.48832 2.76675 3.05336 3.34869 3.65338 3.96809 4.29361 4.6308 4.98064 5.34423 5.72286 6.11799 6.53131 6.96481 7.42084 7.90218 8.41223 8.9551 9.53593 10.1612 10.8394 11.5816 12.4031 13.326 14.3831 15.6279 
-0.134568 0.0791087 0.297269 0.520128 0.747919 0.980894 1.21932 1.4635 1.71374 1.9704 2.23385 2.50451 2.78284 3.06933 3.36455 3.66912 3.98371 4.3091 4.64616 4.99586 5.35932 5.7378 6.13278 6.54594 6.97927 7.43512 7.91628 8.42613 8.96879 9.54939 10.1744 10.8523 11.5942 12.4155 13.338 14.3947 15.6391 
-0.117396 0.0961972 0.314273 0.537046 0.76475 0.997634 1.23597 1.48005 1.7302 1.98676 2.2501 2.52066 2.79888 3.08527 3.38037 3.68482 3.99929 4.32456 4.66149 5.01105 5.37437 5.75271 6.14753 6.56053 6.99369 7.44937 7.93034 8.43999 8.98244 9.56283 10.1876 10.8653 11.6069 12.4278 13.3499 14.4062 15.6501 
-0.15178 0.0619789 0.280224 0.503169 0.731048 0.964112 1.20263 1.4469 1.69724 1.954 2.21755 2.48832 2.76675 3.05336 3.34869 3.65338 3.96809 4.29361 4.6308 4.98064 5.34423 5.72286 6.11799 6.53131 6.96481 7.42084 7.90218 8.41223 8.9551 9.53593 10.1612 10.8394 11.5816 12.4031 13.326 14.3831 15.6279 
-0.143168 0.0705491 0.288751 0.511654 0.739489 0.972508 1.21098 1.4552 1.7055 1.9622 2.2257 2.49642 2.7748 3.06135 3.35663 3.66125 3.97591 4.30136 4.63849 4.98826 5.35178 5.73034 6.12539 6.53863 6.97205 7.42798 7.90924 8.41918 8.96195 9.54267 10.1678 10.8459 11.5879 12.4093 13.332 14.3889 15.6335 
-0.134568 0.0791087 0.297269 0.520128 0.747919 0.980894 1.21932 1.4635 1.71374 1.9704 2.23385 2.50451 2.78284 3.06933 3.36455 3.66912 3.98371 4.3091 4.64616 4.99586 5.35932 5.7378 6.13278 6.54594 6.97927 7.43512 7.91628 8.42613 8.96879 9.54939 10.1744 10.8523 11.5942 12.4155 13.338 14.3947 15.6391 
-0.15178 0.0619789 0.280224 0.503169 0.731048 0.964112 1.20263 1.4469 1.69724 1.954 2.21755 2.48832 2.76675 3.05336 3.34869 3.65338 3.96809 4.29361 4.6308 4.98064 5.34423 5.72286 6.11799 6.53131 6.96481 7.42084 7.90218 8.41223 8.9551 9.53593 10.1612 10.8394 11.5816 12.4031 13.326 14.3831 15.6279 
-0.160402 0.0533985 0.271685 0.494674 0.722598 0.955707 1.19427 1.43859 1.68898 1.94578 2.20939 2.48021 2.7587 3.04536 3.34075 3.64549 3.96027 4.28585 4.62311 4.97301 5.33668 5.71538 6.11058 6.52398 6.95757 7.41368 7.89512 8.40527 8.94824 9.52919 10.1546 10.8329 11.5752 12.3969 13.32 14.3773 15.6224 
-0.15178 0.0619789 0.280224 0.503169 0.731048 0.964112 1.20263 1.4469 1.69724 1.954 2.21755 2.48832 2.76675 3.05336 3.34869 3.65338 3.96809 4.29361 4.6308 4.98064 5.34423 5.72286 6.11799 6.53131 6.96481 7.42084 7.90218 8.41223 8.9551 9.53593 10.1612 10.8394 11.5816 12.4031 13.326 14.3831 15.6279 
-0.143168 0.0705491 0.288751 0.511654 0.739489 0.972508 1.21098 1.4552 1.7055 1.9622 2.2257 2.49642 2.7748 3.06135 3.35663 3.66125 3.97591 4.30136 4.63849 4.98826 5.35178 5.73034 6.12539 6.53863 6.97205 7.42798 7.90924 8.41918 8.96195 9.54267 10.1678 10.8459 11.5879 12.4093 13.332 14.3889 15.6335 
-0.134568 0.0791087 0.297269 0.520128 0.747919 0.980894 1.21932 1.4635 1.71374 1.9704 2.23385 2.50451 2.78284 3.06933 3.36455 3.66912 3.98371 4.3091 4.64616 4.99586 5.35932 5.7378 6.13278 6.54594 6.97927 7.43512 7.91628 8.42613 8.96879 9.54939 10.1744 10.8523 11.5942 12.4155 13.338 14.3947 15.6391 
-0.134568 0.0791087 0.297269 0.520128 0.747919 0.980894 1.21932 1.4635 1.71374 1.9704 2.23385 2.50451 2.78284 3.06933 3.36455 3.66912 3.98371 4.3091 4.64616 4.99586 5.35932 5.7378 6.13278 6.54594 6.97927 7.43512 7.91628 8.42613 8.96879 9.54939 10.1744 10.8523 11.5942 12.4155 13.338 14.3947 15.6391 
-0.125977 0.0876586 0.305776 0.528593 0.756339 0.989268 1.22765 1.47178 1.72197 1.97858 2.24198 2.51259 2.79086 3.0773 3.37247 3.67697 3.99151 4.31684 4.65383 5.00346 5.36685 5.74526 6.14016 6.55324 6.98649 7.44225 7.92332 8.43306 8.97562 9.55611 10.181 10.8588 11.6006 12.4217 13.344 14.4004 15.6446 
-0.326236 -0.111639 0.107462 0.331282 0.560055 0.794033 1.03349 1.27872 1.53004 1.7878 2.05239 2.32422 2.60374 2.89147 3.18797 3.49384 3.80979 4.13659 4.4751 4.82631 5.19133 5.57145 5.96812 6.38306 6.81826 7.27608 7.75931 8.27136 8.81636 9.39947 10.0272 10.708 11.4531 12.2779 13.2044 14.2656 15.5154 
-0.291002 -0.0765732 0.142354 0.365997 0.59459 0.828384 1.06765 1.31268 1.56381 1.82137 2.08575 2.35736 2.63666 2.92417 3.22043 3.52606 3.84176 4.1683 4.50655 4.85748 5.22221 5.60203 5.99839 6.41301 6.84786 7.30532 7.78817 8.29981 8.84438 9.42703 10.0543 10.7346 11.4791 12.3032 13.2289 14.2893 15.5381 
-0.28222 -0.0678341 0.15105 0.37465 0.603197 0.836945 1.07616 1.32115 1.57222 1.82973 2.09406 2.36562 2.64487 2.93232 3.22852 3.53409 3.84973 4.17621 4.51438 4.86525 5.22991 5.60965 6.00594 6.42047 6.85524 7.3126 7.79536 8.3069 8.85136 9.4339 10.061 10.7412 11.4855 12.3095 13.235 14.2953 15.5438 
-0.28222 -0.0678341 0.15105 0.37465 0.603197 0.836945 1.07616 1.32115 1.57222 1.82973 2.09406 2.36562 2.64487 2.93232 3.22852 3.53409 3.84973 4.17621 4.51438 4.86525 5.22991 5.60965 6.00594 6.42047 6.85524 7.3126 7.79536 8.3069 8.85136 9.4339 10.061 10.7412 11.4855 12.3095 13.235 14.2953 15.5438 
-0.291002 -0.0765732 0.142354 0.365997 0.59459 0.828384 1.06765 1.31268 1.56381 1.82137 2.08575 2.35736 2.63666 2.92417 3.22043 3.52606 3.84176 4.1683 4.50655 4.85748 5.22221 5.60203 5.99839 6.41301 6.84786 7.30532 7.78817 8.29981 8.84438 9.42703 10.0543 10.7346 11.4791 12.3032 13.2289 14.2893 15.5381 
-0.291002 -0.0765732 0.142354 0.365997 0.59459 0.828384 1.06765 1.31268 1.56381 1.82137 2.08575 2.35736 2.63666 2.92417 3.22043 3.52606 3.84176 4.1683 4.50655 4.85748 5.22221 5.60203 5.99839 6.41301 6.84786 7.30532 7.78817 8.29981 8.84438 9.42703 10.0543 10.7346 11.4791 12.3032 13.2289 14.2893 15.5381 
-0.308596 -0.0940844 0.12493 0.348661 0.577344 0.81123 1.05059 1.29572 1.54694 1.80461 2.06909 2.34081 2.62022 2.90784 3.20422 3.50997 3.8258 4.15247 4.49084 4.84191 5.20679 5.58676 5.98328 6.39805 6.83308 7.29072 7.77376 8.2856 8.83039 9.41327 10.0408 10.7213 11.4661 12.2906 13.2167 14.2775 15.5268 
-0.28222 -0.0678341 0.15105 0.37465 0.603197 0.836945 1.07616 1.32115 1.57222 1.82973 2.09406 2.36562 2.64487 2.93232 3.22852 3.53409 3.84973 4.17621 4.51438 4.86525 5.22991 5.60965 6.00594 6.42047 6.85524 7.3126 7.79536 8.3069 8.85136 9.4339 10.061 10.7412 11.4855 12.3095 13.235 14.2953 15.5438 
-0.255941 -0.0416808 0.177075 0.400542 0.628955 0.862565 1.10164 1.34649 1.59741 1.85477 2.11894 2.39034 2.66943 2.9567 3.25273 3.55813 3.87358 4.19986 4.53784 4.88849 5.25294 5.63246 6.02851 6.4428 6.87732 7.33441 7.81688 8.32812 8.87226 9.45445 10.0812 10.761 11.5049 12.3284 13.2534 14.3129 15.5607 
-0.229757 -0.0156234 0.203003 0.42634 0.654619 0.888092 1.12703 1.37173 1.62251 1.87971 2.14373 2.41497 2.69389 2.981 3.27685 3.58207 3.89734 4.22343 4.56121 4.91166 5.27589 5.65518 6.051 6.46505 6.89931 7.35613 7.83833 8.34926 8.89309 9.47493 10.1013 10.7807 11.5242 12.3472 13.2716 14.3306 15.5776 
-0.22105 -0.00695855 0.211626 0.434919 0.663153 0.89658 1.13547 1.38012 1.63085 1.88801 2.15197 2.42316 2.70203 2.98908 3.28488 3.59003 3.90524 4.23126 4.56898 4.91936 5.28352 5.66274 6.05848 6.47245 6.90662 7.36336 7.84546 8.35629 8.90001 9.48175 10.108 10.7872 11.5306 12.3534 13.2777 14.3364 15.5832 
-0.212356 0.00169486 0.220237 0.443486 0.671676 0.905057 1.1439 1.3885 1.63918 1.89629 2.1602 2.43134 2.71015 2.99715 3.29289 3.59798 3.91313 4.23909 4.57674 4.92705 5.29114 5.67029 6.06595 6.47984 6.91393 7.37057 7.85258 8.36331 8.90693 9.48855 10.1147 10.7938 11.537 12.3597 13.2837 14.3423 15.5889 
-0.22105 -0.00695855 0.211626 0.434919 0.663153 0.89658 1.13547 1.38012 1.63085 1.88801 2.15197 2.42316 2.70203 2.98908 3.28488 3.59003 3.90524 4.23126 4.56898 4.91936 5.28352 5.66274 6.05848 6.47245 6.90662 7.36336 7.84546 8.35629 8.90001 9.48175 10.108 10.7872 11.5306 12.3534 13.2777 14.3364 15.5832 
-0.194995 0.0189714 0.237428 0.46059 0.688691 0.921981 1.16073 1.40524 1.65582 1.91283 2.17664 2.44767 2.72637 3.01326 3.30888 3.61386 3.92888 4.25471 4.59223 4.94241 5.30636 5.68536 6.08087 6.49459 6.92851 7.38498 7.86679 8.37733 8.92073 9.50213 10.128 10.8068 11.5498 12.3721 13.2958 14.354 15.6001 
-0.169035 0.0448071 0.263136 0.486168 0.714136 0.947291 1.1859 1.43027 1.6807 1.93756 2.20122 2.47209 2.75063 3.03735 3.3328 3.6376 3.95244 4.27808 4.6154 4.96537 5.32911 5.70789 6.10317 6.51665 6.95032 7.40652 7.88805 8.3983 8.94138 9.52243 10.148 10.8264 11.5689 12.3908 13.3139 14.3715 15.6168 
-0.194995 0.0189714 0.237428 0.46059 0.688691 0.921981 1.16073 1.40524 1.65582 1.91283 2.17664 2.44767 2.72637 3.01326 3.30888 3.61386 3.92888 4.25471 4.59223 4.94241 5.30636 5.68536 6.08087 6.49459 6.92851 7.38498 7.86679 8.37733 8.92073 9.50213 10.128 10.8068 11.5498 12.3721 13.2958 14.354 15.6001 
-0.20367 0.0103384 0.228837 0.452043 0.680188 0.913524 1.15232 1.39688 1.64751 1.90457 2.16843 2.43951 2.71827 3.00521 3.30089 3.60592 3.92101 4.24691 4.58449 4.93473 5.29876 5.67783 6.07341 6.48722 6.92122 7.37778 7.85969 8.37033 8.91383 9.49534 10.1214 10.8003 11.5434 12.3659 13.2898 14.3481 15.5945 
-0.212356 0.00169486 0.220237 0.443486 0.671676 0.905057 1.1439 1.3885 1.63918 1.89629 2.1602 2.43134 2.71015 2.99715 3.29289 3.59798 3.91313 4.23909 4.57674 4.92705 5.29114 5.67029 6.06595 6.47984 6.91393 7.37057 7.85258 8.36331 8.90693 9.48855 10.1147 10.7938 11.537 12.3597 13.2837 14.3423 15.5889 
-0.20367 0.0103384 0.228837 0.452043 0.680188 0.913524 1.15232 1.39688 1.64751 1.90457 2.16843 2.43951 2.71827 3.00521 3.30089 3.60592 3.92101 4.24691 4.58449 4.93473 5.29876 5.67783 6.07341 6.48722 6.92122 7.37778 7.85969 8.37033 8.91383 9.49534 10.1214 10.8003 11.5434 12.3659 13.2898 14.3481 15.5945 
-0.186331 0.0275945 0.246008 0.469127 0.697183 0.930429 1.16913 1.41359 1.66413 1.92108 2.18484 2.45582 2.73447 3.0213 3.31686 3.62178 3.93674 4.26251 4.59996 4.95007 5.31395 5.69288 6.08831 6.50195 6.93579 7.39217 7.87389 8.38433 8.92762 9.5089 10.1347 10.8134 11.5561 12.3783 13.3019 14.3598 15.6056 
-0.169035 0.0448071 0.263136 0.486168 0.714136 0.947291 1.1859 1.43027 1.6807 1.93756 2.20122 2.47209 2.75063 3.03735 3.3328 3.6376 3.95244 4.27808 4.6154 4.96537 5.32911 5.70789 6.10317 6.51665 6.95032 7.40652 7.88805 8.3983 8.94138 9.52243 10.148 10.8264 11.5689 12.3908 13.3139 14.3715 15.6168 
-0.143168 0.0705491 0.288751 0.511654 0.739489 0.972508 1.21098 1.4552 1.7055 1.9622 2.2257 2.49642 2.7748 3.06135 3.35663 3.66125 3.97591 4.30136 4.63849 4.98826 5.35178 5.73034 6.12539 6.53863 6.97205 7.42798 7.90924 8.41918 8.96195 9.54267 10.1678 10.8459 11.5879 12.4093 13.332 14.3889 15.6335 
-0.125977 0.0876586 0.305776 0.528593 0.756339 0.989268 1.22765 1.47178 1.72197 1.97858 2.24198 2.51259 2.79086 3.0773 3.37247 3.67697 3.99151 4.31684 4.65383 5.00346 5.36685 5.74526 6.14016 6.55324 6.98649 7.44225 7.92332 8.43306 8.97562 9.55611 10.181 10.8588 11.6006 12.4217 13.344 14.4004 15.6446 
-0.143168 0.0705491 0.288751 0.511654 0.739489 0.972508 1.21098 1.4552 1.7055 1.9622 2.2257 2.49642 2.7748 3.06135 3.35663 3.66125 3.97591 4.30136 4.63849 4.98826 5.35178 5.73034 6.12539 6.53863 6.97205 7.42798 7.90924 8.41918 8.96195 9.54267 10.1678 10.8459 11.5879 12.4093 13.332 14.3889 15.6335 
-0.125977 0.0876586 0.305776 0.528593 0.756339 0.989268 1.22765 1.47178 1.72197 1.97858 2.24198 2.51259 2.79086 3.0773 3.37247 3.67697 3.99151 4.31684 4.65383 5.00346 5.36685 5.74526 6.14016 6.55324 6.98649 7.44225 7.92332 8.43306 8.97562 9.55611 10.181 10.8588 11.6006 12.4217 13.344 14.4004 15.6446 
-0.134568 0.0791087 0.297269 0.520128 0.747919 0.980894 1.21932 1.4635 1.71374 1.9704 2.23385 2.50451 2.78284 3.06933 3.36455 3.66912 3.98371 4.3091 4.64616 4.99586 5.35932 5.7378 6.13278 6.54594 6.97927 7.43512 7.91628 8.42613 8.96879 9.54939 10.1744 10.8523 11.5942 12.4155 13.338 14.3947 15.6391 
-0.15178 0.0619789 0.280224 0.503169 0.731048 0.964112 1.20263 1.4469 1.69724 1.954 2.21755 2.48832 2.76675 3.05336 3.34869 3.65338 3.96809 4.29361 4.6308 4.98064 5.34423 5.72286 6.11799 6.53131 6.96481 7.42084 7.90218 8.41223 8.9551 9.53593 10.1612 10.8394 11.5816 12.4031 13.326 14.3831 15.6279 
-0.160402 0.0533985 0.271685 0.494674 0.722598 0.955707 1.19427 1.43859 1.68898 1.94578 2.20939 2.48021 2.7587 3.04536 3.34075 3.64549 3.96027 4.28585 4.62311 4.97301 5.33668 5.71538 6.11058 6.52398 6.95757 7.41368 7.89512 8.40527 8.94824 9.52919 10.1546 10.8329 11.5752 12.3969 13.32 14.3773 15.6224 
-0.134568 0.0791087 0.297269 0.520128 0.747919 0.980894 1.21932 1.4635 1.71374 1.9704 2.23385 2.50451 2.78284 3.06933 3.36455 3.66912 3.98371 4.3091 4.64616 4.99586 5.35932 5.7378 6.13278 6.54594 6.97927 7.43512 7.91628 8.42613 8.96879 9.54939 10.1744 10.8523 11.5942 12.4155 13.338 14.3947 15.6391 
-0.160402 0.0533985 0.271685 0.494674 0.722598 0.955707 1.19427 1.43859 1.68898 1.94578 2.20939 2.48021 2.7587 3.04536 3.34075 3.64549 3.96027 4.28585 4.62311 4.97301 5.33668 5.71538 6.11058 6.52398 6.95757 7.41368 7.89512 8.40527 8.94824 9.52919 10.1546 10.8329 11.5752 12.3969 13.32 14.3773 15.6224 
-0.160402 0.0533985 0.271685 0.494674 0.722598 0.955707 1.19427 1.43859 1.68898 1.94578 2.20939 2.48021 2.7587 3.04536 3.34075 3.64549 3.96027 4.28585 4.62311 4.97301 5.33668 5.71538 6.11058 6.52398 6.95757 7.41368 7.89512 8.40527 8.94824 9.52919 10.1546 10.8329 11.5752 12.3969 13.32 14.3773 15.6224 
-0.160402 0.0533985 0.271685 0.494674 0.722598 0.955707 1.19427 1.43859 1.68898 1.94578 2.20939 2.48021 2.7587 3.04536 3.34075 3.64549 3.96027 4.28585 4.62311 4.97301 5.33668 5.71538 6.11058 6.52398 6.95757 7.41368 7.89512 8.40527 8.94824 9.52919 10.1546 10.8329 11.5752 12.3969 13.32 14.3773 15.6224 
-0.15178 0.0619789 0.280224 0.503169 0.731048 0.964112 1.20263 1.4469 1.69724 1.954 2.21755 2.48832 2.76675 3.05336 3.34869 3.65338 3.96809 4.29361 4.6308 4.98064 5.34423 5.72286 6.11799 6.53131 6.96481 7.42084 7.90218 8.41223 8.9551 9.53593 10.1612 10.8394 11.5816 12.4031 13.326 14.3831 15.6279 
-0.134568 0.0791087 0.297269 0.520128 0.747919 0.980894 1.21932 1.4635 1.71374 1.9704 2.23385 2.50451 2.78284 3.06933 3.36455 3.66912 3.98371 4.3091 4.64616 4.99586 5.35932 5.7378 6.13278 6.54594 6.97927 7.43512 7.91628 8.42613 8.96879 9.54939 10.1744 10.8523 11.5942 12.4155 13.338 14.3947 15.6391 
-0.134568 0.0791087 0.297269 0.520128 0.747919 0.980894 1.21932 1.4635 1.71374 1.9704 2.23385 2.50451 2.78284 3.06933 3.36455 3.66912 3.98371 4.3091 4.64616 4.99586 5.35932 5.7378 6.13278 6.54594 6.97927 7.43512 7.91628 8.42613 8.96879 9.54939 10.1744 10.8523 11.5942 12.4155 13.338 14.3947 15.6391 
-0.125977 0.0876586 0.305776 0.528593 0.756339 0.989268 1.22765 1.47178 1.72197 1.97858 2.24198 2.51259 2.79086 3.0773 3.37247 3.67697 3.99151 4.31684 4.65383 5.00346 5.36685 5.74526 6.14016 6.55324 6.98649 7.44225 7.92332 8.43306 8.97562 9.55611 10.181 10.8588 11.6006 12.4217 13.344 14.4004 15.6446 
-0.299794 -0.085323 0.133647 0.357334 0.585972 0.819812 1.05913 1.30421 1.55538 1.81299 2.07742 2.34909 2.62845 2.91601 3.21233 3.51802 3.83379 4.16039 4.4987 4.8497 5.21451 5.5944 5.99084 6.40553 6.84048 7.29802 7.78097 8.29271 8.83739 9.42015 10.0475 10.7279 11.4726 12.2969 13.2228 14.2834 15.5324 
-0.291002 -0.0765732 0.142354 0.365997 0.59459 0.828384 1.06765 1.31268 1.56381 1.82137 2.08575 2.35736 2.63666 2.92417 3.22043 3.52606 3.84176 4.1683 4.50655 4.85748 5.22221 5.60203 5.99839 6.41301 6.84786 7.30532 7.78817 8.29981 8.84438 9.42703 10.0543 10.7346 11.4791 12.3032 13.2289 14.2893 15.5381 
-0.291002 -0.0765732 0.142354 0.365997 0.59459 0.828384 1.06765 1.31268 1.56381 1.82137 2.08575 2.35736 2.63666 2.92417 3.22043 3.52606 3.84176 4.1683 4.50655 4.85748 5.22221 5.60203 5.99839 6.41301 6.84786 7.30532 7.78817 8.29981 8.84438 9.42703 10.0543 10.7346 11.4791 12.3032 13.2289 14.2893 15.5381 
-0.299794 -0.085323 0.133647 0.357334 0.585972 0.819812 1.05913 1.30421 1.55538 1.81299 2.07742 2.34909 2.62845 2.91601 3.21233 3.51802 3.83379 4.16039 4.4987 4.8497 5.21451 5.5944 5.99084 6.40553 6.84048 7.29802 7.78097 8.29271 8.83739 9.42015 10.0475 10.7279 11.4726 12.2969 13.2228 14.2834 15.5324 
-0.308596 -0.0940844 0.12493 0.348661 0.577344 0.81123 1.05059 1.29572 1.54694 1.80461 2.06909 2.34081 2.62022 2.90784 3.20422 3.50997 3.8258 4.15247 4.49084 4.84191 5.20679 5.58676 5.98328 6.39805 6.83308 7.29072 7.77376 8.2856 8.83039 9.41327 10.0408 10.7213 11.4661 12.2906 13.2167 14.2775 15.5268 
-0.299794 -0.085323 0.133647 0.357334 0.585972 0.819812 1.05913 1.30421 1.55538 1.81299 2.07742 2.34909 2.62845 2.91601 3.21233 3.51802 3.83379 4.16039 4.4987 4.8497 5.21451 5.5944 5.99084 6.40553 6.84048 7.29802 7.78097 8.29271 8.83739 9.42015 10.0475 10.7279 11.4726 12.2969 13.2228 14.2834 15.5324 
-0.273449 -0.0591056 0.159736 0.383291 0.611794 0.845496 1.08467 1.32961 1.58063 1.83809 2.10236 2.37387 2.65307 2.94046 3.2366 3.54211 3.85769 4.1841 4.52221 4.87301 5.2376 5.61726 6.01347 6.42792 6.86261 7.31988 7.80254 8.31398 8.85834 9.44076 10.0678 10.7478 11.492 12.3158 13.2412 14.3012 15.5494 
-0.273449 -0.0591056 0.159736 0.383291 0.611794 0.845496 1.08467 1.32961 1.58063 1.83809 2.10236 2.37387 2.65307 2.94046 3.2366 3.54211 3.85769 4.1841 4.52221 4.87301 5.2376 5.61726 6.01347 6.42792 6.86261 7.31988 7.80254 8.31398 8.85834 9.44076 10.0678 10.7478 11.492 12.3158 13.2412 14.3012 15.5494 
-0.26469 -0.0503878 0.16841 0.391922 0.62038 0.854036 1.09316 1.33805 1.58903 1.84643 2.11066 2.38211 2.66125 2.94858 3.24467 3.55012 3.86564 4.19198 4.53003 4.88075 5.24528 5.62487 6.02099 6.43536 6.86997 7.32715 7.80972 8.32106 8.8653 9.44761 10.0745 10.7544 11.4984 12.3221 13.2473 14.3071 15.5551 
-0.229757 -0.0156234 0.203003 0.42634 0.654619 0.888092 1.12703 1.37173 1.62251 1.87971 2.14373 2.41497 2.69389 2.981 3.27685 3.58207 3.89734 4.22343 4.56121 4.91166 5.27589 5.65518 6.051 6.46505 6.89931 7.35613 7.83833 8.34926 8.89309 9.47493 10.1013 10.7807 11.5242 12.3472 13.2716 14.3306 15.5776 
-0.22105 -0.00695855 0.211626 0.434919 0.663153 0.89658 1.13547 1.38012 1.63085 1.88801 2.15197 2.42316 2.70203 2.98908 3.28488 3.59003 3.90524 4.23126 4.56898 4.91936 5.28352 5.66274 6.05848 6.47245 6.90662 7.36336 7.84546 8.35629 8.90001 9.48175 10.108 10.7872 11.5306 12.3534 13.2777 14.3364 15.5832 
-0.20367 0.0103384 0.228837 0.452043 0.680188 0.913524 1.15232 1.39688 1.64751 1.90457 2.16843 2.43951 2.71827 3.00521 3.30089 3.60592 3.92101 4.24691 4.58449 4.93473 5.29876 5.67783 6.07341 6.48722 6.92122 7.37778 7.85969 8.37033 8.91383 9.49534 10.1214 10.8003 11.5434 12.3659 13.2898 14.3481 15.5945 
-0.194995 0.0189714 0.237428 0.46059 0.688691 0.921981 1.16073 1.40524 1.65582 1.91283 2.17664 2.44767 2.72637 3.01326 3.30888 3.61386 3.92888 4.25471 4.59223 4.94241 5.30636 5.68536 6.08087 6.49459 6.92851 7.38498 7.86679 8.37733 8.92073 9.50213 10.128 10.8068 11.5498 12.3721 13.2958 14.354 15.6001 
-0.186331 0.0275945 0.246008 0.469127 0.697183 0.930429 1.16913 1.41359 1.66413 1.92108 2.18484 2.45582 2.73447 3.0213 3.31686 3.62178 3.93674 4.26251 4.59996 4.95007 5.31395 5.69288 6.08831 6.50195 6.93579 7.39217 7.87389 8.38433 8.92762 9.5089 10.1347 10.8134 11.5561 12.3783 13.3019 14.3598 15.6056 
-0.194995 0.0189714 0.237428 0.46059 0.688691 0.921981 1.16073 1.40524 1.65582 1.91283 2.17664 2.44767 2.72637 3.01326 3.30888 3.61386 3.92888 4.25471 4.59223 4.94241 5.30636 5.68536 6.08087 6.49459 6.92851 7.38498 7.86679 8.37733 8.92073 9.50213 10.128 10.8068 11.5498 12.3721 13.2958 14.354 15.6001 
-0.194995 0.0189714 0.237428 0.46059 0.688691 0.921981 1.16073 1.40524 1.65582 1.91283 2.17664 2.44767 2.72637 3.01326 3.30888 3.61386 3.92888 4.25471 4.59223 4.94241 5.30636 5.68536 6.08087 6.49459 6.92851 7.38498 7.86679 8.37733 8.92073 9.50213 10.128 10.8068 11.5498 12.3721 13.2958 14.354 15.6001 
-0.20367 0.0103384 0.228837 0.452043 0.680188 0.913524 1.15232 1.39688 1.64751 1.90457 2.16843 2.43951 2.71827 3.00521 3.30089 3.60592 3.92101 4.24691 4.58449 4.93473 5.29876 5.67783 6.07341 6.48722 6.92122 7.37778 7.85969 8.37033 8.91383 9.49534 10.1214 10.8003 11.5434 12.3659 13.2898 14.3481 15.5945 
-0.194995 0.0189714 0.237428 0.46059 0.688691 0.921981 1.16073 1.40524 1.65582 1.91283 2.17664 2.44767 2.72637 3.01326 3.30888 3.61386 3.92888 4.25471 4.59223 4.94241 5.30636 5.68536 6.08087 6.49459 6.92851 7.38498 7.86679 8.37733 8.92073 9.50213 10.128 10.8068 11.5498 12.3721 13.2958 14.354 15.6001 
-0.177678 0.0362055 0.254577 0.477652 0.705665 0.938864 1.17752 1.42194 1.67242 1.92933 2.19303 2.46396 2.74255 3.02933 3.32483 3.62969 3.94459 4.2703 4.60769 4.95773 5.32154 5.70039 6.09574 6.5093 6.94306 7.39935 7.88098 8.39132 8.9345 9.51567 10.1413 10.8199 11.5625 12.3845 13.3079 14.3656 15.6112 
-0.194995 0.0189714 0.237428 0.46059 0.688691 0.921981 1.16073 1.40524 1.65582 1.91283 2.17664 2.44767 2.72637 3.01326 3.30888 3.61386 3.92888 4.25471 4.59223 4.94241 5.30636 5.68536 6.08087 6.49459 6.92851 7.38498 7.86679 8.37733 8.92073 9.50213 10.128 10.8068 11.5498 12.3721 13.2958 14.354 15.6001 
-0.15178 0.0619789 0.280224 0.503169 0.731048 0.964112 1.20263 1.4469 1.69724 1.954 2.21755 2.48832 2.76675 3.05336 3.34869 3.65338 3.96809 4.29361 4.6308 4.98064 5.34423 5.72286 6.11799 6.53131 6.96481 7.42084 7.90218 8.41223 8.9551 9.53593 10.1612 10.8394 11.5816 12.4031 13.326 14.3831 15.6279 
-0.15178 0.0619789 0.280224 0.503169 0.731048 0.964112 1.20263 1.4469 1.69724 1.954 2.21755 2.48832 2.76675 3.05336 3.34869 3.65338 3.96809 4.29361 4.6308 4.98064 5.34423 5.72286 6.11799 6.53131 6.96481 7.42084 7.90218 8.41223 8.9551 9.53593 10.1612 10.8394 11.5816 12.4031 13.326 14.3831 15.6279 
-0.125977 0.0876586 0.305776 0.528593 0.756339 0.989268 1.22765 1.47178 1.72197 1.97858 2.24198 2.51259 2.79086 3.0773 3.37247 3.67697 3.99151 4.31684 4.65383 5.00346 5.36685 5.74526 6.14016 6.55324 6.98649 7.44225 7.92332 8.43306 8.97562 9.55611 10.181 10.8588 11.6006 12.4217 13.344 14.4004 15.6446 
-0.134568 0.0791087 0.297269 0.520128 0.747919 0.980894 1.21932 1.4635 1.71374 1.9704 2.23385 2.50451 2.78284 3.06933 3.36455 3.66912 3.98371 4.3091 4.64616 4.99586 5.35932 5.7378 6.13278 6.54594 6.97927 7.43512 7.91628 8.42613 8.96879 9.54939 10.1744 10.8523 11.5942 12.4155 13.338 14.3947 15.6391 
-0.143168 0.0705491 0.288751 0.511654 0.739489 0.972508 1.21098 1.4552 1.7055 1.9622 2.2257 2.49642 2.7748 3.06135 3.35663 3.66125 3.97591 4.30136 4.63849 4.98826 5.35178 5.73034 6.12539 6.53863 6.97205 7.42798 7.90924 8.41918 8.96195 9.54267 10.1678 10.8459 11.5879 12.4093 13.332 14.3889 15.6335 
-0.15178 0.0619789 0.280224 0.503169 0.731048 0.964112 1.20263 1.4469 1.69724 1.954 2.21755 2.48832 2.76675 3.05336 3.34869 3.65338 3.96809 4.29361 4.6308 4.98064 5.34423 5.72286 6.11799 6.53131 6.96481 7.42084 7.90218 8.41223 8.9551 9.53593 10.1612 10.8394 11.5816 12.4031 13.326 14.3831 15.6279 
-0.160402 0.0533985 0.271685 0.494674 0.722598 0.955707 1.19427 1.43859 1.68898 1.94578 2.20939 2.48021 2.7587 3.04536 3.34075 3.64549 3.96027 4.28585 4.62311 4.97301 5.33668 5.71538 6.11058 6.52398 6.95757 7.41368 7.89512 8.40527 8.94824 9.52919 10.1546 10.8329 11.5752 12.3969 13.32 14.3773 15.6224 
-0.177678 0.0362055 0.254577 0.477652 0.705665 0.938864 1.17752 1.42194 1.67242 1.92933 2.19303 2.46396 2.74255 3.02933 3.32483 3.62969 3.94459 4.2703 4.60769 4.95773 5.32154 5.70039 6.09574 6.5093 6.94306 7.39935 7.88098 8.39132 8.9345 9.51567 10.1413 10.8199 11.5625 12.3845 13.3079 14.3656 15.6112 
-0.15178 0.0619789 0.280224 0.503169 0.731048 0.964112 1.20263 1.4469 1.69724 1.954 2.21755 2.48832 2.76675 3.05336 3.34869 3.65338 3.96809 4.29361 4.6308 4.98064 5.34423 5.72286 6.11799 6.53131 6.96481 7.42084 7.90218 8.41223 8.9551 9.53593 10.1612 10.8394 11.5816 12.4031 13.326 14.3831 15.6279 
-0.160402 0.0533985 0.271685 0.494674 0.722598 0.955707 1.19427 1.43859 1.68898 1.94578 2.20939 2.48021 2.7587 3.04536 3.34075 3.64549 3.96027 4.28585 4.62311 4.97301 5.33668 5.71538 6.11058 6.52398 6.95757 7.41368 7.89512 8.40527 8.94824 9.52919 10.1546 10.8329 11.5752 12.3969 13.32 14.3773 15.6224 
-0.169035 0.0448071 0.263136 0.486168 0.714136 0.947291 1.1859 1.43027 1.6807 1.93756 2.20122 2.47209 2.75063 3.03735 3.3328 3.6376 3.95244 4.27808 4.6154 4.96537 5.32911 5.70789 6.10317 6.51665 6.95032 7.40652 7.88805 8.3983 8.94138 9.52243 10.148 10.8264 11.5689 12.3908 13.3139 14.3715 15.6168 
-0.160402 0.0533985 0.271685 0.494674 0.722598 0.955707 1.19427 1.43859 1.68898 1.94578 2.20939 2.48021 2.7587 3.04536 3.34075 3.64549 3.96027 4.28585 4.62311 4.97301 5.33668 5.71538 6.11058 6.52398 6.95757 7.41368 7.89512 8.40527 8.94824 9.52919 10.1546 10.8329 11.5752 12.3969 13.32 14.3773 15.6224 
-0.15178 0.0619789 0.280224 0.503169 0.731048 0.964112 1.20263 1.4469 1.69724 1.954 2.21755 2.48832 2.76675 3.05336 3.34869 3.65338 3.96809 4.29361 4.6308 4.98064 5.34423 5.72286 6.11799 6.53131 6.96481 7.42084 7.90218 8.41223 8.9551 9.53593 10.1612 10.8394 11.5816 12.4031 13.326 14.3831 15.6279 
-0.143168 0.0705491 0.288751 0.511654 0.739489 0.972508 1.21098 1.4552 1.7055 1.9622 2.2257 2.49642 2.7748 3.06135 3.35663 3.66125 3.97591 4.30136 4.63849 4.98826 5.35178 5.73034 6.12539 6.53863 6.97205 7.42798 7.90924 8.41918 8.96195 9.54267 10.1678 10.8459 11.5879 12.4093 13.332 14.3889 15.6335 
-0.125977 0.0876586 0.305776 0.528593 0.756339 0.989268 1.22765 1.47178 1.72197 1.97858 2.24198 2.51259 2.79086 3.0773 3.37247 3.67697 3.99151 4.31684 4.65383 5.00346 5.36685 5.74526 6.14016 6.55324 6.98649 7.44225 7.92332 8.43306 8.97562 9.55611 10.181 10.8588 11.6006 12.4217 13.344 14.4004 15.6446 
-0.108826 0.104726 0.32276 0.54549 0.773149 1.00599 1.24428 1.48831 1.73841 1.99492 2.25822 2.52872 2.80689 3.09322 3.38827 3.69266 4.00707 4.33227 4.66914 5.01863 5.38188 5.76015 6.15489 6.56781 7.00089 7.45648 7.93736 8.44691 8.98926 9.56953 10.1942 10.8717 11.6132 12.434 13.3559 14.412 15.6557 
-0.299794 -0.085323 0.133647 0.357334 0.585972 0.819812 1.05913 1.30421 1.55538 1.81299 2.07742 2.34909 2.62845 2.91601 3.21233 3.51802 3.83379 4.16039 4.4987 4.8497 5.21451 5.5944 5.99084 6.40553 6.84048 7.29802 7.78097 8.29271 8.83739 9.42015 10.0475 10.7279 11.4726 12.2969 13.2228 14.2834 15.5324 
-0.308596 -0.0940844 0.12493 0.348661 0.577344 0.81123 1.05059 1.29572 1.54694 1.80461 2.06909 2.34081 2.62022 2.90784 3.20422 3.50997 3.8258 4.15247 4.49084 4.84191 5.20679 5.58676 5.98328 6.39805 6.83308 7.29072 7.77376 8.2856 8.83039 9.41327 10.0408 10.7213 11.4661 12.2906 13.2167 14.2775 15.5268 
-0.291002 -0.0765732 0.142354 0.365997 0.59459 0.828384 1.06765 1.31268 1.56381 1.82137 2.08575 2.35736 2.63666 2.92417 3.22043 3.52606 3.84176 4.1683 4.50655 4.85748 5.22221 5.60203 5.99839 6.41301 6.84786 7.30532 7.78817 8.29981 8.84438 9.42703 10.0543 10.7346 11.4791 12.3032 13.2289 14.2893 15.5381 
-0.299794 -0.085323 0.133647 0.357334 0.585972 0.819812 1.05913 1.30421 1.55538 1.81299 2.07742 2.34909 2.62845 2.91601 3.21233 3.51802 3.83379 4.16039 4.4987 4.8497 5.21451 5.5944 5.99084 6.40553 6.84048 7.29802 7.78097 8.29271 8.83739 9.42015 10.0475 10.7279 11.4726 12.2969 13.2228 14.2834 15.5324 
-0.335072 -0.120432 0.0987117 0.322576 0.551394 0.785419 1.02492 1.2702 1.52157 1.77938 2.04402 2.3159 2.59549 2.88327 3.17983 3.48576 3.80177 4.12864 4.46721 4.81849 5.18359 5.56378 5.96053 6.37556 6.81084 7.26875 7.75208 8.26422 8.80933 9.39256 10.0204 10.7014 11.4466 12.2716 13.1982 14.2597 15.5097 
-0.291002 -0.0765732 0.142354 0.365997 0.59459 0.828384 1.06765 1.31268 1.56381 1.82137 2.08575 2.35736 2.63666 2.92417 3.22043 3.52606 3.84176 4.1683 4.50655 4.85748 5.22221 5.60203 5.99839 6.41301 6.84786 7.30532 7.78817 8.29981 8.84438 9.42703 10.0543 10.7346 11.4791 12.3032 13.2289 14.2893 15.5381 
-0.26469 -0.0503878 0.16841 0.391922 0.62038 0.854036 1.09316 1.33805 1.58903 1.84643 2.11066 2.38211 2.66125 2.94858 3.24467 3.55012 3.86564 4.19198 4.53003 4.88075 5.24528 5.62487 6.02099 6.43536 6.86997 7.32715 7.80972 8.32106 8.8653 9.44761 10.0745 10.7544 11.4984 12.3221 13.2473 14.3071 15.5551 
-0.273449 -0.0591056 0.159736 0.383291 0.611794 0.845496 1.08467 1.32961 1.58063 1.83809 2.10236 2.37387 2.65307 2.94046 3.2366 3.54211 3.85769 4.1841 4.52221 4.87301 5.2376 5.61726 6.01347 6.42792 6.86261 7.31988 7.80254 8.31398 8.85834 9.44076 10.0678 10.7478 11.492 12.3158 13.2412 14.3012 15.5494 
-0.247201 -0.0329835 0.185729 0.409152 0.637521 0.871085 1.11012 1.35491 1.60579 1.86309 2.12721 2.39856 2.67759 2.96481 3.26078 3.56612 3.88151 4.20773 4.54564 4.89623 5.2606 5.64004 6.03602 6.45022 6.88466 7.34166 7.82404 8.33518 8.87921 9.46129 10.0879 10.7675 11.5113 12.3346 13.2595 14.3188 15.5664 
-0.22105 -0.00695855 0.211626 0.434919 0.663153 0.89658 1.13547 1.38012 1.63085 1.88801 2.15197 2.42316 2.70203 2.98908 3.28488 3.59003 3.90524 4.23126 4.56898 4.91936 5.28352 5.66274 6.05848 6.47245 6.90662 7.36336 7.84546 8.35629 8.90001 9.48175 10.108 10.7872 11.5306 12.3534 13.2777 14.3364 15.5832 
-0.20367 0.0103384 0.228837 0.452043 0.680188 0.913524 1.15232 1.39688 1.64751 1.90457 2.16843 2.43951 2.71827 3.00521 3.30089 3.60592 3.92101 4.24691 4.58449 4.93473 5.29876 5.67783 6.07341 6.48722 6.92122 7.37778 7.85969 8.37033 8.91383 9.49534 10.1214 10.8003 11.5434 12.3659 13.2898 14.3481 15.5945 
-0.177678 0.0362055 0.254577 0.477652 0.705665 0.938864 1.17752 1.42194 1.67242 1.92933 2.19303 2.46396 2.74255 3.02933 3.32483 3.62969 3.94459 4.2703 4.60769 4.95773 5.32154 5.70039 6.09574 6.5093 6.94306 7.39935 7.88098 8.39132 8.9345 9.51567 10.1413 10.8199 11.5625 12.3845 13.3079 14.3656 15.6112 
-0.212356 0.00169486 0.220237 0.443486 0.671676 0.905057 1.1439 1.3885 1.63918 1.89629 2.1602 2.43134 2.71015 2.99715 3.29289 3.59798 3.91313 4.23909 4.57674 4.92705 5.29114 5.67029 6.06595 6.47984 6.91393 7.37057 7.85258 8.36331 8.90693 9.48855 10.1147 10.7938 11.537 12.3597 13.2837 14.3423 15.5889 
-0.186331 0.0275945 0.246008 0.469127 0.697183 0.930429 1.16913 1.41359 1.66413 1.92108 2.18484 2.45582 2.73447 3.0213 3.31686 3.62178 3.93674 4.26251 4.59996 4.95007 5.31395 5.69288 6.08831 6.50195 6.93579 7.39217 7.87389 8.38433 8.92762 9.5089 10.1347 10.8134 11.5561 12.3783 13.3019 14.3598 15.6056 
-0.22105 -0.00695855 0.211626 0.434919 0.663153 0.89658 1.13547 1.38012 1.63085 1.88801 2.15197 2.42316 2.70203 2.98908 3.28488 3.59003 3.90524 4.23126 4.56898 4.91936 5.28352 5.66274 6.05848 6.47245 6.90662 7.36336 7.84546 8.35629 8.90001 9.48175 10.108 10.7872 11.5306 12.3534 13.2777 14.3364 15.5832 
-0.212356 0.00169486 0.220237 0.443486 0.671676 0.905057 1.1439 1.3885 1.63918 1.89629 2.1602 2.43134 2.71015 2.99715 3.29289 3.59798 3.91313 4.23909 4.57674 4.92705 5.29114 5.67029 6.06595 6.47984 6.91393 7.37057 7.85258 8.36331 8.90693 9.48855 10.1147 10.7938 11.537 12.3597 13.2837 14.3423 15.5889 
-0.22105 -0.00695855 0.211626 0.434919 0.663153 0.89658 1.13547 1.38012 1.63085 1.88801 2.15197 2.42316 2.70203 2.98908 3.28488 3.59003 3.90524 4.23126 4.56898 4.91936 5.28352 5.66274 6.05848 6.47245 6.90662 7.36336 7.84546 8.35629 8.90001 9.48175 10.108 10.7872 11.5306 12.3534 13.2777 14.3364 15.5832 
-0.20367 0.0103384 0.228837 0.452043 0.680188 0.913524 1.15232 1.39688 1.64751 1.90457 2.16843 2.43951 2.71827 3.00521 3.30089 3.60592 3.92101 4.24691 4.58449 4.93473 5.29876 5.67783 6.07341 6.48722 6.92122 7.37778 7.85969 8.37033 8.91383 9.49534 10.1214 10.8003 11.5434 12.3659 13.2898 14.3481 15.5945 
-0.177678 0.0362055 0.254577 0.477652 0.705665 0.938864 1.17752 1.42194 1.67242 1.92933 2.19303 2.46396 2.74255 3.02933 3.32483 3.62969 3.94459 4.2703 4.60769 4.95773 5.32154 5.70039 6.09574 6.5093 6.94306 7.39935 7.88098 8.39132 8.9345 9.51567 10.1413 10.8199 11.5625 12.3845 13.3079 14.3656 15.6112 
-0.169035 0.0448071 0.263136 0.486168 0.714136 0.947291 1.1859 1.43027 1.6807 1.93756 2.20122 2.47209 2.75063 3.03735 3.3328 3.6376 3.95244 4.27808 4.6154 4.96537 5.32911 5.70789 6.10317 6.51665 6.95032 7.40652 7.88805 8.3983 8.94138 9.52243 10.148 10.8264 11.5689 12.3908 13.3139 14.3715 15.6168 
-0.160402 0.0533985 0.271685 0.494674 0.722598 0.955707 1.19427 1.43859 1.68898 1.94578 2.20939 2.48021 2.7587 3.04536 3.34075 3.64549 3.96027 4.28585 4.62311 4.97301 5.33668 5.71538 6.11058 6.52398 6.95757 7.41368 7.89512 8.40527 8.94824 9.52919 10.1546 10.8329 11.5752 12.3969 13.32 14.3773 15.6224 
-0.177678 0.0362055 0.254577 0.477652 0.705665 0.938864 1.17752 1.42194 1.67242 1.92933 2.19303 2.46396 2.74255 3.02933 3.32483 3.62969 3.94459 4.2703 4.60769 4.95773 5.32154 5.70039 6.09574 6.5093 6.94306 7.39935 7.88098 8.39132 8.9345 9.51567 10.1413 10.8199 11.5625 12.3845 13.3079 14.3656 15.6112 
-0.15178 0.0619789 0.280224 0.503169 0.731048 0.964112 1.20263 1.4469 1.69724 1.954 2.21755 2.48832 2.76675 3.05336 3.34869 3.65338 3.96809 4.29361 4.6308 4.98064 5.34423 5.72286 6.11799 6.53131 6.96481 7.42084 7.90218 8.41223 8.9551 9.53593 10.1612 10.8394 11.5816 12.4031 13.326 14.3831 15.6279 
-0.143168 0.0705491 0.288751 0.511654 0.739489 0.972508 1.21098 1.4552 1.7055 1.9622 2.2257 2.49642 2.7748 3.06135 3.35663 3.66125 3.97591 4.30136 4.63849 4.98826 5.35178 5.73034 6.12539 6.53863 6.97205 7.42798 7.90924 8.41918 8.96195 9.54267 10.1678 10.8459 11.5879 12.4093 13.332 14.3889 15.6335 
-0.160402 0.0533985 0.271685 0.494674 0.722598 0.955707 1.19427 1.43859 1.68898 1.94578 2.20939 2.48021 2.7587 3.04536 3.34075 3.64549 3.96027 4.28585 4.62311 4.97301 5.33668 5.71538 6.11058 6.52398 6.95757 7.41368 7.89512 8.40527 8.94824 9.52919 10.1546 10.8329 11.5752 12.3969 13.32 14.3773 15.6224 
-0.169035 0.0448071 0.263136 0.486168 0.714136 0.947291 1.1859 1.43027 1.6807 1.93756 2.20122 2.47209 2.75063 3.03735 3.3328 3.6376 3.95244 4.27808 4.6154 4.96537 5.32911 5.70789 6.10317 6.51665 6.95032 7.40652 7.88805 8.3983 8.94138 9.52243 10.148 10.8264 11.5689 12.3908 13.3139 14.3715 15.6168 
-0.177678 0.0362055 0.254577 0.477652 0.705665 0.938864 1.17752 1.42194 1.67242 1.92933 2.19303 2.46396 2.74255 3.02933 3.32483 3.62969 3.94459 4.2703 4.60769 4.95773 5.32154 5.70039 6.09574 6.5093 6.94306 7.39935 7.88098 8.39132 8.9345 9.51567 10.1413 10.8199 11.5625 12.3845 13.3079 14.3656 15.6112 
-0.186331 0.0275945 0.246008 0.469127 0.697183 0.930429 1.16913 1.41359 1.66413 1.92108 2.18484 2.45582 2.73447 3.0213 3.31686 3.62178 3.93674 4.26251 4.59996 4.95007 5.31395 5.69288 6.08831 6.50195 6.93579 7.39217 7.87389 8.38433 8.92762 9.5089 10.1347 10.8134 11.5561 12.3783 13.3019 14.3598 15.6056 
-0.169035 0.0448071 0.263136 0.486168 0.714136 0.947291 1.1859 1.43027 1.6807 1.93756 2.20122 2.47209 2.75063 3.03735 3.3328 3.6376 3.95244 4.27808 4.6154 4.96537 5.32911 5.70789 6.10317 6.51665 6.95032 7.40652 7.88805 8.3983 8.94138 9.52243 10.148 10.8264 11.5689 12.3908 13.3139 14.3715 15.6168 
-0.177678 0.0362055 0.254577 0.477652 0.705665 0.938864 1.17752 1.42194 1.67242 1.92933 2.19303 2.46396 2.74255 3.02933 3.32483 3.62969 3.94459 4.2703 4.60769 4.95773 5.32154 5.70039 6.09574 6.5093 6.94306 7.39935 7.88098 8.39132 8.9345 9.51567 10.1413 10.8199 11.5625 12.3845 13.3079 14.3656 15.6112 
-0.177678 0.0362055 0.254577 0.477652 0.705665 0.938864 1.17752 1.42194 1.67242 1.92933 2.19303 2.46396 2.74255 3.02933 3.32483 3.62969 3.94459 4.2703 4.60769 4.95773 5.32154 5.70039 6.09574 6.5093 6.94306 7.39935 7.88098 8.39132 8.9345 9.51567 10.1413 10.8199 11.5625 12.3845 13.3079 14.3656 15.6112 
-0.160402 0.0533985 0.271685 0.494674 0.722598 0.955707 1.19427 1.43859 1.68898 1.94578 2.20939 2.48021 2.7587 3.04536 3.34075 3.64549 3.96027 4.28585 4.62311 4.97301 5.33668 5.71538 6.11058 6.52398 6.95757 7.41368 7.89512 8.40527 8.94824 9.52919 10.1546 10.8329 11.5752 12.3969 13.32 14.3773 15.6224 
-0.15178 0.0619789 0.280224 0.503169 0.731048 0.964112 1.20263 1.4469 1.69724 1.954 2.21755 2.48832 2.76675 3.05336 3.34869 3.65338 3.96809 4.29361 4.6308 4.98064 5.34423 5.72286 6.11799 6.53131 6.96481 7.42084 7.90218 8.41223 8.9551 9.53593 10.1612 10.8394 11.5816 12.4031 13.326 14.3831 15.6279 
-0.134568 0.0791087 0.297269 0.520128 0.747919 0.980894 1.21932 1.4635 1.71374 1.9704 2.23385 2.50451 2.78284 3.06933 3.36455 3.66912 3.98371 4.3091 4.64616 4.99586 5.35932 5.7378 6.13278 6.54594 6.97927 7.43512 7.91628 8.42613 8.96879 9.54939 10.1744 10.8523 11.5942 12.4155 13.338 14.3947 15.6391 
-0.117396 0.0961972 0.314273 0.537046 0.76475 0.997634 1.23597 1.48005 1.7302 1.98676 2.2501 2.52066 2.79888 3.08527 3.38037 3.68482 3.99929 4.32456 4.66149 5.01105 5.37437 5.75271 6.14753 6.56053 6.99369 7.44937 7.93034 8.43999 8.98244 9.56283 10.1876 10.8653 11.6069 12.4278 13.3499 14.4062 15.6501 
-0.100266 0.113245 0.331237 0.553924 0.78154 1.01433 1.25258 1.49657 1.74662 2.00307 2.26632 2.53677 2.81489 3.10116 3.39616 3.70048 4.01483 4.33998 4.67677 5.02621 5.38938 5.76758 6.16224 6.57509 7.00808 7.46358 7.94437 8.45382 8.99607 9.57623 10.2008 10.8782 11.6195 12.4401 13.3619 14.4178 15.6612 
-0.326236 -0.111639 0.107462 0.331282 0.560055 0.794033 1.03349 1.27872 1.53004 1.7878 2.05239 2.32422 2.60374 2.89147 3.18797 3.49384 3.80979 4.13659 4.4751 4.82631 5.19133 5.57145 5.96812 6.38306 6.81826 7.27608 7.75931 8.27136 8.81636 9.39947 10.0272 10.708 11.4531 12.2779 13.2044 14.2656 15.5154 
-0.308596 -0.0940844 0.12493 0.348661 0.577344 0.81123 1.05059 1.29572 1.54694 1.80461 2.06909 2.34081 2.62022 2.90784 3.20422 3.50997 3.8258 4.15247 4.49084 4.84191 5.20679 5.58676 5.98328 6.39805 6.83308 7.29072 7.77376 8.2856 8.83039 9.41327 10.0408 10.7213 11.4661 12.2906 13.2167 14.2775 15.5268 
-0.299794 -0.085323 0.133647 0.357334 0.585972 0.819812 1.05913 1.30421 1.55538 1.81299 2.07742 2.34909 2.62845 2.91601 3.21233 3.51802 3.83379 4.16039 4.4987 4.8497 5.21451 5.5944 5.99084 6.40553 6.84048 7.29802 7.78097 8.29271 8.83739 9.42015 10.0475 10.7279 11.4726 12.2969 13.2228 14.2834 15.5324 
-0.299794 -0.085323 0.133647 0.357334 0.585972 0.819812 1.05913 1.30421 1.55538 1.81299 2.07742 2.34909 2.62845 2.91601 3.21233 3.51802 3.83379 4.16039 4.4987 4.8497 5.21451 5.5944 5.99084 6.40553 6.84048 7.29802 7.78097 8.29271 8.83739 9.42015 10.0475 10.7279 11.4726 12.2969 13.2228 14.2834 15.5324 
-0.335072 -0.120432 0.0987117 0.322576 0.551394 0.785419 1.02492 1.2702 1.52157 1.77938 2.04402 2.3159 2.59549 2.88327 3.17983 3.48576 3.80177 4.12864 4.46721 4.81849 5.18359 5.56378 5.96053 6.37556 6.81084 7.26875 7.75208 8.26422 8.80933 9.39256 10.0204 10.7014 11.4466 12.2716 13.1982 14.2597 15.5097 
-0.28222 -0.0678341 0.15105 0.37465 0.603197 0.836945 1.07616 1.32115 1.57222 1.82973 2.09406 2.36562 2.64487 2.93232 3.22852 3.53409 3.84973 4.17621 4.51438 4.86525 5.22991 5.60965 6.00594 6.42047 6.85524 7.3126 7.79536 8.3069 8.85136 9.4339 10.061 10.7412 11.4855 12.3095 13.235 14.2953 15.5438 
-0.255941 -0.0416808 0.177075 0.400542 0.628955 0.862565 1.10164 1.34649 1.59741 1.85477 2.11894 2.39034 2.66943 2.9567 3.25273 3.55813 3.87358 4.19986 4.53784 4.88849 5.25294 5.63246 6.02851 6.4428 6.87732 7.33441 7.81688 8.32812 8.87226 9.45445 10.0812 10.761 11.5049 12.3284 13.2534 14.3129 15.5607 
-0.22105 -0.00695855 0.211626 0.434919 0.663153 0.89658 1.13547 1.38012 1.63085 1.88801 2.15197 2.42316 2.70203 2.98908 3.28488 3.59003 3.90524 4.23126 4.56898 4.91936 5.28352 5.66274 6.05848 6.47245 6.90662 7.36336 7.84546 8.35629 8.90001 9.48175 10.108 10.7872 11.5306 12.3534 13.2777 14.3364 15.5832 
-0.212356 0.00169486 0.220237 0.443486 0.671676 0.905057 1.1439 1.3885 1.63918 1.89629 2.1602 2.43134 2.71015 2.99715 3.29289 3.59798 3.91313 4.23909 4.57674 4.92705 5.29114 5.67029 6.06595 6.47984 6.91393 7.37057 7.85258 8.36331 8.90693 9.48855 10.1147 10.7938 11.537 12.3597 13.2837 14.3423 15.5889 
-0.212356 0.00169486 0.220237 0.443486 0.671676 0.905057 1.1439 1.3885 1.63918 1.89629 2.1602 2.43134 2.71015 2.99715 3.29289 3.59798 3.91313 4.23909 4.57674 4.92705 5.29114 5.67029 6.06595 6.47984 6.91393 7.37057 7.85258 8.36331 8.90693 9.48855 10.1147 10.7938 11.537 12.3597 13.2837 14.3423 15.5889 
-0.186331 0.0275945 0.246008 0.469127 0.697183 0.930429 1.16913 1.41359 1.66413 1.92108 2.18484 2.45582 2.73447 3.0213 3.31686 3.62178 3.93674 4.26251 4.59996 4.95007 5.31395 5.69288 6.08831 6.50195 6.93579 7.39217 7.87389 8.38433 8.92762 9.5089 10.1347 10.8134 11.5561 12.3783 13.3019 14.3598 15.6056 
-0.177678 0.0362055 0.254577 0.477652 0.705665 0.938864 1.17752 1.42194 1.67242 1.92933 2.19303 2.46396 2.74255 3.02933 3.32483 3.62969 3.94459 4.2703 4.60769 4.95773 5.32154 5.70039 6.09574 6.5093 6.94306 7.39935 7.88098 8.39132 8.9345 9.51567 10.1413 10.8199 11.5625 12.3845 13.3079 14.3656 15.6112 
-0.20367 0.0103384 0.228837 0.452043 0.680188 0.913524 1.15232 1.39688 1.64751 1.90457 2.16843 2.43951 2.71827 3.00521 3.30089 3.60592 3.92101 4.24691 4.58449 4.93473 5.29876 5.67783 6.07341 6.48722 6.92122 7.37778 7.85969 8.37033 8.91383 9.49534 10.1214 10.8003 11.5434 12.3659 13.2898 14.3481 15.5945 
-0.194995 0.0189714 0.237428 0.46059 0.688691 0.921981 1.16073 1.40524 1.65582 1.91283 2.17664 2.44767 2.72637 3.01326 3.30888 3.61386 3.92888 4.25471 4.59223 4.94241 5.30636 5.68536 6.08087 6.49459 6.92851 7.38498 7.86679 8.37733 8.92073 9.50213 10.128 10.8068 11.5498 12.3721 13.2958 14.354 15.6001 
-0.194995 0.0189714 0.237428 0.46059 0.688691 0.921981 1.16073 1.40524 1.65582 1.91283 2.17664 2.44767 2.72637 3.01326 3.30888 3.61386 3.92888 4.25471 4.59223 4.94241 5.30636 5.68536 6.08087 6.49459 6.92851 7.38498 7.86679 8.37733 8.92073 9.50213 10.128 10.8068 11.5498 12.3721 13.2958 14.354 15.6001 
-0.22105 -0.00695855 0.211626 0.434919 0.663153 0.89658 1.13547 1.38012 1.63085 1.88801 2.15197 2.42316 2.70203 2.98908 3.28488 3.59003 3.90524 4.23126 4.56898 4.91936 5.28352 5.66274 6.05848 6.47245 6.90662 7.36336 7.84546 8.35629 8.90001 9.48175 10.108 10.7872 11.5306 12.3534 13.2777 14.3364 15.5832 
-0.212356 0.00169486 0.220237 0.443486 0.671676 0.905057 1.1439 1.3885 1.63918 1.89629 2.1602 2.43134 2.71015 2.99715 3.29289 3.59798 3.91313 4.23909 4.57674 4.92705 5.29114 5.67029 6.06595 6.47984 6.91393 7.37057 7.85258 8.36331 8.90693 9.48855 10.1147 10.7938 11.537 12.3597 13.2837 14.3423 15.5889 
-0.20367 0.0103384 0.228837 0.452043 0.680188 0.913524 1.15232 1.39688 1.64751 1.90457 2.16843 2.43951 2.71827 3.00521 3.30089 3.60592 3.92101 4.24691 4.58449 4.93473 5.29876 5.67783 6.07341 6.48722 6.92122 7.37778 7.85969 8.37033 8.91383 9.49534 10.1214 10.8003 11.5434 12.3659 13.2898 14.3481 15.5945 
-0.177678 0.0362055 0.254577 0.477652 0.705665 0.938864 1.17752 1.42194 1.67242 1.92933 2.19303 2.46396 2.74255 3.02933 3.32483 3.62969 3.94459 4.2703 4.60769 4.95773 5.32154 5.70039 6.09574 6.5093 6.94306 7.39935 7.88098 8.39132 8.9345 9.51567 10.1413 10.8199 11.5625 12.3845 13.3079 14.3656 15.6112 
-0.177678 0.0362055 0.254577 0.477652 0.705665 0.938864 1.17752 1.42194 1.67242 1.92933 2.19303 2.46396 2.74255 3.02933 3.32483 3.62969 3.94459 4.2703 4.60769 4.95773 5.32154 5.70039 6.09574 6.5093 6.94306 7.39935 7.88098 8.39132 8.9345 9.51567 10.1413 10.8199 11.5625 12.3845 13.3079 14.3656 15.6112 
-0.186331 0.0275945 0.246008 0.469127 0.697183 0.930429 1.16913 1.41359 1.66413 1.92108 2.18484 2.45582 2.73447 3.0213 3.31686 3.62178 3.93674 4.26251 4.59996 4.95007 5.31395 5.69288 6.08831 6.50195 6.93579 7.39217 7.87389 8.38433 8.92762 9.5089 10.1347 10.8134 11.5561 12.3783 13.3019 14.3598 15.6056 
-0.186331 0.0275945 0.246008 0.469127 0.697183 0.930429 1.16913 1.41359 1.66413 1.92108 2.18484 2.45582 2.73447 3.0213 3.31686 3.62178 3.93674 4.26251 4.59996 4.95007 5.31395 5.69288 6.08831 6.50195 6.93579 7.39217 7.87389 8.38433 8.92762 9.5089 10.1347 10.8134 11.5561 12.3783 13.3019 14.3598 15.6056 
-0.160402 0.0533985 0.271685 0.494674 0.722598 0.955707 1.19427 1.43859 1.68898 1.94578 2.20939 2.48021 2.7587 3.04536 3.34075 3.64549 3.96027 4.28585 4.62311 4.97301 5.33668 5.71538 6.11058 6.52398 6.95757 7.41368 7.89512 8.40527 8.94824 9.52919 10.1546 10.8329 11.5752 12.3969 13.32 14.3773 15.6224 
-0.160402 0.0533985 0.271685 0.494674 0.722598 0.955707 1.19427 1.43859 1.68898 1.94578 2.20939 2.48021 2.7587 3.04536 3.34075 3.64549 3.96027 4.28585 4.62311 4.97301 5.33668 5.71538 6.11058 6.52398 6.95757 7.41368 7.89512 8.40527 8.94824 9.52919 10.1546 10.8329 11.5752 12.3969 13.32 14.3773 15.6224 
-0.160402 0.0533985 0.271685 0.494674 0.722598 0.955707 1.19427 1.43859 1.68898 1.94578 2.20939 2.48021 2.7587 3.04536 3.34075 3.64549 3.96027 4.28585 4.62311 4.97301 5.33668 5.71538 6.11058 6.52398 6.95757 7.41368 7.89512 8.40527 8.94824 9.52919 10.1546 10.8329 11.5752 12.3969 13.32 14.3773 15.6224 
-0.169035 0.0448071 0.263136 0.486168 0.714136 0.947291 1.1859 1.43027 1.6807 1.93756 2.20122 2.47209 2.75063 3.03735 3.3328 3.6376 3.95244 4.27808 4.6154 4.96537 5.32911 5.70789 6.10317 6.51665 6.95032 7.40652 7.88805 8.3983 8.94138 9.52243 10.148 10.8264 11.5689 12.3908 13.3139 14.3715 15.6168 
-0.186331 0.0275945 0.246008 0.469127 0.697183 0.930429 1.16913 1.41359 1.66413 1.92108 2.18484 2.45582 2.73447 3.0213 3.31686 3.62178 3.93674 4.26251 4.59996 4.95007 5.31395 5.69288 6.08831 6.50195 6.93579 7.39217 7.87389 8.38433 8.92762 9.5089 10.1347 10.8134 11.5561 12.3783 13.3019 14.3598 15.6056 
-0.186331 0.0275945 0.246008 0.469127 0.697183 0.930429 1.16913 1.41359 1.66413 1.92108 2.18484 2.45582 2.73447 3.0213 3.31686 3.62178 3.93674 4.26251 4.59996 4.95007 5.31395 5.69288 6.08831 6.50195 6.93579 7.39217 7.87389 8.38433 8.92762 9.5089 10.1347 10.8134 11.5561 12.3783 13.3019 14.3598 15.6056 
-0.177678 0.0362055 0.254577 0.477652 0.705665 0.938864 1.17752 1.42194 1.67242 1.92933 2.19303 2.46396 2.74255 3.02933 3.32483 3.62969 3.94459 4.2703 4.60769 4.95773 5.32154 5.70039 6.09574 6.5093 6.94306 7.39935 7.88098 8.39132 8.9345 9.51567 10.1413 10.8199 11.5625 12.3845 13.3079 14.3656 15.6112 
-0.186331 0.0275945 0.246008 0.469127 0.697183 0.930429 1.16913 1.41359 1.66413 1.92108 2.18484 2.45582 2.73447 3.0213 3.31686 3.62178 3.93674 4.26251 4.59996 4.95007 5.31395 5.69288 6.08831 6.50195 6.93579 7.39217 7.87389 8.38433 8.92762 9.5089 10.1347 10.8134 11.5561 12.3783 13.3019 14.3598 15.6056 
-0.177678 0.0362055 0.254577 0.477652 0.705665 0.938864 1.17752 1.42194 1.67242 1.92933 2.19303 2.46396 2.74255 3.02933 3.32483 3.62969 3.94459 4.2703 4.60769 4.95773 5.32154 5.70039 6.09574 6.5093 6.94306 7.39935 7.88098 8.39132 8.9345 9.51567 10.1413 10.8199 11.5625 12.3845 13.3079 14.3656 15.6112 
-0.169035 0.0448071 0.263136 0.486168 0.714136 0.947291 1.1859 1.43027 1.6807 1.93756 2.20122 2.47209 2.75063 3.03735 3.3328 3.6376 3.95244 4.27808 4.6154 4.96537 5.32911 5.70789 6.10317 6.51665 6.95032 7.40652 7.88805 8.3983 8.94138 9.52243 10.148 10.8264 11.5689 12.3908 13.3139 14.3715 15.6168 
-0.15178 0.0619789 0.280224 0.503169 0.731048 0.964112 1.20263 1.4469 1.69724 1.954 2.21755 2.48832 2.76675 3.05336 3.34869 3.65338 3.96809 4.29361 4.6308 4.98064 5.34423 5.72286 6.11799 6.53131 6.96481 7.42084 7.90218 8.41223 8.9551 9.53593 10.1612 10.8394 11.5816 12.4031 13.326 14.3831 15.6279 
-0.134568 0.0791087 0.297269 0.520128 0.747919 0.980894 1.21932 1.4635 1.71374 1.9704 2.23385 2.50451 2.78284 3.06933 3.36455 3.66912 3.98371 4.3091 4.64616 4.99586 5.35932 5.7378 6.13278 6.54594 6.97927 7.43512 7.91628 8.42613 8.96879 9.54939 10.1744 10.8523 11.5942 12.4155 13.338 14.3947 15.6391 
-0.117396 0.0961972 0.314273 0.537046 0.76475 0.997634 1.23597 1.48005 1.7302 1.98676 2.2501 2.52066 2.79888 3.08527 3.38037 3.68482 3.99929 4.32456 4.66149 5.01105 5.37437 5.75271 6.14753 6.56053 6.99369 7.44937 7.93034 8.43999 8.98244 9.56283 10.1876 10.8653 11.6069 12.4278 13.3499 14.4062 15.6501 
-0.100266 0.113245 0.331237 0.553924 0.78154 1.01433 1.25258 1.49657 1.74662 2.00307 2.26632 2.53677 2.81489 3.10116 3.39616 3.70048 4.01483 4.33998 4.67677 5.02621 5.38938 5.76758 6.16224 6.57509 7.00808 7.46358 7.94437 8.45382 8.99607 9.57623 10.2008 10.8782 11.6195 12.4401 13.3619 14.4178 15.6612 
-0.326236 -0.111639 0.107462 0.331282 0.560055 0.794033 1.03349 1.27872 1.53004 1.7878 2.05239 2.32422 2.60374 2.89147 3.18797 3.49384 3.80979 4.13659 4.4751 4.82631 5.19133 5.57145 5.96812 6.38306 6.81826 7.27608 7.75931 8.27136 8.81636 9.39947 10.0272 10.708 11.4531 12.2779 13.2044 14.2656 15.5154 
-0.317412 -0.102856 0.116201 0.339976 0.568704 0.802636 1.04204 1.28722 1.5385 1.79621 2.06074 2.33252 2.61199 2.89966 3.1961 3.50191 3.8178 4.14453 4.48298 4.83412 5.19907 5.57911 5.9757 6.39056 6.82568 7.2834 7.76654 8.27848 8.82338 9.40637 10.034 10.7147 11.4596 12.2843 13.2105 14.2716 15.5211 
-0.299794 -0.085323 0.133647 0.357334 0.585972 0.819812 1.05913 1.30421 1.55538 1.81299 2.07742 2.34909 2.62845 2.91601 3.21233 3.51802 3.83379 4.16039 4.4987 4.8497 5.21451 5.5944 5.99084 6.40553 6.84048 7.29802 7.78097 8.29271 8.83739 9.42015 10.0475 10.7279 11.4726 12.2969 13.2228 14.2834 15.5324 
-0.317412 -0.102856 0.116201 0.339976 0.568704 0.802636 1.04204 1.28722 1.5385 1.79621 2.06074 2.33252 2.61199 2.89966 3.1961 3.50191 3.8178 4.14453 4.48298 4.83412 5.19907 5.57911 5.9757 6.39056 6.82568 7.2834 7.76654 8.27848 8.82338 9.40637 10.034 10.7147 11.4596 12.2843 13.2105 14.2716 15.5211 
-0.326236 -0.111639 0.107462 0.331282 0.560055 0.794033 1.03349 1.27872 1.53004 1.7878 2.05239 2.32422 2.60374 2.89147 3.18797 3.49384 3.80979 4.13659 4.4751 4.82631 5.19133 5.57145 5.96812 6.38306 6.81826 7.27608 7.75931 8.27136 8.81636 9.39947 10.0272 10.708 11.4531 12.2779 13.2044 14.2656 15.5154 
-0.28222 -0.0678341 0.15105 0.37465 0.603197 0.836945 1.07616 1.32115 1.57222 1.82973 2.09406 2.36562 2.64487 2.93232 3.22852 3.53409 3.84973 4.17621 4.51438 4.86525 5.22991 5.60965 6.00594 6.42047 6.85524 7.3126 7.79536 8.3069 8.85136 9.4339 10.061 10.7412 11.4855 12.3095 13.235 14.2953 15.5438 
-0.26469 -0.0503878 0.16841 0.391922 0.62038 0.854036 1.09316 1.33805 1.58903 1.84643 2.11066 2.38211 2.66125 2.94858 3.24467 3.55012 3.86564 4.19198 4.53003 4.88075 5.24528 5.62487 6.02099 6.43536 6.86997 7.32715 7.80972 8.32106 8.8653 9.44761 10.0745 10.7544 11.4984 12.3221 13.2473 14.3071 15.5551 
-0.247201 -0.0329835 0.185729 0.409152 0.637521 0.871085 1.11012 1.35491 1.60579 1.86309 2.12721 2.39856 2.67759 2.96481 3.26078 3.56612 3.88151 4.20773 4.54564 4.89623 5.2606 5.64004 6.03602 6.45022 6.88466 7.34166 7.82404 8.33518 8.87921 9.46129 10.0879 10.7675 11.5113 12.3346 13.2595 14.3188 15.5664 
-0.22105 -0.00695855 0.211626 0.434919 0.663153 0.89658 1.13547 1.38012 1.63085 1.88801 2.15197 2.42316 2.70203 2.98908 3.28488 3.59003 3.90524 4.23126 4.56898 4.91936 5.28352 5.66274 6.05848 6.47245 6.90662 7.36336 7.84546 8.35629 8.90001 9.48175 10.108 10.7872 11.5306 12.3534 13.2777 14.3364 15.5832 
-0.22105 -0.00695855 0.211626 0.434919 0.663153 0.89658 1.13547 1.38012 1.63085 1.88801 2.15197 2.42316 2.70203 2.98908 3.28488 3.59003 3.90524 4.23126 4.56898 4.91936 5.28352 5.66274 6.05848 6.47245 6.90662 7.36336 7.84546 8.35629 8.90001 9.48175 10.108 10.7872 11.5306 12.3534 13.2777 14.3364 15.5832 
-0.194995 0.0189714 0.237428 0.46059 0.688691 0.921981 1.16073 1.40524 1.65582 1.91283 2.17664 2.44767 2.72637 3.01326 3.30888 3.61386 3.92888 4.25471 4.59223 4.94241 5.30636 5.68536 6.08087 6.49459 6.92851 7.38498 7.86679 8.37733 8.92073 9.50213 10.128 10.8068 11.5498 12.3721 13.2958 14.354 15.6001 
-0.194995 0.0189714 0.237428 0.46059 0.688691 0.921981 1.16073 1.40524 1.65582 1.91283 2.17664 2.44767 2.72637 3.01326 3.30888 3.61386 3.92888 4.25471 4.59223 4.94241 5.30636 5.68536 6.08087 6.49459 6.92851 7.38498 7.86679 8.37733 8.92073 9.50213 10.128 10.8068 11.5498 12.3721 13.2958 14.354 15.6001 
-0.194995 0.0189714 0.237428 0.46059 0.688691 0.921981 1.16073 1.40524 1.65582 1.91283 2.17664 2.44767 2.72637 3.01326 3.30888 3.61386 3.92888 4.25471 4.59223 4.94241 5.30636 5.68536 6.08087 6.49459 6.92851 7.38498 7.86679 8.37733 8.92073 9.50213 10.128 10.8068 11.5498 12.3721 13.2958 14.354 15.6001 
-0.20367 0.0103384 0.228837 0.452043 0.680188 0.913524 1.15232 1.39688 1.64751 1.90457 2.16843 2.43951 2.71827 3.00521 3.30089 3.60592 3.92101 4.24691 4.58449 4.93473 5.29876 5.67783 6.07341 6.48722 6.92122 7.37778 7.85969 8.37033 8.91383 9.49534 10.1214 10.8003 11.5434 12.3659 13.2898 14.3481 15.5945 
-0.22105 -0.00695855 0.211626 0.434919 0.663153 0.89658 1.13547 1.38012 1.63085 1.88801 2.15197 2.42316 2.70203 2.98908 3.28488 3.59003 3.90524 4.23126 4.56898 4.91936 5.28352 5.66274 6.05848 6.47245 6.90662 7.36336 7.84546 8.35629 8.90001 9.48175 10.108 10.7872 11.5306 12.3534 13.2777 14.3364 15.5832 
-0.22105 -0.00695855 0.211626 0.434919 0.663153 0.89658 1.13547 1.38012 1.63085 1.88801 2.15197 2.42316 2.70203 2.98908 3.28488 3.59003 3.90524 4.23126 4.56898 4.91936 5.28352 5.66274 6.05848 6.47245 6.90662 7.36336 7.84546 8.35629 8.90001 9.48175 10.108 10.7872 11.5306 12.3534 13.2777 14.3364 15.5832 
-0.20367 0.0103384 0.228837 0.452043 0.680188 0.913524 1.15232 1.39688 1.64751 1.90457 2.16843 2.43951 2.71827 3.00521 3.30089 3.60592 3.92101 4.24691 4.58449 4.93473 5.29876 5.67783 6.07341 6.48722 6.92122 7.37778 7.85969 8.37033 8.91383 9.49534 10.1214 10.8003 11.5434 12.3659 13.2898 14.3481 15.5945 
-0.194995 0.0189714 0.237428 0.46059 0.688691 0.921981 1.16073 1.40524 1.65582 1.91283 2.17664 2.44767 2.72637 3.01326 3.30888 3.61386 3.92888 4.25471 4.59223 4.94241 5.30636 5.68536 6.08087 6.49459 6.92851 7.38498 7.86679 8.37733 8.92073 9.50213 10.128 10.8068 11.5498 12.3721 13.2958 14.354 15.6001 
-0.194995 0.0189714 0.237428 0.46059 0.688691 0.921981 1.16073 1.40524 1.65582 1.91283 2.17664 2.44767 2.72637 3.01326 3.30888 3.61386 3.92888 4.25471 4.59223 4.94241 5.30636 5.68536 6.08087 6.49459 6.92851 7.38498 7.86679 8.37733 8.92073 9.50213 10.128 10.8068 11.5498 12.3721 13.2958 14.354 15.6001 
-0.194995 0.0189714 0.237428 0.46059 0.688691 0.921981 1.16073 1.40524 1.65582 1.91283 2.17664 2.44767 2.72637 3.01326 3.30888 3.61386 3.92888 4.25471 4.59223 4.94241 5.30636 5.68536 6.08087 6.49459 6.92851 7.38498 7.86679 8.37733 8.92073 9.50213 10.128 10.8068 11.5498 12.3721 13.2958 14.354 15.6001 
-0.186331 0.0275945 0.246008 0.469127 0.697183 0.930429 1.16913 1.41359 1.66413 1.92108 2.18484 2.45582 2.73447 3.0213 3.31686 3.62178 3.93674 4.26251 4.59996 4.95007 5.31395 5.69288 6.08831 6.50195 6.93579 7.39217 7.87389 8.38433 8.92762 9.5089 10.1347 10.8134 11.5561 12.3783 13.3019 14.3598 15.6056 
-0.169035 0.0448071 0.263136 0.486168 0.714136 0.947291 1.1859 1.43027 1.6807 1.93756 2.20122 2.47209 2.75063 3.03735 3.3328 3.6376 3.95244 4.27808 4.6154 4.96537 5.32911 5.70789 6.10317 6.51665 6.95032 7.40652 7.88805 8.3983 8.94138 9.52243 10.148 10.8264 11.5689 12.3908 13.3139 14.3715 15.6168 
-0.169035 0.0448071 0.263136 0.486168 0.714136 0.947291 1.1859 1.43027 1.6807 1.93756 2.20122 2.47209 2.75063 3.03735 3.3328 3.6376 3.95244 4.27808 4.6154 4.96537 5.32911 5.70789 6.10317 6.51665 6.95032 7.40652 7.88805 8.3983 8.94138 9.52243 10.148 10.8264 11.5689 12.3908 13.3139 14.3715 15.6168 
-0.177678 0.0362055 0.254577 0.477652 0.705665 0.938864 1.17752 1.42194 1.67242 1.92933 2.19303 2.46396 2.74255 3.02933 3.32483 3.62969 3.94459 4.2703 4.60769 4.95773 5.32154 5.70039 6.09574 6.5093 6.94306 7.39935 7.88098 8.39132 8.9345 9.51567 10.1413 10.8199 11.5625 12.3845 13.3079 14.3656 15.6112 
-0.177678 0.0362055 0.254577 0.477652 0.705665 0.938864 1.17752 1.42194 1.67242 1.92933 2.19303 2.46396 2.74255 3.02933 3.32483 3.62969 3.94459 4.2703 4.60769 4.95773 5.32154 5.70039 6.09574 6.5093 6.94306 7.39935 7.88098 8.39132 8.9345 9.51567 10.1413 10.8199 11.5625 12.3845 13.3079 14.3656 15.6112 
-0.186331 0.0275945 0.246008 0.469127 0.697183 0.930429 1.16913 1.41359 1.66413 1.92108 2.18484 2.45582 2.73447 3.0213 3.31686 3.62178 3.93674 4.26251 4.59996 4.95007 5.31395 5.69288 6.08831 6.50195 6.93579 7.39217 7.87389 8.38433 8.92762 9.5089 10.1347 10.8134 11.5561 12.3783 13.3019 14.3598 15.6056 
-0.20367 0.0103384 0.228837 0.452043 0.680188 0.913524 1.15232 1.39688 1.64751 1.90457 2.16843 2.43951 2.71827 3.00521 3.30089 3.60592 3.92101 4.24691 4.58449 4.93473 5.29876 5.67783 6.07341 6.48722 6.92122 7.37778 7.85969 8.37033 8.91383 9.49534 10.1214 10.8003 11.5434 12.3659 13.2898 14.3481 15.5945 
-0.194995 0.0189714 0.237428 0.46059 0.688691 0.921981 1.16073 1.40524 1.65582 1.91283 2.17664 2.44767 2.72637 3.01326 3.30888 3.61386 3.92888 4.25471 4.59223 4.94241 5.30636 5.68536 6.08087 6.49459 6.92851 7.38498 7.86679 8.37733 8.92073 9.50213 10.128 10.8068 11.5498 12.3721 13.2958 14.354 15.6001 
-0.177678 0.0362055 0.254577 0.477652 0.705665 0.938864 1.17752 1.42194 1.67242 1.92933 2.19303 2.46396 2.74255 3.02933 3.32483 3.62969 3.94459 4.2703 4.60769 4.95773 5.32154 5.70039 6.09574 6.5093 6.94306 7.39935 7.88098 8.39132 8.9345 9.51567 10.1413 10.8199 11.5625 12.3845 13.3079 14.3656 15.6112 
-0.194995 0.0189714 0.237428 0.46059 0.688691 0.921981 1.16073 1.40524 1.65582 1.91283 2.17664 2.44767 2.72637 3.01326 3.30888 3.61386 3.92888 4.25471 4.59223 4.94241 5.30636 5.68536 6.08087 6.49459 6.92851 7.38498 7.86679 8.37733 8.92073 9.50213 10.128 10.8068 11.5498 12.3721 13.2958 14.354 15.6001 
-0.177678 0.0362055 0.254577 0.477652 0.705665 0.938864 1.17752 1.42194 1.67242 1.92933 2.19303 2.46396 2.74255 3.02933 3.32483 3.62969 3.94459 4.2703 4.60769 4.95773 5.32154 5.70039 6.09574 6.5093 6.94306 7.39935 7.88098 8.39132 8.9345 9.51567 10.1413 10.8199 11.5625 12.3845 13.3079 14.3656 15.6112 
-0.160402 0.0533985 0.271685 0.494674 0.722598 0.955707 1.19427 1.43859 1.68898 1.94578 2.20939 2.48021 2.7587 3.04536 3.34075 3.64549 3.96027 4.28585 4.62311 4.97301 5.33668 5.71538 6.11058 6.52398 6.95757 7.41368 7.89512 8.40527 8.94824 9.52919 10.1546 10.8329 11.5752 12.3969 13.32 14.3773 15.6224 
-0.143168 0.0705491 0.288751 0.511654 0.739489 0.972508 1.21098 1.4552 1.7055 1.9622 2.2257 2.49642 2.7748 3.06135 3.35663 3.66125 3.97591 4.30136 4.63849 4.98826 5.35178 5.73034 6.12539 6.53863 6.97205 7.42798 7.90924 8.41918 8.96195 9.54267 10.1678 10.8459 11.5879 12.4093 13.332 14.3889 15.6335 
-0.125977 0.0876586 0.305776 0.528593 0.756339 0.989268 1.22765 1.47178 1.72197 1.97858 2.24198 2.51259 2.79086 3.0773 3.37247 3.67697 3.99151 4.31684 4.65383 5.00346 5.36685 5.74526 6.14016 6.55324 6.98649 7.44225 7.92332 8.43306 8.97562 9.55611 10.181 10.8588 11.6006 12.4217 13.344 14.4004 15.6446 
-0.117396 0.0961972 0.314273 0.537046 0.76475 0.997634 1.23597 1.48005 1.7302 1.98676 2.2501 2.52066 2.79888 3.08527 3.38037 3.68482 3.99929 4.32456 4.66149 5.01105 5.37437 5.75271 6.14753 6.56053 6.99369 7.44937 7.93034 8.43999 8.98244 9.56283 10.1876 10.8653 11.6069 12.4278 13.3499 14.4062 15.6501 
-0.117396 0.0961972 0.314273 0.537046 0.76475 0.997634 1.23597 1.48005 1.7302 1.98676 2.2501 2.52066 2.79888 3.08527 3.38037 3.68482 3.99929 4.32456 4.66149 5.01105 5.37437 5.75271 6.14753 6.56053 6.99369 7.44937 7.93034 8.43999 8.98244 9.56283 10.1876 10.8653 11.6069 12.4278 13.3499 14.4062 15.6501 
-0.317412 -0.102856 0.116201 0.339976 0.568704 0.802636 1.04204 1.28722 1.5385 1.79621 2.06074 2.33252 2.61199 2.89966 3.1961 3.50191 3.8178 4.14453 4.48298 4.83412 5.19907 5.57911 5.9757 6.39056 6.82568 7.2834 7.76654 8.27848 8.82338 9.40637 10.034 10.7147 11.4596 12.2843 13.2105 14.2716 15.5211 
-0.299794 -0.085323 0.133647 0.357334 0.585972 0.819812 1.05913 1.30421 1.55538 1.81299 2.07742 2.34909 2.62845 2.91601 3.21233 3.51802 3.83379 4.16039 4.4987 4.8497 5.21451 5.5944 5.99084 6.40553 6.84048 7.29802 7.78097 8.29271 8.83739 9.42015 10.0475 10.7279 11.4726 12.2969 13.2228 14.2834 15.5324 
-0.317412 -0.102856 0.116201 0.339976 0.568704 0.802636 1.04204 1.28722 1.5385 1.79621 2.06074 2.33252 2.61199 2.89966 3.1961 3.50191 3.8178 4.14453 4.48298 4.83412 5.19907 5.57911 5.9757 6.39056 6.82568 7.2834 7.76654 8.27848 8.82338 9.40637 10.034 10.7147 11.4596 12.2843 13.2105 14.2716 15.5211 
-0.326236 -0.111639 0.107462 0.331282 0.560055 0.794033 1.03349 1.27872 1.53004 1.7878 2.05239 2.32422 2.60374 2.89147 3.18797 3.49384 3.80979 4.13659 4.4751 4.82631 5.19133 5.57145 5.96812 6.38306 6.81826 7.27608 7.75931 8.27136 8.81636 9.39947 10.0272 10.708 11.4531 12.2779 13.2044 14.2656 15.5154 
-0.308596 -0.0940844 0.12493 0.348661 0.577344 0.81123 1.05059 1.29572 1.54694 1.80461 2.06909 2.34081 2.62022 2.90784 3.20422 3.50997 3.8258 4.15247 4.49084 4.84191 5.20679 5.58676 5.98328 6.39805 6.83308 7.29072 7.77376 8.2856 8.83039 9.41327 10.0408 10.7213 11.4661 12.2906 13.2167 14.2775 15.5268 
-0.28222 -0.0678341 0.15105 0.37465 0.603197 0.836945 1.07616 1.32115 1.57222 1.82973 2.09406 2.36562 2.64487 2.93232 3.22852 3.53409 3.84973 4.17621 4.51438 4.86525 5.22991 5.60965 6.00594 6.42047 6.85524 7.3126 7.79536 8.3069 8.85136 9.4339 10.061 10.7412 11.4855 12.3095 13.235 14.2953 15.5438 
-0.26469 -0.0503878 0.16841 0.391922 0.62038 0.854036 1.09316 1.33805 1.58903 1.84643 2.11066 2.38211 2.66125 2.94858 3.24467 3.55012 3.86564 4.19198 4.53003 4.88075 5.24528 5.62487 6.02099 6.43536 6.86997 7.32715 7.80972 8.32106 8.8653 9.44761 10.0745 10.7544 11.4984 12.3221 13.2473 14.3071 15.5551 
-0.247201 -0.0329835 0.185729 0.409152 0.637521 0.871085 1.11012 1.35491 1.60579 1.86309 2.12721 2.39856 2.67759 2.96481 3.26078 3.56612 3.88151 4.20773 4.54564 4.89623 5.2606 5.64004 6.03602 6.45022 6.88466 7.34166 7.82404 8.33518 8.87921 9.46129 10.0879 10.7675 11.5113 12.3346 13.2595 14.3188 15.5664 
-0.212356 0.00169486 0.220237 0.443486 0.671676 0.905057 1.1439 1.3885 1.63918 1.89629 2.1602 2.43134 2.71015 2.99715 3.29289 3.59798 3.91313 4.23909 4.57674 4.92705 5.29114 5.67029 6.06595 6.47984 6.91393 7.37057 7.85258 8.36331 8.90693 9.48855 10.1147 10.7938 11.537 12.3597 13.2837 14.3423 15.5889 
-0.194995 0.0189714 0.237428 0.46059 0.688691 0.921981 1.16073 1.40524 1.65582 1.91283 2.17664 2.44767 2.72637 3.01326 3.30888 3.61386 3.92888 4.25471 4.59223 4.94241 5.30636 5.68536 6.08087 6.49459 6.92851 7.38498 7.86679 8.37733 8.92073 9.50213 10.128 10.8068 11.5498 12.3721 13.2958 14.354 15.6001 
-0.194995 0.0189714 0.237428 0.46059 0.688691 0.921981 1.16073 1.40524 1.65582 1.91283 2.17664 2.44767 2.72637 3.01326 3.30888 3.61386 3.92888 4.25471 4.59223 4.94241 5.30636 5.68536 6.08087 6.49459 6.92851 7.38498 7.86679 8.37733 8.92073 9.50213 10.128 10.8068 11.5498 12.3721 13.2958 14.354 15.6001 
-0.20367 0.0103384 0.228837 0.452043 0.680188 0.913524 1.15232 1.39688 1.64751 1.90457 2.16843 2.43951 2.71827 3.00521 3.30089 3.60592 3.92101 4.24691 4.58449 4.93473 5.29876 5.67783 6.07341 6.48722 6.92122 7.37778 7.85969 8.37033 8.91383 9.49534 10.1214 10.8003 11.5434 12.3659 13.2898 14.3481 15.5945 
-0.20367 0.0103384 0.228837 0.452043 0.680188 0.913524 1.15232 1.39688 1.64751 1.90457 2.16843 2.43951 2.71827 3.00521 3.30089 3.60592 3.92101 4.24691 4.58449 4.93473 5.29876 5.67783 6.07341 6.48722 6.92122 7.37778 7.85969 8.37033 8.91383 9.49534 10.1214 10.8003 11.5434 12.3659 13.2898 14.3481 15.5945 
-0.212356 0.00169486 0.220237 0.443486 0.671676 0.905057 1.1439 1.3885 1.63918 1.89629 2.1602 2.43134 2.71015 2.99715 3.29289 3.59798 3.91313 4.23909 4.57674 4.92705 5.29114 5.67029 6.06595 6.47984 6.91393 7.37057 7.85258 8.36331 8.90693 9.48855 10.1147 10.7938 11.537 12.3597 13.2837 14.3423 15.5889 
-0.238475 -0.024299 0.194371 0.417751 0.646075 0.879593 1.11858 1.36332 1.61415 1.87141 2.13548 2.40677 2.68575 2.97291 3.26882 3.5741 3.88943 4.21558 4.55343 4.90395 5.26825 5.64762 6.04352 6.45764 6.89199 7.3489 7.83119 8.34222 8.88615 9.46812 10.0946 10.7741 11.5177 12.3409 13.2655 14.3247 15.572 
-0.229757 -0.0156234 0.203003 0.42634 0.654619 0.888092 1.12703 1.37173 1.62251 1.87971 2.14373 2.41497 2.69389 2.981 3.27685 3.58207 3.89734 4.22343 4.56121 4.91166 5.27589 5.65518 6.051 6.46505 6.89931 7.35613 7.83833 8.34926 8.89309 9.47493 10.1013 10.7807 11.5242 12.3472 13.2716 14.3306 15.5776 
-0.212356 0.00169486 0.220237 0.443486 0.671676 0.905057 1.1439 1.3885 1.63918 1.89629 2.1602 2.43134 2.71015 2.99715 3.29289 3.59798 3.91313 4.23909 4.57674 4.92705 5.29114 5.67029 6.06595 6.47984 6.91393 7.37057 7.85258 8.36331 8.90693 9.48855 10.1147 10.7938 11.537 12.3597 13.2837 14.3423 15.5889 
-0.20367 0.0103384 0.228837 0.452043 0.680188 0.913524 1.15232 1.39688 1.64751 1.90457 2.16843 2.43951 2.71827 3.00521 3.30089 3.60592 3.92101 4.24691 4.58449 4.93473 5.29876 5.67783 6.07341 6.48722 6.92122 7.37778 7.85969 8.37033 8.91383 9.49534 10.1214 10.8003 11.5434 12.3659 13.2898 14.3481 15.5945 
-0.20367 0.0103384 0.228837 0.452043 0.680188 0.913524 1.15232 1.39688 1.64751 1.90457 2.16843 2.43951 2.71827 3.00521 3.30089 3.60592 3.92101 4.24691 4.58449 4.93473 5.29876 5.67783 6.07341 6.48722 6.92122 7.37778 7.85969 8.37033 8.91383 9.49534 10.1214 10.8003 11.5434 12.3659 13.2898 14.3481 15.5945 
-0.20367 0.0103384 0.228837 0.452043 0.680188 0.913524 1.15232 1.39688 1.64751 1.90457 2.16843 2.43951 2.71827 3.00521 3.30089 3.60592 3.92101 4.24691 4.58449 4.93473 5.29876 5.67783 6.07341 6.48722 6.92122 7.37778 7.85969 8.37033 8.91383 9.49534 10.1214 10.8003 11.5434 12.3659 13.2898 14.3481 15.5945 
-0.194995 0.0189714 0.237428 0.46059 0.688691 0.921981 1.16073 1.40524 1.65582 1.91283 2.17664 2.44767 2.72637 3.01326 3.30888 3.61386 3.92888 4.25471 4.59223 4.94241 5.30636 5.68536 6.08087 6.49459 6.92851 7.38498 7.86679 8.37733 8.92073 9.50213 10.128 10.8068 11.5498 12.3721 13.2958 14.354 15.6001 
-0.169035 0.0448071 0.263136 0.486168 0.714136 0.947291 1.1859 1.43027 1.6807 1.93756 2.20122 2.47209 2.75063 3.03735 3.3328 3.6376 3.95244 4.27808 4.6154 4.96537 5.32911 5.70789 6.10317 6.51665 6.95032 7.40652 7.88805 8.3983 8.94138 9.52243 10.148 10.8264 11.5689 12.3908 13.3139 14.3715 15.6168 
-0.186331 0.0275945 0.246008 0.469127 0.697183 0.930429 1.16913 1.41359 1.66413 1.92108 2.18484 2.45582 2.73447 3.0213 3.31686 3.62178 3.93674 4.26251 4.59996 4.95007 5.31395 5.69288 6.08831 6.50195 6.93579 7.39217 7.87389 8.38433 8.92762 9.5089 10.1347 10.8134 11.5561 12.3783 13.3019 14.3598 15.6056 
-0.20367 0.0103384 0.228837 0.452043 0.680188 0.913524 1.15232 1.39688 1.64751 1.90457 2.16843 2.43951 2.71827 3.00521 3.30089 3.60592 3.92101 4.24691 4.58449 4.93473 5.29876 5.67783 6.07341 6.48722 6.92122 7.37778 7.85969 8.37033 8.91383 9.49534 10.1214 10.8003 11.5434 12.3659 13.2898 14.3481 15.5945 
-0.177678 0.0362055 0.254577 0.477652 0.705665 0.938864 1.17752 1.42194 1.67242 1.92933 2.19303 2.46396 2.74255 3.02933 3.32483 3.62969 3.94459 4.2703 4.60769 4.95773 5.32154 5.70039 6.09574 6.5093 6.94306 7.39935 7.88098 8.39132 8.9345 9.51567 10.1413 10.8199 11.5625 12.3845 13.3079 14.3656 15.6112 
-0.194995 0.0189714 0.237428 0.46059 0.688691 0.921981 1.16073 1.40524 1.65582 1.91283 2.17664 2.44767 2.72637 3.01326 3.30888 3.61386 3.92888 4.25471 4.59223 4.94241 5.30636 5.68536 6.08087 6.49459 6.92851 7.38498 7.86679 8.37733 8.92073 9.50213 10.128 10.8068 11.5498 12.3721 13.2958 14.354 15.6001 
-0.212356 0.00169486 0.220237 0.443486 0.671676 0.905057 1.1439 1.3885 1.63918 1.89629 2.1602 2.43134 2.71015 2.99715 3.29289 3.59798 3.91313 4.23909 4.57674 4.92705 5.29114 5.67029 6.06595 6.47984 6.91393 7.37057 7.85258 8.36331 8.90693 9.48855 10.1147 10.7938 11.537 12.3597 13.2837 14.3423 15.5889 
-0.186331 0.0275945 0.246008 0.469127 0.697183 0.930429 1.16913 1.41359 1.66413 1.92108 2.18484 2.45582 2.73447 3.0213 3.31686 3.62178 3.93674 4.26251 4.59996 4.95007 5.31395 5.69288 6.08831 6.50195 6.93579 7.39217 7.87389 8.38433 8.92762 9.5089 10.1347 10.8134 11.5561 12.3783 13.3019 14.3598 15.6056 
-0.160402 0.0533985 0.271685 0.494674 0.722598 0.955707 1.19427 1.43859 1.68898 1.94578 2.20939 2.48021 2.7587 3.04536 3.34075 3.64549 3.96027 4.28585 4.62311 4.97301 5.33668 5.71538 6.11058 6.52398 6.95757 7.41368 7.89512 8.40527 8.94824 9.52919 10.1546 10.8329 11.5752 12.3969 13.32 14.3773 15.6224 
-0.194995 0.0189714 0.237428 0.46059 0.688691 0.921981 1.16073 1.40524 1.65582 1.91283 2.17664 2.44767 2.72637 3.01326 3.30888 3.61386 3.92888 4.25471 4.59223 4.94241 5.30636 5.68536 6.08087 6.49459 6.92851 7.38498 7.86679 8.37733 8.92073 9.50213 10.128 10.8068 11.5498 12.3721 13.2958 14.354 15.6001 
-0.177678 0.0362055 0.254577 0.477652 0.705665 0.938864 1.17752 1.42194 1.67242 1.92933 2.19303 2.46396 2.74255 3.02933 3.32483 3.62969 3.94459 4.2703 4.60769 4.95773 5.32154 5.70039 6.09574 6.5093 6.94306 7.39935 7.88098 8.39132 8.9345 9.51567 10.1413 10.8199 11.5625 12.3845 13.3079 14.3656 15.6112 
-0.15178 0.0619789 0.280224 0.503169 0.731048 0.964112 1.20263 1.4469 1.69724 1.954 2.21755 2.48832 2.76675 3.05336 3.34869 3.65338 3.96809 4.29361 4.6308 4.98064 5.34423 5.72286 6.11799 6.53131 6.96481 7.42084 7.90218 8.41223 8.9551 9.53593 10.1612 10.8394 11.5816 12.4031 13.326 14.3831 15.6279 
-0.125977 0.0876586 0.305776 0.528593 0.756339 0.989268 1.22765 1.47178 1.72197 1.97858 2.24198 2.51259 2.79086 3.0773 3.37247 3.67697 3.99151 4.31684 4.65383 5.00346 5.36685 5.74526 6.14016 6.55324 6.98649 7.44225 7.92332 8.43306 8.97562 9.55611 10.181 10.8588 11.6006 12.4217 13.344 14.4004 15.6446 
-0.125977 0.0876586 0.305776 0.528593 0.756339 0.989268 1.22765 1.47178 1.72197 1.97858 2.24198 2.51259 2.79086 3.0773 3.37247 3.67697 3.99151 4.31684 4.65383 5.00346 5.36685 5.74526 6.14016 6.55324 6.98649 7.44225 7.92332 8.43306 8.97562 9.55611 10.181 10.8588 11.6006 12.4217 13.344 14.4004 15.6446 
-0.125977 0.0876586 0.305776 0.528593 0.756339 0.989268 1.22765 1.47178 1.72197 1.97858 2.24198 2.51259 2.79086 3.0773 3.37247 3.67697 3.99151 4.31684 4.65383 5.00346 5.36685 5.74526 6.14016 6.55324 6.98649 7.44225 7.92332 8.43306 8.97562 9.55611 10.181 10.8588 11.6006 12.4217 13.344 14.4004 15.6446 
-0.108826 0.104726 0.32276 0.54549 0.773149 1.00599 1.24428 1.48831 1.73841 1.99492 2.25822 2.52872 2.80689 3.09322 3.38827 3.69266 4.00707 4.33227 4.66914 5.01863 5.38188 5.76015 6.15489 6.56781 7.00089 7.45648 7.93736 8.44691 8.98926 9.56953 10.1942 10.8717 11.6132 12.434 13.3559 14.412 15.6557 
-0.317412 -0.102856 0.116201 0.339976 0.568704 0.802636 1.04204 1.28722 1.5385 1.79621 2.06074 2.33252 2.61199 2.89966 3.1961 3.50191 3.8178 4.14453 4.48298 4.83412 5.19907 5.57911 5.9757 6.39056 6.82568 7.2834 7.76654 8.27848 8.82338 9.40637 10.034 10.7147 11.4596 12.2843 13.2105 14.2716 15.5211 
-0.326236 -0.111639 0.107462 0.331282 0.560055 0.794033 1.03349 1.27872 1.53004 1.7878 2.05239 2.32422 2.60374 2.89147 3.18797 3.49384 3.80979 4.13659 4.4751 4.82631 5.19133 5.57145 5.96812 6.38306 6.81826 7.27608 7.75931 8.27136 8.81636 9.39947 10.0272 10.708 11.4531 12.2779 13.2044 14.2656 15.5154 
-0.335072 -0.120432 0.0987117 0.322576 0.551394 0.785419 1.02492 1.2702 1.52157 1.77938 2.04402 2.3159 2.59549 2.88327 3.17983 3.48576 3.80177 4.12864 4.46721 4.81849 5.18359 5.56378 5.96053 6.37556 6.81084 7.26875 7.75208 8.26422 8.80933 9.39256 10.0204 10.7014 11.4466 12.2716 13.1982 14.2597 15.5097 
-0.317412 -0.102856 0.116201 0.339976 0.568704 0.802636 1.04204 1.28722 1.5385 1.79621 2.06074 2.33252 2.61199 2.89966 3.1961 3.50191 3.8178 4.14453 4.48298 4.83412 5.19907 5.57911 5.9757 6.39056 6.82568 7.2834 7.76654 8.27848 8.82338 9.40637 10.034 10.7147 11.4596 12.2843 13.2105 14.2716 15.5211 
-0.291002 -0.0765732 0.142354 0.365997 0.59459 0.828384 1.06765 1.31268 1.56381 1.82137 2.08575 2.35736 2.63666 2.92417 3.22043 3.52606 3.84176 4.1683 4.50655 4.85748 5.22221 5.60203 5.99839 6.41301 6.84786 7.30532 7.78817 8.29981 8.84438 9.42703 10.0543 10.7346 11.4791 12.3032 13.2289 14.2893 15.5381 
-0.26469 -0.0503878 0.16841 0.391922 0.62038 0.854036 1.09316 1.33805 1.58903 1.84643 2.11066 2.38211 2.66125 2.94858 3.24467 3.55012 3.86564 4.19198 4.53003 4.88075 5.24528 5.62487 6.02099 6.43536 6.86997 7.32715 7.80972 8.32106 8.8653 9.44761 10.0745 10.7544 11.4984 12.3221 13.2473 14.3071 15.5551 
-0.238475 -0.024299 0.194371 0.417751 0.646075 0.879593 1.11858 1.36332 1.61415 1.87141 2.13548 2.40677 2.68575 2.97291 3.26882 3.5741 3.88943 4.21558 4.55343 4.90395 5.26825 5.64762 6.04352 6.45764 6.89199 7.3489 7.83119 8.34222 8.88615 9.46812 10.0946 10.7741 11.5177 12.3409 13.2655 14.3247 15.572 
-0.229757 -0.0156234 0.203003 0.42634 0.654619 0.888092 1.12703 1.37173 1.62251 1.87971 2.14373 2.41497 2.69389 2.981 3.27685 3.58207 3.89734 4.22343 4.56121 4.91166 5.27589 5.65518 6.051 6.46505 6.89931 7.35613 7.83833 8.34926 8.89309 9.47493 10.1013 10.7807 11.5242 12.3472 13.2716 14.3306 15.5776 
-0.212356 0.00169486 0.220237 0.443486 0.671676 0.905057 1.1439 1.3885 1.63918 1.89629 2.1602 2.43134 2.71015 2.99715 3.29289 3.59798 3.91313 4.23909 4.57674 4.92705 5.29114 5.67029 6.06595 6.47984 6.91393 7.37057 7.85258 8.36331 8.90693 9.48855 10.1147 10.7938 11.537 12.3597 13.2837 14.3423 15.5889 
-0.20367 0.0103384 0.228837 0.452043 0.680188 0.913524 1.15232 1.39688 1.64751 1.90457 2.16843 2.43951 2.71827 3.00521 3.30089 3.60592 3.92101 4.24691 4.58449 4.93473 5.29876 5.67783 6.07341 6.48722 6.92122 7.37778 7.85969 8.37033 8.91383 9.49534 10.1214 10.8003 11.5434 12.3659 13.2898 14.3481 15.5945 
-0.212356 0.00169486 0.220237 0.443486 0.671676 0.905057 1.1439 1.3885 1.63918 1.89629 2.1602 2.43134 2.71015 2.99715 3.29289 3.59798 3.91313 4.23909 4.57674 4.92705 5.29114 5.67029 6.06595 6.47984 6.91393 7.37057 7.85258 8.36331 8.90693 9.48855 10.1147 10.7938 11.537 12.3597 13.2837 14.3423 15.5889 
-0.22105 -0.00695855 0.211626 0.434919 0.663153 0.89658 1.13547 1.38012 1.63085 1.88801 2.15197 2.42316 2.70203 2.98908 3.28488 3.59003 3.90524 4.23126 4.56898 4.91936 5.28352 5.66274 6.05848 6.47245 6.90662 7.36336 7.84546 8.35629 8.90001 9.48175 10.108 10.7872 11.5306 12.3534 13.2777 14.3364 15.5832 
-0.22105 -0.00695855 0.211626 0.434919 0.663153 0.89658 1.13547 1.38012 1.63085 1.88801 2.15197 2.42316 2.70203 2.98908 3.28488 3.59003 3.90524 4.23126 4.56898 4.91936 5.28352 5.66274 6.05848 6.47245 6.90662 7.36336 7.84546 8.35629 8.90001 9.48175 10.108 10.7872 11.5306 12.3534 13.2777 14.3364 15.5832 
-0.212356 0.00169486 0.220237 0.443486 0.671676 0.905057 1.1439 1.3885 1.63918 1.89629 2.1602 2.43134 2.71015 2.99715 3.29289 3.59798 3.91313 4.23909 4.57674 4.92705 5.29114 5.67029 6.06595 6.47984 6.91393 7.37057 7.85258 8.36331 8.90693 9.48855 10.1147 10.7938 11.537 12.3597 13.2837 14.3423 15.5889 
-0.247201 -0.0329835 0.185729 0.409152 0.637521 0.871085 1.11012 1.35491 1.60579 1.86309 2.12721 2.39856 2.67759 2.96481 3.26078 3.56612 3.88151 4.20773 4.54564 4.89623 5.2606 5.64004 6.03602 6.45022 6.88466 7.34166 7.82404 8.33518 8.87921 9.46129 10.0879 10.7675 11.5113 12.3346 13.2595 14.3188 15.5664 
-0.247201 -0.0329835 0.185729 0.409152 0.637521 0.871085 1.11012 1.35491 1.60579 1.86309 2.12721 2.39856 2.67759 2.96481 3.26078 3.56612 3.88151 4.20773 4.54564 4.89623 5.2606 5.64004 6.03602 6.45022 6.88466 7.34166 7.82404 8.33518 8.87921 9.46129 10.0879 10.7675 11.5113 12.3346 13.2595 14.3188 15.5664 
-0.22105 -0.00695855 0.211626 0.434919 0.663153 0.89658 1.13547 1.38012 1.63085 1.88801 2.15197 2.42316 2.70203 2.98908 3.28488 3.59003 3.90524 4.23126 4.56898 4.91936 5.28352 5.66274 6.05848 6.47245 6.90662 7.36336 7.84546 8.35629 8.90001 9.48175 10.108 10.7872 11.5306 12.3534 13.2777 14.3364 15.5832 
-0.22105 -0.00695855 0.211626 0.434919 0.663153 0.89658 1.13547 1.38012 1.63085 1.88801 2.15197 2.42316 2.70203 2.98908 3.28488 3.59003 3.90524 4.23126 4.56898 4.91936 5.28352 5.66274 6.05848 6.47245 6.90662 7.36336 7.84546 8.35629 8.90001 9.48175 10.108 10.7872 11.5306 12.3534 13.2777 14.3364 15.5832 
-0.212356 0.00169486 0.220237 0.443486 0.671676 0.905057 1.1439 1.3885 1.63918 1.89629 2.1602 2.43134 2.71015 2.99715 3.29289 3.59798 3.91313 4.23909 4.57674 4.92705 5.29114 5.67029 6.06595 6.47984 6.91393 7.37057 7.85258 8.36331 8.90693 9.48855 10.1147 10.7938 11.537 12.3597 13.2837 14.3423 15.5889 
-0.22105 -0.00695855 0.211626 0.434919 0.663153 0.89658 1.13547 1.38012 1.63085 1.88801 2.15197 2.42316 2.70203 2.98908 3.28488 3.59003 3.90524 4.23126 4.56898 4.91936 5.28352 5.66274 6.05848 6.47245 6.90662 7.36336 7.84546 8.35629 8.90001 9.48175 10.108 10.7872 11.5306 12.3534 13.2777 14.3364 15.5832 
-0.212356 0.00169486 0.220237 0.443486 0.671676 0.905057 1.1439 1.3885 1.63918 1.89629 2.1602 2.43134 2.71015 2.99715 3.29289 3.59798 3.91313 4.23909 4.57674 4.92705 5.29114 5.67029 6.06595 6.47984 6.91393 7.37057 7.85258 8.36331 8.90693 9.48855 10.1147 10.7938 11.537 12.3597 13.2837 14.3423 15.5889 
-0.177678 0.0362055 0.254577 0.477652 0.705665 0.938864 1.17752 1.42194 1.67242 1.92933 2.19303 2.46396 2.74255 3.02933 3.32483 3.62969 3.94459 4.2703 4.60769 4.95773 5.32154 5.70039 6.09574 6.5093 6.94306 7.39935 7.88098 8.39132 8.9345 9.51567 10.1413 10.8199 11.5625 12.3845 13.3079 14.3656 15.6112 
-0.186331 0.0275945 0.246008 0.469127 0.697183 0.930429 1.16913 1.41359 1.66413 1.92108 2.18484 2.45582 2.73447 3.0213 3.31686 3.62178 3.93674 4.26251 4.59996 4.95007 5.31395 5.69288 6.08831 6.50195 6.93579 7.39217 7.87389 8.38433 8.92762 9.5089 10.1347 10.8134 11.5561 12.3783 13.3019 14.3598 15.6056 
-0.212356 0.00169486 0.220237 0.443486 0.671676 0.905057 1.1439 1.3885 1.63918 1.89629 2.1602 2.43134 2.71015 2.99715 3.29289 3.59798 3.91313 4.23909 4.57674 4.92705 5.29114 5.67029 6.06595 6.47984 6.91393 7.37057 7.85258 8.36331 8.90693 9.48855 10.1147 10.7938 11.537 12.3597 13.2837 14.3423 15.5889 
-0.194995 0.0189714 0.237428 0.46059 0.688691 0.921981 1.16073 1.40524 1.65582 1.91283 2.17664 2.44767 2.72637 3.01326 3.30888 3.61386 3.92888 4.25471 4.59223 4.94241 5.30636 5.68536 6.08087 6.49459 6.92851 7.38498 7.86679 8.37733 8.92073 9.50213 10.128 10.8068 11.5498 12.3721 13.2958 14.354 15.6001 
-0.20367 0.0103384 0.228837 0.452043 0.680188 0.913524 1.15232 1.39688 1.64751 1.90457 2.16843 2.43951 2.71827 3.00521 3.30089 3.60592 3.92101 4.24691 4.58449 4.93473 5.29876 5.67783 6.07341 6.48722 6.92122 7.37778 7.85969 8.37033 8.91383 9.49534 10.1214 10.8003 11.5434 12.3659 13.2898 14.3481 15.5945 
-0.20367 0.0103384 0.228837 0.452043 0.680188 0.913524 1.15232 1.39688 1.64751 1.90457 2.16843 2.43951 2.71827 3.00521 3.30089 3.60592 3.92101 4.24691 4.58449 4.93473 5.29876 5.67783 6.07341 6.48722 6.92122 7.37778 7.85969 8.37033 8.91383 9.49534 10.1214 10.8003 11.5434 12.3659 13.2898 14.3481 15.5945 
-0.186331 0.0275945 0.246008 0.469127 0.697183 0.930429 1.16913 1.41359 1.66413 1.92108 2.18484 2.45582 2.73447 3.0213 3.31686 3.62178 3.93674 4.26251 4.59996 4.95007 5.31395 5.69288 6.08831 6.50195 6.93579 7.39217 7.87389 8.38433 8.92762 9.5089 10.1347 10.8134 11.5561 12.3783 13.3019 14.3598 15.6056 
-0.169035 0.0448071 0.263136 0.486168 0.714136 0.947291 1.1859 1.43027 1.6807 1.93756 2.20122 2.47209 2.75063 3.03735 3.3328 3.6376 3.95244 4.27808 4.6154 4.96537 5.32911 5.70789 6.10317 6.51665 6.95032 7.40652 7.88805 8.3983 8.94138 9.52243 10.148 10.8264 11.5689 12.3908 13.3139 14.3715 15.6168 
-0.186331 0.0275945 0.246008 0.469127 0.697183 0.930429 1.16913 1.41359 1.66413 1.92108 2.18484 2.45582 2.73447 3.0213 3.31686 3.62178 3.93674 4.26251 4.59996 4.95007 5.31395 5.69288 6.08831 6.50195 6.93579 7.39217 7.87389 8.38433 8.92762 9.5089 10.1347 10.8134 11.5561 12.3783 13.3019 14.3598 15.6056 
-0.169035 0.0448071 0.263136 0.486168 0.714136 0.947291 1.1859 1.43027 1.6807 1.93756 2.20122 2.47209 2.75063 3.03735 3.3328 3.6376 3.95244 4.27808 4.6154 4.96537 5.32911 5.70789 6.10317 6.51665 6.95032 7.40652 7.88805 8.3983 8.94138 9.52243 10.148 10.8264 11.5689 12.3908 13.3139 14.3715 15.6168 
-0.143168 0.0705491 0.288751 0.511654 0.739489 0.972508 1.21098 1.4552 1.7055 1.9622 2.2257 2.49642 2.7748 3.06135 3.35663 3.66125 3.97591 4.30136 4.63849 4.98826 5.35178 5.73034 6.12539 6.53863 6.97205 7.42798 7.90924 8.41918 8.96195 9.54267 10.1678 10.8459 11.5879 12.4093 13.332 14.3889 15.6335 
-0.143168 0.0705491 0.288751 0.511654 0.739489 0.972508 1.21098 1.4552 1.7055 1.9622 2.2257 2.49642 2.7748 3.06135 3.35663 3.66125 3.97591 4.30136 4.63849 4.98826 5.35178 5.73034 6.12539 6.53863 6.97205 7.42798 7.90924 8.41918 8.96195 9.54267 10.1678 10.8459 11.5879 12.4093 13.332 14.3889 15.6335 
-0.125977 0.0876586 0.305776 0.528593 0.756339 0.989268 1.22765 1.47178 1.72197 1.97858 2.24198 2.51259 2.79086 3.0773 3.37247 3.67697 3.99151 4.31684 4.65383 5.00346 5.36685 5.74526 6.14016 6.55324 6.98649 7.44225 7.92332 8.43306 8.97562 9.55611 10.181 10.8588 11.6006 12.4217 13.344 14.4004 15.6446 
-0.125977 0.0876586 0.305776 0.528593 0.756339 0.989268 1.22765 1.47178 1.72197 1.97858 2.24198 2.51259 2.79086 3.0773 3.37247 3.67697 3.99151 4.31684 4.65383 5.00346 5.36685 5.74526 6.14016 6.55324 6.98649 7.44225 7.92332 8.43306 8.97562 9.55611 10.181 10.8588 11.6006 12.4217 13.344 14.4004 15.6446 
-0.100266 0.113245 0.331237 0.553924 0.78154 1.01433 1.25258 1.49657 1.74662 2.00307 2.26632 2.53677 2.81489 3.10116 3.39616 3.70048 4.01483 4.33998 4.67677 5.02621 5.38938 5.76758 6.16224 6.57509 7.00808 7.46358 7.94437 8.45382 8.99607 9.57623 10.2008 10.8782 11.6195 12.4401 13.3619 14.4178 15.6612 
-0.326236 -0.111639 0.107462 0.331282 0.560055 0.794033 1.03349 1.27872 1.53004 1.7878 2.05239 2.32422 2.60374 2.89147 3.18797 3.49384 3.80979 4.13659 4.4751 4.82631 5.19133 5.57145 5.96812 6.38306 6.81826 7.27608 7.75931 8.27136 8.81636 9.39947 10.0272 10.708 11.4531 12.2779 13.2044 14.2656 15.5154 
-0.326236 -0.111639 0.107462 0.331282 0.560055 0.794033 1.03349 1.27872 1.53004 1.7878 2.05239 2.32422 2.60374 2.89147 3.18797 3.49384 3.80979 4.13659 4.4751 4.82631 5.19133 5.57145 5.96812 6.38306 6.81826 7.27608 7.75931 8.27136 8.81636 9.39947 10.0272 10.708 11.4531 12.2779 13.2044 14.2656 15.5154 
-0.317412 -0.102856 0.116201 0.339976 0.568704 0.802636 1.04204 1.28722 1.5385 1.79621 2.06074 2.33252 2.61199 2.89966 3.1961 3.50191 3.8178 4.14453 4.48298 4.83412 5.19907 5.57911 5.9757 6.39056 6.82568 7.2834 7.76654 8.27848 8.82338 9.40637 10.034 10.7147 11.4596 12.2843 13.2105 14.2716 15.5211 
-0.308596 -0.0940844 0.12493 0.348661 0.577344 0.81123 1.05059 1.29572 1.54694 1.80461 2.06909 2.34081 2.62022 2.90784 3.20422 3.50997 3.8258 4.15247 4.49084 4.84191 5.20679 5.58676 5.98328 6.39805 6.83308 7.29072 7.77376 8.2856 8.83039 9.41327 10.0408 10.7213 11.4661 12.2906 13.2167 14.2775 15.5268 
-0.28222 -0.0678341 0.15105 0.37465 0.603197 0.836945 1.07616 1.32115 1.57222 1.82973 2.09406 2.36562 2.64487 2.93232 3.22852 3.53409 3.84973 4.17621 4.51438 4.86525 5.22991 5.60965 6.00594 6.42047 6.85524 7.3126 7.79536 8.3069 8.85136 9.4339 10.061 10.7412 11.4855 12.3095 13.235 14.2953 15.5438 
-0.255941 -0.0416808 0.177075 0.400542 0.628955 0.862565 1.10164 1.34649 1.59741 1.85477 2.11894 2.39034 2.66943 2.9567 3.25273 3.55813 3.87358 4.19986 4.53784 4.88849 5.25294 5.63246 6.02851 6.4428 6.87732 7.33441 7.81688 8.32812 8.87226 9.45445 10.0812 10.761 11.5049 12.3284 13.2534 14.3129 15.5607 
-0.238475 -0.024299 0.194371 0.417751 0.646075 0.879593 1.11858 1.36332 1.61415 1.87141 2.13548 2.40677 2.68575 2.97291 3.26882 3.5741 3.88943 4.21558 4.55343 4.90395 5.26825 5.64762 6.04352 6.45764 6.89199 7.3489 7.83119 8.34222 8.88615 9.46812 10.0946 10.7741 11.5177 12.3409 13.2655 14.3247 15.572 
-0.238475 -0.024299 0.194371 0.417751 0.646075 0.879593 1.11858 1.36332 1.61415 1.87141 2.13548 2.40677 2.68575 2.97291 3.26882 3.5741 3.88943 4.21558 4.55343 4.90395 5.26825 5.64762 6.04352 6.45764 6.89199 7.3489 7.83119 8.34222 8.88615 9.46812 10.0946 10.7741 11.5177 12.3409 13.2655 14.3247 15.572 
-0.212356 0.00169486 0.220237 0.443486 0.671676 0.905057 1.1439 1.3885 1.63918 1.89629 2.1602 2.43134 2.71015 2.99715 3.29289 3.59798 3.91313 4.23909 4.57674 4.92705 5.29114 5.67029 6.06595 6.47984 6.91393 7.37057 7.85258 8.36331 8.90693 9.48855 10.1147 10.7938 11.537 12.3597 13.2837 14.3423 15.5889 
-0.194995 0.0189714 0.237428 0.46059 0.688691 0.921981 1.16073 1.40524 1.65582 1.91283 2.17664 2.44767 2.72637 3.01326 3.30888 3.61386 3.92888 4.25471 4.59223 4.94241 5.30636 5.68536 6.08087 6.49459 6.92851 7.38498 7.86679 8.37733 8.92073 9.50213 10.128 10.8068 11.5498 12.3721 13.2958 14.354 15.6001 
-0.229757 -0.0156234 0.203003 0.42634 0.654619 0.888092 1.12703 1.37173 1.62251 1.87971 2.14373 2.41497 2.69389 2.981 3.27685 3.58207 3.89734 4.22343 4.56121 4.91166 5.27589 5.65518 6.051 6.46505 6.89931 7.35613 7.83833 8.34926 8.89309 9.47493 10.1013 10.7807 11.5242 12.3472 13.2716 14.3306 15.5776 
-0.229757 -0.0156234 0.203003 0.42634 0.654619 0.888092 1.12703 1.37173 1.62251 1.87971 2.14373 2.41497 2.69389 2.981 3.27685 3.58207 3.89734 4.22343 4.56121 4.91166 5.27589 5.65518 6.051 6.46505 6.89931 7.35613 7.83833 8.34926 8.89309 9.47493 10.1013 10.7807 11.5242 12.3472 13.2716 14.3306 15.5776 
-0.229757 -0.0156234 0.203003 0.42634 0.654619 0.888092 1.12703 1.37173 1.62251 1.87971 2.14373 2.41497 2.69389 2.981 3.27685 3.58207 3.89734 4.22343 4.56121 4.91166 5.27589 5.65518 6.051 6.46505 6.89931 7.35613 7.83833 8.34926 8.89309 9.47493 10.1013 10.7807 11.5242 12.3472 13.2716 14.3306 15.5776 
-0.20367 0.0103384 0.228837 0.452043 0.680188 0.913524 1.15232 1.39688 1.64751 1.90457 2.16843 2.43951 2.71827 3.00521 3.30089 3.60592 3.92101 4.24691 4.58449 4.93473 5.29876 5.67783 6.07341 6.48722 6.92122 7.37778 7.85969 8.37033 8.91383 9.49534 10.1214 10.8003 11.5434 12.3659 13.2898 14.3481 15.5945 
-0.247201 -0.0329835 0.185729 0.409152 0.637521 0.871085 1.11012 1.35491 1.60579 1.86309 2.12721 2.39856 2.67759 2.96481 3.26078 3.56612 3.88151 4.20773 4.54564 4.89623 5.2606 5.64004 6.03602 6.45022 6.88466 7.34166 7.82404 8.33518 8.87921 9.46129 10.0879 10.7675 11.5113 12.3346 13.2595 14.3188 15.5664 
-0.255941 -0.0416808 0.177075 0.400542 0.628955 0.862565 1.10164 1.34649 1.59741 1.85477 2.11894 2.39034 2.66943 2.9567 3.25273 3.55813 3.87358 4.19986 4.53784 4.88849 5.25294 5.63246 6.02851 6.4428 6.87732 7.33441 7.81688 8.32812 8.87226 9.45445 10.0812 10.761 11.5049 12.3284 13.2534 14.3129 15.5607 
-0.238475 -0.024299 0.194371 0.417751 0.646075 0.879593 1.11858 1.36332 1.61415 1.87141 2.13548 2.40677 2.68575 2.97291 3.26882 3.5741 3.88943 4.21558 4.55343 4.90395 5.26825 5.64762 6.04352 6.45764 6.89199 7.3489 7.83119 8.34222 8.88615 9.46812 10.0946 10.7741 11.5177 12.3409 13.2655 14.3247 15.572 
-0.229757 -0.0156234 0.203003 0.42634 0.654619 0.888092 1.12703 1.37173 1.62251 1.87971 2.14373 2.41497 2.69389 2.981 3.27685 3.58207 3.89734 4.22343 4.56121 4.91166 5.27589 5.65518 6.051 6.46505 6.89931 7.35613 7.83833 8.34926 8.89309 9.47493 10.1013 10.7807 11.5242 12.3472 13.2716 14.3306 15.5776 
-0.229757 -0.0156234 0.203003 0.42634 0.654619 0.888092 1.12703 1.37173 1.62251 1.87971 2.14373 2.41497 2.69389 2.981 3.27685 3.58207 3.89734 4.22343 4.56121 4.91166 5.27589 5.65518 6.051 6.46505 6.89931 7.35613 7.83833 8.34926 8.89309 9.47493 10.1013 10.7807 11.5242 12.3472 13.2716 14.3306 15.5776 
-0.247201 -0.0329835 0.185729 0.409152 0.637521 0.871085 1.11012 1.35491 1.60579 1.86309 2.12721 2.39856 2.67759 2.96481 3.26078 3.56612 3.88151 4.20773 4.54564 4.89623 5.2606 5.64004 6.03602 6.45022 6.88466 7.34166 7.82404 8.33518 8.87921 9.46129 10.0879 10.7675 11.5113 12.3346 13.2595 14.3188 15.5664 
-0.229757 -0.0156234 0.203003 0.42634 0.654619 0.888092 1.12703 1.37173 1.62251 1.87971 2.14373 2.41497 2.69389 2.981 3.27685 3.58207 3.89734 4.22343 4.56121 4.91166 5.27589 5.65518 6.051 6.46505 6.89931 7.35613 7.83833 8.34926 8.89309 9.47493 10.1013 10.7807 11.5242 12.3472 13.2716 14.3306 15.5776 
-0.212356 0.00169486 0.220237 0.443486 0.671676 0.905057 1.1439 1.3885 1.63918 1.89629 2.1602 2.43134 2.71015 2.99715 3.29289 3.59798 3.91313 4.23909 4.57674 4.92705 5.29114 5.67029 6.06595 6.47984 6.91393 7.37057 7.85258 8.36331 8.90693 9.48855 10.1147 10.7938 11.537 12.3597 13.2837 14.3423 15.5889 
-0.20367 0.0103384 0.228837 0.452043 0.680188 0.913524 1.15232 1.39688 1.64751 1.90457 2.16843 2.43951 2.71827 3.00521 3.30089 3.60592 3.92101 4.24691 4.58449 4.93473 5.29876 5.67783 6.07341 6.48722 6.92122 7.37778 7.85969 8.37033 8.91383 9.49534 10.1214 10.8003 11.5434 12.3659 13.2898 14.3481 15.5945 
-0.22105 -0.00695855 0.211626 0.434919 0.663153 0.89658 1.13547 1.38012 1.63085 1.88801 2.15197 2.42316 2.70203 2.98908 3.28488 3.59003 3.90524 4.23126 4.56898 4.91936 5.28352 5.66274 6.05848 6.47245 6.90662 7.36336 7.84546 8.35629 8.90001 9.48175 10.108 10.7872 11.5306 12.3534 13.2777 14.3364 15.5832 
-0.22105 -0.00695855 0.211626 0.434919 0.663153 0.89658 1.13547 1.38012 1.63085 1.88801 2.15197 2.42316 2.70203 2.98908 3.28488 3.59003 3.90524 4.23126 4.56898 4.91936 5.28352 5.66274 6.05848 6.47245 6.90662 7.36336 7.84546 8.35629 8.90001 9.48175 10.108 10.7872 11.5306 12.3534 13.2777 14.3364 15.5832 
-0.22105 -0.00695855 0.211626 0.434919 0.663153 0.89658 1.13547 1.38012 1.63085 1.88801 2.15197 2.42316 2.70203 2.98908 3.28488 3.59003 3.90524 4.23126 4.56898 4.91936 5.28352 5.66274 6.05848 6.47245 6.90662 7.36336 7.84546 8.35629 8.90001 9.48175 10.108 10.7872 11.5306 12.3534 13.2777 14.3364 15.5832 
-0.212356 0.00169486 0.220237 0.443486 0.671676 0.905057 1.1439 1.3885 1.63918 1.89629 2.1602 2.43134 2.71015 2.99715 3.29289 3.59798 3.91313 4.23909 4.57674 4.92705 5.29114 5.67029 6.06595 6.47984 6.91393 7.37057 7.85258 8.36331 8.90693 9.48855 10.1147 10.7938 11.537 12.3597 13.2837 14.3423 15.5889 
-0.194995 0.0189714 0.237428 0.46059 0.688691 0.921981 1.16073 1.40524 1.65582 1.91283 2.17664 2.44767 2.72637 3.01326 3.30888 3.61386 3.92888 4.25471 4.59223 4.94241 5.30636 5.68536 6.08087 6.49459 6.92851 7.38498 7.86679 8.37733 8.92073 9.50213 10.128 10.8068 11.5498 12.3721 13.2958 14.354 15.6001 
-0.194995 0.0189714 0.237428 0.46059 0.688691 0.921981 1.16073 1.40524 1.65582 1.91283 2.17664 2.44767 2.72637 3.01326 3.30888 3.61386 3.92888 4.25471 4.59223 4.94241 5.30636 5.68536 6.08087 6.49459 6.92851 7.38498 7.86679 8.37733 8.92073 9.50213 10.128 10.8068 11.5498 12.3721 13.2958 14.354 15.6001 
-0.186331 0.0275945 0.246008 0.469127 0.697183 0.930429 1.16913 1.41359 1.66413 1.92108 2.18484 2.45582 2.73447 3.0213 3.31686 3.62178 3.93674 4.26251 4.59996 4.95007 5.31395 5.69288 6.08831 6.50195 6.93579 7.39217 7.87389 8.38433 8.92762 9.5089 10.1347 10.8134 11.5561 12.3783 13.3019 14.3598 15.6056 
-0.160402 0.0533985 0.271685 0.494674 0.722598 0.955707 1.19427 1.43859 1.68898 1.94578 2.20939 2.48021 2.7587 3.04536 3.34075 3.64549 3.96027 4.28585 4.62311 4.97301 5.33668 5.71538 6.11058 6.52398 6.95757 7.41368 7.89512 8.40527 8.94824 9.52919 10.1546 10.8329 11.5752 12.3969 13.32 14.3773 15.6224 
-0.143168 0.0705491 0.288751 0.511654 0.739489 0.972508 1.21098 1.4552 1.7055 1.9622 2.2257 2.49642 2.7748 3.06135 3.35663 3.66125 3.97591 4.30136 4.63849 4.98826 5.35178 5.73034 6.12539 6.53863 6.97205 7.42798 7.90924 8.41918 8.96195 9.54267 10.1678 10.8459 11.5879 12.4093 13.332 14.3889 15.6335 
-0.143168 0.0705491 0.288751 0.511654 0.739489 0.972508 1.21098 1.4552 1.7055 1.9622 2.2257 2.49642 2.7748 3.06135 3.35663 3.66125 3.97591 4.30136 4.63849 4.98826 5.35178 5.73034 6.12539 6.53863 6.97205 7.42798 7.90924 8.41918 8.96195 9.54267 10.1678 10.8459 11.5879 12.4093 13.332 14.3889 15.6335 
-0.134568 0.0791087 0.297269 0.520128 0.747919 0.980894 1.21932 1.4635 1.71374 1.9704 2.23385 2.50451 2.78284 3.06933 3.36455 3.66912 3.98371 4.3091 4.64616 4.99586 5.35932 5.7378 6.13278 6.54594 6.97927 7.43512 7.91628 8.42613 8.96879 9.54939 10.1744 10.8523 11.5942 12.4155 13.338 14.3947 15.6391 
-0.125977 0.0876586 0.305776 0.528593 0.756339 0.989268 1.22765 1.47178 1.72197 1.97858 2.24198 2.51259 2.79086 3.0773 3.37247 3.67697 3.99151 4.31684 4.65383 5.00346 5.36685 5.74526 6.14016 6.55324 6.98649 7.44225 7.92332 8.43306 8.97562 9.55611 10.181 10.8588 11.6006 12.4217 13.344 14.4004 15.6446 
-0.117396 0.0961972 0.314273 0.537046 0.76475 0.997634 1.23597 1.48005 1.7302 1.98676 2.2501 2.52066 2.79888 3.08527 3.38037 3.68482 3.99929 4.32456 4.66149 5.01105 5.37437 5.75271 6.14753 6.56053 6.99369 7.44937 7.93034 8.43999 8.98244 9.56283 10.1876 10.8653 11.6069 12.4278 13.3499 14.4062 15.6501 
-0.326236 -0.111639 0.107462 0.331282 0.560055 0.794033 1.03349 1.27872 1.53004 1.7878 2.05239 2.32422 2.60374 2.89147 3.18797 3.49384 3.80979 4.13659 4.4751 4.82631 5.19133 5.57145 5.96812 6.38306 6.81826 7.27608 7.75931 8.27136 8.81636 9.39947 10.0272 10.708 11.4531 12.2779 13.2044 14.2656 15.5154 
-0.317412 -0.102856 0.116201 0.339976 0.568704 0.802636 1.04204 1.28722 1.5385 1.79621 2.06074 2.33252 2.61199 2.89966 3.1961 3.50191 3.8178 4.14453 4.48298 4.83412 5.19907 5.57911 5.9757 6.39056 6.82568 7.2834 7.76654 8.27848 8.82338 9.40637 10.034 10.7147 11.4596 12.2843 13.2105 14.2716 15.5211 
-0.299794 -0.085323 0.133647 0.357334 0.585972 0.819812 1.05913 1.30421 1.55538 1.81299 2.07742 2.34909 2.62845 2.91601 3.21233 3.51802 3.83379 4.16039 4.4987 4.8497 5.21451 5.5944 5.99084 6.40553 6.84048 7.29802 7.78097 8.29271 8.83739 9.42015 10.0475 10.7279 11.4726 12.2969 13.2228 14.2834 15.5324 
-0.299794 -0.085323 0.133647 0.357334 0.585972 0.819812 1.05913 1.30421 1.55538 1.81299 2.07742 2.34909 2.62845 2.91601 3.21233 3.51802 3.83379 4.16039 4.4987 4.8497 5.21451 5.5944 5.99084 6.40553 6.84048 7.29802 7.78097 8.29271 8.83739 9.42015 10.0475 10.7279 11.4726 12.2969 13.2228 14.2834 15.5324 
-0.28222 -0.0678341 0.15105 0.37465 0.603197 0.836945 1.07616 1.32115 1.57222 1.82973 2.09406 2.36562 2.64487 2.93232 3.22852 3.53409 3.84973 4.17621 4.51438 4.86525 5.22991 5.60965 6.00594 6.42047 6.85524 7.3126 7.79536 8.3069 8.85136 9.4339 10.061 10.7412 11.4855 12.3095 13.235 14.2953 15.5438 
-0.26469 -0.0503878 0.16841 0.391922 0.62038 0.854036 1.09316 1.33805 1.58903 1.84643 2.11066 2.38211 2.66125 2.94858 3.24467 3.55012 3.86564 4.19198 4.53003 4.88075 5.24528 5.62487 6.02099 6.43536 6.86997 7.32715 7.80972 8.32106 8.8653 9.44761 10.0745 10.7544 11.4984 12.3221 13.2473 14.3071 15.5551 
-0.247201 -0.0329835 0.185729 0.409152 0.637521 0.871085 1.11012 1.35491 1.60579 1.86309 2.12721 2.39856 2.67759 2.96481 3.26078 3.56612 3.88151 4.20773 4.54564 4.89623 5.2606 5.64004 6.03602 6.45022 6.88466 7.34166 7.82404 8.33518 8.87921 9.46129 10.0879 10.7675 11.5113 12.3346 13.2595 14.3188 15.5664 
-0.238475 -0.024299 0.194371 0.417751 0.646075 0.879593 1.11858 1.36332 1.61415 1.87141 2.13548 2.40677 2.68575 2.97291 3.26882 3.5741 3.88943 4.21558 4.55343 4.90395 5.26825 5.64762 6.04352 6.45764 6.89199 7.3489 7.83119 8.34222 8.88615 9.46812 10.0946 10.7741 11.5177 12.3409 13.2655 14.3247 15.572 
-0.186331 0.0275945 0.246008 0.469127 0.697183 0.930429 1.16913 1.41359 1.66413 1.92108 2.18484 2.45582 2.73447 3.0213 3.31686 3.62178 3.93674 4.26251 4.59996 4.95007 5.31395 5.69288 6.08831 6.50195 6.93579 7.39217 7.87389 8.38433 8.92762 9.5089 10.1347 10.8134 11.5561 12.3783 13.3019 14.3598 15.6056 
-0.22105 -0.00695855 0.211626 0.434919 0.663153 0.89658 1.13547 1.38012 1.63085 1.88801 2.15197 2.42316 2.70203 2.98908 3.28488 3.59003 3.90524 4.23126 4.56898 4.91936 5.28352 5.66274 6.05848 6.47245 6.90662 7.36336 7.84546 8.35629 8.90001 9.48175 10.108 10.7872 11.5306 12.3534 13.2777 14.3364 15.5832 
-0.238475 -0.024299 0.194371 0.417751 0.646075 0.879593 1.11858 1.36332 1.61415 1.87141 2.13548 2.40677 2.68575 2.97291 3.26882 3.5741 3.88943 4.21558 4.55343 4.90395 5.26825 5.64762 6.04352 6.45764 6.89199 7.3489 7.83119 8.34222 8.88615 9.46812 10.0946 10.7741 11.5177 12.3409 13.2655 14.3247 15.572 
-0.229757 -0.0156234 0.203003 0.42634 0.654619 0.888092 1.12703 1.37173 1.62251 1.87971 2.14373 2.41497 2.69389 2.981 3.27685 3.58207 3.89734 4.22343 4.56121 4.91166 5.27589 5.65518 6.051 6.46505 6.89931 7.35613 7.83833 8.34926 8.89309 9.47493 10.1013 10.7807 11.5242 12.3472 13.2716 14.3306 15.5776 
-0.238475 -0.024299 0.194371 0.417751 0.646075 0.879593 1.11858 1.36332 1.61415 1.87141 2.13548 2.40677 2.68575 2.97291 3.26882 3.5741 3.88943 4.21558 4.55343 4.90395 5.26825 5.64762 6.04352 6.45764 6.89199 7.3489 7.83119 8.34222 8.88615 9.46812 10.0946 10.7741 11.5177 12.3409 13.2655 14.3247 15.572 
-0.212356 0.00169486 0.220237 0.443486 0.671676 0.905057 1.1439 1.3885 1.63918 1.89629 2.1602 2.43134 2.71015 2.99715 3.29289 3.59798 3.91313 4.23909 4.57674 4.92705 5.29114 5.67029 6.06595 6.47984 6.91393 7.37057 7.85258 8.36331 8.90693 9.48855 10.1147 10.7938 11.537 12.3597 13.2837 14.3423 15.5889 
-0.247201 -0.0329835 0.185729 0.409152 0.637521 0.871085 1.11012 1.35491 1.60579 1.86309 2.12721 2.39856 2.67759 2.96481 3.26078 3.56612 3.88151 4.20773 4.54564 4.89623 5.2606 5.64004 6.03602 6.45022 6.88466 7.34166 7.82404 8.33518 8.87921 9.46129 10.0879 10.7675 11.5113 12.3346 13.2595 14.3188 15.5664 
-0.255941 -0.0416808 0.177075 0.400542 0.628955 0.862565 1.10164 1.34649 1.59741 1.85477 2.11894 2.39034 2.66943 2.9567 3.25273 3.55813 3.87358 4.19986 4.53784 4.88849 5.25294 5.63246 6.02851 6.4428 6.87732 7.33441 7.81688 8.32812 8.87226 9.45445 10.0812 10.761 11.5049 12.3284 13.2534 14.3129 15.5607 
-0.26469 -0.0503878 0.16841 0.391922 0.62038 0.854036 1.09316 1.33805 1.58903 1.84643 2.11066 2.38211 2.66125 2.94858 3.24467 3.55012 3.86564 4.19198 4.53003 4.88075 5.24528 5.62487 6.02099 6.43536 6.86997 7.32715 7.80972 8.32106 8.8653 9.44761 10.0745 10.7544 11.4984 12.3221 13.2473 14.3071 15.5551 
-0.238475 -0.024299 0.194371 0.417751 0.646075 0.879593 1.11858 1.36332 1.61415 1.87141 2.13548 2.40677 2.68575 2.97291 3.26882 3.5741 3.88943 4.21558 4.55343 4.90395 5.26825 5.64762 6.04352 6.45764 6.89199 7.3489 7.83119 8.34222 8.88615 9.46812 10.0946 10.7741 11.5177 12.3409 13.2655 14.3247 15.572 
-0.255941 -0.0416808 0.177075 0.400542 0.628955 0.862565 1.10164 1.34649 1.59741 1.85477 2.11894 2.39034 2.66943 2.9567 3.25273 3.55813 3.87358 4.19986 4.53784 4.88849 5.25294 5.63246 6.02851 6.4428 6.87732 7.33441 7.81688 8.32812 8.87226 9.45445 10.0812 10.761 11.5049 12.3284 13.2534 14.3129 15.5607 
-0.255941 -0.0416808 0.177075 0.400542 0.628955 0.862565 1.10164 1.34649 1.59741 1.85477 2.11894 2.39034 2.66943 2.9567 3.25273 3.55813 3.87358 4.19986 4.53784 4.88849 5.25294 5.63246 6.02851 6.4428 6.87732 7.33441 7.81688 8.32812 8.87226 9.45445 10.0812 10.761 11.5049 12.3284 13.2534 14.3129 15.5607 
-0.212356 0.00169486 0.220237 0.443486 0.671676 0.905057 1.1439 1.3885 1.63918 1.89629 2.1602 2.43134 2.71015 2.99715 3.29289 3.59798 3.91313 4.23909 4.57674 4.92705 5.29114 5.67029 6.06595 6.47984 6.91393 7.37057 7.85258 8.36331 8.90693 9.48855 10.1147 10.7938 11.537 12.3597 13.2837 14.3423 15.5889 
-0.212356 0.00169486 0.220237 0.443486 0.671676 0.905057 1.1439 1.3885 1.63918 1.89629 2.1602 2.43134 2.71015 2.99715 3.29289 3.59798 3.91313 4.23909 4.57674 4.92705 5.29114 5.67029 6.06595 6.47984 6.91393 7.37057 7.85258 8.36331 8.90693 9.48855 10.1147 10.7938 11.537 12.3597 13.2837 14.3423 15.5889 
-0.22105 -0.00695855 0.211626 0.434919 0.663153 0.89658 1.13547 1.38012 1.63085 1.88801 2.15197 2.42316 2.70203 2.98908 3.28488 3.59003 3.90524 4.23126 4.56898 4.91936 5.28352 5.66274 6.05848 6.47245 6.90662 7.36336 7.84546 8.35629 8.90001 9.48175 10.108 10.7872 11.5306 12.3534 13.2777 14.3364 15.5832 
-0.22105 -0.00695855 0.211626 0.434919 0.663153 0.89658 1.13547 1.38012 1.63085 1.88801 2.15197 2.42316 2.70203 2.98908 3.28488 3.59003 3.90524 4.23126 4.56898 4.91936 5.28352 5.66274 6.05848 6.47245 6.90662 7.36336 7.84546 8.35629 8.90001 9.48175 10.108 10.7872 11.5306 12.3534 13.2777 14.3364 15.5832 
-0.22105 -0.00695855 0.211626 0.434919 0.663153 0.89658 1.13547 1.38012 1.63085 1.88801 2.15197 2.42316 2.70203 2.98908 3.28488 3.59003 3.90524 4.23126 4.56898 4.91936 5.28352 5.66274 6.05848 6.47245 6.90662 7.36336 7.84546 8.35629 8.90001 9.48175 10.108 10.7872 11.5306 12.3534 13.2777 14.3364 15.5832 
-0.22105 -0.00695855 0.211626 0.434919 0.663153 0.89658 1.13547 1.38012 1.63085 1.88801 2.15197 2.42316 2.70203 2.98908 3.28488 3.59003 3.90524 4.23126 4.56898 4.91936 5.28352 5.66274 6.05848 6.47245 6.90662 7.36336 7.84546 8.35629 8.90001 9.48175 10.108 10.7872 11.5306 12.3534 13.2777 14.3364 15.5832 
-0.212356 0.00169486 0.220237 0.443486 0.671676 0.905057 1.1439 1.3885 1.63918 1.89629 2.1602 2.43134 2.71015 2.99715 3.29289 3.59798 3.91313 4.23909 4.57674 4.92705 5.29114 5.67029 6.06595 6.47984 6.91393 7.37057 7.85258 8.36331 8.90693 9.48855 10.1147 10.7938 11.537 12.3597 13.2837 14.3423 15.5889 
-0.186331 0.0275945 0.246008 0.469127 0.697183 0.930429 1.16913 1.41359 1.66413 1.92108 2.18484 2.45582 2.73447 3.0213 3.31686 3.62178 3.93674 4.26251 4.59996 4.95007 5.31395 5.69288 6.08831 6.50195 6.93579 7.39217 7.87389 8.38433 8.92762 9.5089 10.1347 10.8134 11.5561 12.3783 13.3019 14.3598 15.6056 
-0.177678 0.0362055 0.254577 0.477652 0.705665 0.938864 1.17752 1.42194 1.67242 1.92933 2.19303 2.46396 2.74255 3.02933 3.32483 3.62969 3.94459 4.2703 4.60769 4.95773 5.32154 5.70039 6.09574 6.5093 6.94306 7.39935 7.88098 8.39132 8.9345 9.51567 10.1413 10.8199 11.5625 12.3845 13.3079 14.3656 15.6112 
-0.177678 0.0362055 0.254577 0.477652 0.705665 0.938864 1.17752 1.42194 1.67242 1.92933 2.19303 2.46396 2.74255 3.02933 3.32483 3.62969 3.94459 4.2703 4.60769 4.95773 5.32154 5.70039 6.09574 6.5093 6.94306 7.39935 7.88098 8.39132 8.9345 9.51567 10.1413 10.8199 11.5625 12.3845 13.3079 14.3656 15.6112 
-0.160402 0.0533985 0.271685 0.494674 0.722598 0.955707 1.19427 1.43859 1.68898 1.94578 2.20939 2.48021 2.7587 3.04536 3.34075 3.64549 3.96027 4.28585 4.62311 4.97301 5.33668 5.71538 6.11058 6.52398 6.95757 7.41368 7.89512 8.40527 8.94824 9.52919 10.1546 10.8329 11.5752 12.3969 13.32 14.3773 15.6224 
-0.15178 0.0619789 0.280224 0.503169 0.731048 0.964112 1.20263 1.4469 1.69724 1.954 2.21755 2.48832 2.76675 3.05336 3.34869 3.65338 3.96809 4.29361 4.6308 4.98064 5.34423 5.72286 6.11799 6.53131 6.96481 7.42084 7.90218 8.41223 8.9551 9.53593 10.1612 10.8394 11.5816 12.4031 13.326 14.3831 15.6279 
-0.143168 0.0705491 0.288751 0.511654 0.739489 0.972508 1.21098 1.4552 1.7055 1.9622 2.2257 2.49642 2.7748 3.06135 3.35663 3.66125 3.97591 4.30136 4.63849 4.98826 5.35178 5.73034 6.12539 6.53863 6.97205 7.42798 7.90924 8.41918 8.96195 9.54267 10.1678 10.8459 11.5879 12.4093 13.332 14.3889 15.6335 
-0.117396 0.0961972 0.314273 0.537046 0.76475 0.997634 1.23597 1.48005 1.7302 1.98676 2.2501 2.52066 2.79888 3.08527 3.38037 3.68482 3.99929 4.32456 4.66149 5.01105 5.37437 5.75271 6.14753 6.56053 6.99369 7.44937 7.93034 8.43999 8.98244 9.56283 10.1876 10.8653 11.6069 12.4278 13.3499 14.4062 15.6501 
-0.117396 0.0961972 0.314273 0.537046 0.76475 0.997634 1.23597 1.48005 1.7302 1.98676 2.2501 2.52066 2.79888 3.08527 3.38037 3.68482 3.99929 4.32456 4.66149 5.01105 5.37437 5.75271 6.14753 6.56053 6.99369 7.44937 7.93034 8.43999 8.98244 9.56283 10.1876 10.8653 11.6069 12.4278 13.3499 14.4062 15.6501 
-0.117396 0.0961972 0.314273 0.537046 0.76475 0.997634 1.23597 1.48005 1.7302 1.98676 2.2501 2.52066 2.79888 3.08527 3.38037 3.68482 3.99929 4.32456 4.66149 5.01105 5.37437 5.75271 6.14753 6.56053 6.99369 7.44937 7.93034 8.43999 8.98244 9.56283 10.1876 10.8653 11.6069 12.4278 13.3499 14.4062 15.6501 
-0.326236 -0.111639 0.107462 0.331282 0.560055 0.794033 1.03349 1.27872 1.53004 1.7878 2.05239 2.32422 2.60374 2.89147 3.18797 3.49384 3.80979 4.13659 4.4751 4.82631 5.19133 5.57145 5.96812 6.38306 6.81826 7.27608 7.75931 8.27136 8.81636 9.39947 10.0272 10.708 11.4531 12.2779 13.2044 14.2656 15.5154 
-0.28222 -0.0678341 0.15105 0.37465 0.603197 0.836945 1.07616 1.32115 1.57222 1.82973 2.09406 2.36562 2.64487 2.93232 3.22852 3.53409 3.84973 4.17621 4.51438 4.86525 5.22991 5.60965 6.00594 6.42047 6.85524 7.3126 7.79536 8.3069 8.85136 9.4339 10.061 10.7412 11.4855 12.3095 13.235 14.2953 15.5438 
-0.26469 -0.0503878 0.16841 0.391922 0.62038 0.854036 1.09316 1.33805 1.58903 1.84643 2.11066 2.38211 2.66125 2.94858 3.24467 3.55012 3.86564 4.19198 4.53003 4.88075 5.24528 5.62487 6.02099 6.43536 6.86997 7.32715 7.80972 8.32106 8.8653 9.44761 10.0745 10.7544 11.4984 12.3221 13.2473 14.3071 15.5551 
-0.273449 -0.0591056 0.159736 0.383291 0.611794 0.845496 1.08467 1.32961 1.58063 1.83809 2.10236 2.37387 2.65307 2.94046 3.2366 3.54211 3.85769 4.1841 4.52221 4.87301 5.2376 5.61726 6.01347 6.42792 6.86261 7.31988 7.80254 8.31398 8.85834 9.44076 10.0678 10.7478 11.492 12.3158 13.2412 14.3012 15.5494 
-0.28222 -0.0678341 0.15105 0.37465 0.603197 0.836945 1.07616 1.32115 1.57222 1.82973 2.09406 2.36562 2.64487 2.93232 3.22852 3.53409 3.84973 4.17621 4.51438 4.86525 5.22991 5.60965 6.00594 6.42047 6.85524 7.3126 7.79536 8.3069 8.85136 9.4339 10.061 10.7412 11.4855 12.3095 13.235 14.2953 15.5438 
-0.273449 -0.0591056 0.159736 0.383291 0.611794 0.845496 1.08467 1.32961 1.58063 1.83809 2.10236 2.37387 2.65307 2.94046 3.2366 3.54211 3.85769 4.1841 4.52221 4.87301 5.2376 5.61726 6.01347 6.42792 6.86261 7.31988 7.80254 8.31398 8.85834 9.44076 10.0678 10.7478 11.492 12.3158 13.2412 14.3012 15.5494 
-0.238475 -0.024299 0.194371 0.417751 0.646075 0.879593 1.11858 1.36332 1.61415 1.87141 2.13548 2.40677 2.68575 2.97291 3.26882 3.5741 3.88943 4.21558 4.55343 4.90395 5.26825 5.64762 6.04352 6.45764 6.89199 7.3489 7.83119 8.34222 8.88615 9.46812 10.0946 10.7741 11.5177 12.3409 13.2655 14.3247 15.572 
-0.229757 -0.0156234 0.203003 0.42634 0.654619 0.888092 1.12703 1.37173 1.62251 1.87971 2.14373 2.41497 2.69389 2.981 3.27685 3.58207 3.89734 4.22343 4.56121 4.91166 5.27589 5.65518 6.051 6.46505 6.89931 7.35613 7.83833 8.34926 8.89309 9.47493 10.1013 10.7807 11.5242 12.3472 13.2716 14.3306 15.5776 
-0.194995 0.0189714 0.237428 0.46059 0.688691 0.921981 1.16073 1.40524 1.65582 1.91283 2.17664 2.44767 2.72637 3.01326 3.30888 3.61386 3.92888 4.25471 4.59223 4.94241 5.30636 5.68536 6.08087 6.49459 6.92851 7.38498 7.86679 8.37733 8.92073 9.50213 10.128 10.8068 11.5498 12.3721 13.2958 14.354 15.6001 
-0.212356 0.00169486 0.220237 0.443486 0.671676 0.905057 1.1439 1.3885 1.63918 1.89629 2.1602 2.43134 2.71015 2.99715 3.29289 3.59798 3.91313 4.23909 4.57674 4.92705 5.29114 5.67029 6.06595 6.47984 6.91393 7.37057 7.85258 8.36331 8.90693 9.48855 10.1147 10.7938 11.537 12.3597 13.2837 14.3423 15.5889 
-0.22105 -0.00695855 0.211626 0.434919 0.663153 0.89658 1.13547 1.38012 1.63085 1.88801 2.15197 2.42316 2.70203 2.98908 3.28488 3.59003 3.90524 4.23126 4.56898 4.91936 5.28352 5.66274 6.05848 6.47245 6.90662 7.36336 7.84546 8.35629 8.90001 9.48175 10.108 10.7872 11.5306 12.3534 13.2777 14.3364 15.5832 
-0.229757 -0.0156234 0.203003 0.42634 0.654619 0.888092 1.12703 1.37173 1.62251 1.87971 2.14373 2.41497 2.69389 2.981 3.27685 3.58207 3.89734 4.22343 4.56121 4.91166 5.27589 5.65518 6.051 6.46505 6.89931 7.35613 7.83833 8.34926 8.89309 9.47493 10.1013 10.7807 11.5242 12.3472 13.2716 14.3306 15.5776 
-0.247201 -0.0329835 0.185729 0.409152 0.637521 0.871085 1.11012 1.35491 1.60579 1.86309 2.12721 2.39856 2.67759 2.96481 3.26078 3.56612 3.88151 4.20773 4.54564 4.89623 5.2606 5.64004 6.03602 6.45022 6.88466 7.34166 7.82404 8.33518 8.87921 9.46129 10.0879 10.7675 11.5113 12.3346 13.2595 14.3188 15.5664 
-0.238475 -0.024299 0.194371 0.417751 0.646075 0.879593 1.11858 1.36332 1.61415 1.87141 2.13548 2.40677 2.68575 2.97291 3.26882 3.5741 3.88943 4.21558 4.55343 4.90395 5.26825 5.64762 6.04352 6.45764 6.89199 7.3489 7.83119 8.34222 8.88615 9.46812 10.0946 10.7741 11.5177 12.3409 13.2655 14.3247 15.572 
-0.255941 -0.0416808 0.177075 0.400542 0.628955 0.862565 1.10164 1.34649 1.59741 1.85477 2.11894 2.39034 2.66943 2.9567 3.25273 3.55813 3.87358 4.19986 4.53784 4.88849 5.25294 5.63246 6.02851 6.4428 6.87732 7.33441 7.81688 8.32812 8.87226 9.45445 10.0812 10.761 11.5049 12.3284 13.2534 14.3129 15.5607 
-0.28222 -0.0678341 0.15105 0.37465 0.603197 0.836945 1.07616 1.32115 1.57222 1.82973 2.09406 2.36562 2.64487 2.93232 3.22852 3.53409 3.84973 4.17621 4.51438 4.86525 5.22991 5.60965 6.00594 6.42047 6.85524 7.3126 7.79536 8.3069 8.85136 9.4339 10.061 10.7412 11.4855 12.3095 13.235 14.2953 15.5438 
-0.28222 -0.0678341 0.15105 0.37465 0.603197 0.836945 1.07616 1.32115 1.57222 1.82973 2.09406 2.36562 2.64487 2.93232 3.22852 3.53409 3.84973 4.17621 4.51438 4.86525 5.22991 5.60965 6.00594 6.42047 6.85524 7.3126 7.79536 8.3069 8.85136 9.4339 10.061 10.7412 11.4855 12.3095 13.235 14.2953 15.5438 
-0.26469 -0.0503878 0.16841 0.391922 0.62038 0.854036 1.09316 1.33805 1.58903 1.84643 2.11066 2.38211 2.66125 2.94858 3.24467 3.55012 3.86564 4.19198 4.53003 4.88075 5.24528 5.62487 6.02099 6.43536 6.86997 7.32715 7.80972 8.32106 8.8653 9.44761 10.0745 10.7544 11.4984 12.3221 13.2473 14.3071 15.5551 
-0.273449 -0.0591056 0.159736 0.383291 0.611794 0.845496 1.08467 1.32961 1.58063 1.83809 2.10236 2.37387 2.65307 2.94046 3.2366 3.54211 3.85769 4.1841 4.52221 4.87301 5.2376 5.61726 6.01347 6.42792 6.86261 7.31988 7.80254 8.31398 8.85834 9.44076 10.0678 10.7478 11.492 12.3158 13.2412 14.3012 15.5494 
-0.26469 -0.0503878 0.16841 0.391922 0.62038 0.854036 1.09316 1.33805 1.58903 1.84643 2.11066 2.38211 2.66125 2.94858 3.24467 3.55012 3.86564 4.19198 4.53003 4.88075 5.24528 5.62487 6.02099 6.43536 6.86997 7.32715 7.80972 8.32106 8.8653 9.44761 10.0745 10.7544 11.4984 12.3221 13.2473 14.3071 15.5551 
-0.22105 -0.00695855 0.211626 0.434919 0.663153 0.89658 1.13547 1.38012 1.63085 1.88801 2.15197 2.42316 2.70203 2.98908 3.28488 3.59003 3.90524 4.23126 4.56898 4.91936 5.28352 5.66274 6.05848 6.47245 6.90662 7.36336 7.84546 8.35629 8.90001 9.48175 10.108 10.7872 11.5306 12.3534 13.2777 14.3364 15.5832 
-0.22105 -0.00695855 0.211626 0.434919 0.663153 0.89658 1.13547 1.38012 1.63085 1.88801 2.15197 2.42316 2.70203 2.98908 3.28488 3.59003 3.90524 4.23126 4.56898 4.91936 5.28352 5.66274 6.05848 6.47245 6.90662 7.36336 7.84546 8.35629 8.90001 9.48175 10.108 10.7872 11.5306 12.3534 13.2777 14.3364 15.5832 
-0.22105 -0.00695855 0.211626 0.434919 0.663153 0.89658 1.13547 1.38012 1.63085 1.88801 2.15197 2.42316 2.70203 2.98908 3.28488 3.59003 3.90524 4.23126 4.56898 4.91936 5.28352 5.66274 6.05848 6.47245 6.90662 7.36336 7.84546 8.35629 8.90001 9.48175 10.108 10.7872 11.5306 12.3534 13.2777 14.3364 15.5832 
-0.22105 -0.00695855 0.211626 0.434919 0.663153 0.89658 1.13547 1.38012 1.63085 1.88801 2.15197 2.42316 2.70203 2.98908 3.28488 3.59003 3.90524 4.23126 4.56898 4.91936 5.28352 5.66274 6.05848 6.47245 6.90662 7.36336 7.84546 8.35629 8.90001 9.48175 10.108 10.7872 11.5306 12.3534 13.2777 14.3364 15.5832 
-0.22105 -0.00695855 0.211626 0.434919 0.663153 0.89658 1.13547 1.38012 1.63085 1.88801 2.15197 2.42316 2.70203 2.98908 3.28488 3.59003 3.90524 4.23126 4.56898 4.91936 5.28352 5.66274 6.05848 6.47245 6.90662 7.36336 7.84546 8.35629 8.90001 9.48175 10.108 10.7872 11.5306 12.3534 13.2777 14.3364 15.5832 
-0.212356 0.00169486 0.220237 0.443486 0.671676 0.905057 1.1439 1.3885 1.63918 1.89629 2.1602 2.43134 2.71015 2.99715 3.29289 3.59798 3.91313 4.23909 4.57674 4.92705 5.29114 5.67029 6.06595 6.47984 6.91393 7.37057 7.85258 8.36331 8.90693 9.48855 10.1147 10.7938 11.537 12.3597 13.2837 14.3423 15.5889 
-0.194995 0.0189714 0.237428 0.46059 0.688691 0.921981 1.16073 1.40524 1.65582 1.91283 2.17664 2.44767 2.72637 3.01326 3.30888 3.61386 3.92888 4.25471 4.59223 4.94241 5.30636 5.68536 6.08087 6.49459 6.92851 7.38498 7.86679 8.37733 8.92073 9.50213 10.128 10.8068 11.5498 12.3721 13.2958 14.354 15.6001 
-0.186331 0.0275945 0.246008 0.469127 0.697183 0.930429 1.16913 1.41359 1.66413 1.92108 2.18484 2.45582 2.73447 3.0213 3.31686 3.62178 3.93674 4.26251 4.59996 4.95007 5.31395 5.69288 6.08831 6.50195 6.93579 7.39217 7.87389 8.38433 8.92762 9.5089 10.1347 10.8134 11.5561 12.3783 13.3019 14.3598 15.6056 
-0.194995 0.0189714 0.237428 0.46059 0.688691 0.921981 1.16073 1.40524 1.65582 1.91283 2.17664 2.44767 2.72637 3.01326 3.30888 3.61386 3.92888 4.25471 4.59223 4.94241 5.30636 5.68536 6.08087 6.49459 6.92851 7.38498 7.86679 8.37733 8.92073 9.50213 10.128 10.8068 11.5498 12.3721 13.2958 14.354 15.6001 
-0.177678 0.0362055 0.254577 0.477652 0.705665 0.938864 1.17752 1.42194 1.67242 1.92933 2.19303 2.46396 2.74255 3.02933 3.32483 3.62969 3.94459 4.2703 4.60769 4.95773 5.32154 5.70039 6.09574 6.5093 6.94306 7.39935 7.88098 8.39132 8.9345 9.51567 10.1413 10.8199 11.5625 12.3845 13.3079 14.3656 15.6112 
-0.160402 0.0533985 0.271685 0.494674 0.722598 0.955707 1.19427 1.43859 1.68898 1.94578 2.20939 2.48021 2.7587 3.04536 3.34075 3.64549 3.96027 4.28585 4.62311 4.97301 5.33668 5.71538 6.11058 6.52398 6.95757 7.41368 7.89512 8.40527 8.94824 9.52919 10.1546 10.8329 11.5752 12.3969 13.32 14.3773 15.6224 
-0.15178 0.0619789 0.280224 0.503169 0.731048 0.964112 1.20263 1.4469 1.69724 1.954 2.21755 2.48832 2.76675 3.05336 3.34869 3.65338 3.96809 4.29361 4.6308 4.98064 5.34423 5.72286 6.11799 6.53131 6.96481 7.42084 7.90218 8.41223 8.9551 9.53593 10.1612 10.8394 11.5816 12.4031 13.326 14.3831 15.6279 
-0.134568 0.0791087 0.297269 0.520128 0.747919 0.980894 1.21932 1.4635 1.71374 1.9704 2.23385 2.50451 2.78284 3.06933 3.36455 3.66912 3.98371 4.3091 4.64616 4.99586 5.35932 5.7378 6.13278 6.54594 6.97927 7.43512 7.91628 8.42613 8.96879 9.54939 10.1744 10.8523 11.5942 12.4155 13.338 14.3947 15.6391 
-0.117396 0.0961972 0.314273 0.537046 0.76475 0.997634 1.23597 1.48005 1.7302 1.98676 2.2501 2.52066 2.79888 3.08527 3.38037 3.68482 3.99929 4.32456 4.66149 5.01105 5.37437 5.75271 6.14753 6.56053 6.99369 7.44937 7.93034 8.43999 8.98244 9.56283 10.1876 10.8653 11.6069 12.4278 13.3499 14.4062 15.6501 
-0.125977 0.0876586 0.305776 0.528593 0.756339 0.989268 1.22765 1.47178 1.72197 1.97858 2.24198 2.51259 2.79086 3.0773 3.37247 3.67697 3.99151 4.31684 4.65383 5.00346 5.36685 5.74526 6.14016 6.55324 6.98649 7.44225 7.92332 8.43306 8.97562 9.55611 10.181 10.8588 11.6006 12.4217 13.344 14.4004 15.6446 
-0.125977 0.0876586 0.305776 0.528593 0.756339 0.989268 1.22765 1.47178 1.72197 1.97858 2.24198 2.51259 2.79086 3.0773 3.37247 3.67697 3.99151 4.31684 4.65383 5.00346 5.36685 5.74526 6.14016 6.55324 6.98649 7.44225 7.92332 8.43306 8.97562 9.55611 10.181 10.8588 11.6006 12.4217 13.344 14.4004 15.6446 
-0.177678 0.0362055 0.254577 0.477652 0.705665 0.938864 1.17752 1.42194 1.67242 1.92933 2.19303 2.46396 2.74255 3.02933 3.32483 3.62969 3.94459 4.2703 4.60769 4.95773 5.32154 5.70039 6.09574 6.5093 6.94306 7.39935 7.88098 8.39132 8.9345 9.51567 10.1413 10.8199 11.5625 12.3845 13.3079 14.3656 15.6112 
-0.160402 0.0533985 0.271685 0.494674 0.722598 0.955707 1.19427 1.43859 1.68898 1.94578 2.20939 2.48021 2.7587 3.04536 3.34075 3.64549 3.96027 4.28585 4.62311 4.97301 5.33668 5.71538 6.11058 6.52398 6.95757 7.41368 7.89512 8.40527 8.94824 9.52919 10.1546 10.8329 11.5752 12.3969 13.32 14.3773 15.6224 
-0.134568 0.0791087 0.297269 0.520128 0.747919 0.980894 1.21932 1.4635 1.71374 1.9704 2.23385 2.50451 2.78284 3.06933 3.36455 3.66912 3.98371 4.3091 4.64616 4.99586 5.35932 5.7378 6.13278 6.54594 6.97927 7.43512 7.91628 8.42613 8.96879 9.54939 10.1744 10.8523 11.5942 12.4155 13.338 14.3947 15.6391 
-0.15178 0.0619789 0.280224 0.503169 0.731048 0.964112 1.20263 1.4469 1.69724 1.954 2.21755 2.48832 2.76675 3.05336 3.34869 3.65338 3.96809 4.29361 4.6308 4.98064 5.34423 5.72286 6.11799 6.53131 6.96481 7.42084 7.90218 8.41223 8.9551 9.53593 10.1612 10.8394 11.5816 12.4031 13.326 14.3831 15.6279 
-0.134568 0.0791087 0.297269 0.520128 0.747919 0.980894 1.21932 1.4635 1.71374 1.9704 2.23385 2.50451 2.78284 3.06933 3.36455 3.66912 3.98371 4.3091 4.64616 4.99586 5.35932 5.7378 6.13278 6.54594 6.97927 7.43512 7.91628 8.42613 8.96879 9.54939 10.1744 10.8523 11.5942 12.4155 13.338 14.3947 15.6391 
-0.117396 0.0961972 0.314273 0.537046 0.76475 0.997634 1.23597 1.48005 1.7302 1.98676 2.2501 2.52066 2.79888 3.08527 3.38037 3.68482 3.99929 4.32456 4.66149 5.01105 5.37437 5.75271 6.14753 6.56053 6.99369 7.44937 7.93034 8.43999 8.98244 9.56283 10.1876 10.8653 11.6069 12.4278 13.3499 14.4062 15.6501 
-0.108826 0.104726 0.32276 0.54549 0.773149 1.00599 1.24428 1.48831 1.73841 1.99492 2.25822 2.52872 2.80689 3.09322 3.38827 3.69266 4.00707 4.33227 4.66914 5.01863 5.38188 5.76015 6.15489 6.56781 7.00089 7.45648 7.93736 8.44691 8.98926 9.56953 10.1942 10.8717 11.6132 12.434 13.3559 14.412 15.6557 
-0.117396 0.0961972 0.314273 0.537046 0.76475 0.997634 1.23597 1.48005 1.7302 1.98676 2.2501 2.52066 2.79888 3.08527 3.38037 3.68482 3.99929 4.32456 4.66149 5.01105 5.37437 5.75271 6.14753 6.56053 6.99369 7.44937 7.93034 8.43999 8.98244 9.56283 10.1876 10.8653 11.6069 12.4278 13.3499 14.4062 15.6501 
